{"type":"FeatureCollection","name":"tsunami","crs":{"type":"name","properties":{"name":"urn:ogc:def:crs:OGC:1.3:CRS84"}},"features":[{"type":"Feature","properties":{"A40_001":"大分県","A40_002":"44","A40_003":"0.3m未満"},"geometry":{"type":"Polygon","coordinates":[[[131.29975,33.56421],[131.29964,33.56376],[131.29964,33.56421],[131.29975,33.56421]]]}},{"type":"Feature","properties":{"A40_001":"大分県","A40_002":"44","A40_003":"2m以上 〜 3m未満"},"geometry":{"type":"Polygon","coordinates":[[[131.29964,33.56412],[131.29953,33.56403],[131.29953,33.56412],[131.29964,33.56412]]]}},{"type":"Feature","properties":{"A40_001":"大分県","A40_002":"44","A40_003":"0.3m以上 〜 1m未満"},"geometry":{"type":"Polygon","coordinates":[[[131.29964,33.56421],[131.29953,33.56412],[131.29953,33.56421],[131.29964,33.56421]]]}},{"type":"Feature","properties":{"A40_001":"大分県","A40_002":"44","A40_003":"0.3m未満"},"geometry":{"type":"Polygon","coordinates":[[[131.29964,33.5643],[131.29953,33.56421],[131.29953,33.5643],[131.29964,33.5643]]]}},{"type":"Feature","properties":{"A40_001":"大分県","A40_002":"44","A40_003":"0.3m以上 〜 1m未満"},"geometry":{"type":"Polygon","coordinates":[[[131.29953,33.56448],[131.29942,33.56421],[131.29943,33.56448],[131.29953,33.56448]]]}},{"type":"Feature","properties":{"A40_001":"大分県","A40_002":"44","A40_003":"1m以上 〜 2m未満"},"geometry":{"type":"Polygon","coordinates":[[[131.29964,33.56448],[131.29953,33.5643],[131.29953,33.56448],[131.29964,33.56448]]]}},{"type":"Feature","properties":{"A40_001":"大分県","A40_002":"44","A40_003":"1m以上 〜 2m未満"},"geometry":{"type":"Polygon","coordinates":[[[131.29943,33.56457],[131.29932,33.5643],[131.29932,33.56457],[131.29943,33.56457]]]}},{"type":"Feature","properties":{"A40_001":"大分県","A40_002":"44","A40_003":"0.3m以上 〜 1m未満"},"geometry":{"type":"Polygon","coordinates":[[[131.29932,33.56457],[131.29921,33.56448],[131.29921,33.56457],[131.29932,33.56457]]]}},{"type":"Feature","properties":{"A40_001":"大分県","A40_002":"44","A40_003":"3m以上 〜 4m未満"},"geometry":{"type":"Polygon","coordinates":[[[131.29899,33.56457],[131.29889,33.56448],[131.29889,33.56457],[131.29899,33.56457]]]}},{"type":"Feature","properties":{"A40_001":"大分県","A40_002":"44","A40_003":"0.3m未満"},"geometry":{"type":"Polygon","coordinates":[[[131.29921,33.56475],[131.29899,33.56448],[131.2991,33.56475],[131.29921,33.56475]]]}},{"type":"Feature","properties":{"A40_001":"大分県","A40_002":"44","A40_003":"0.3m未満"},"geometry":{"type":"Polygon","coordinates":[[[131.29943,33.56466],[131.29932,33.56457],[131.29932,33.56466],[131.29943,33.56466]]]}},{"type":"Feature","properties":{"A40_001":"大分県","A40_002":"44","A40_003":"2m以上 〜 3m未満"},"geometry":{"type":"Polygon","coordinates":[[[131.29932,33.56466],[131.29921,33.56457],[131.29921,33.56466],[131.29932,33.56466]]]}},{"type":"Feature","properties":{"A40_001":"大分県","A40_002":"44","A40_003":"3m以上 〜 4m未満"},"geometry":{"type":"Polygon","coordinates":[[[131.2991,33.56466],[131.29899,33.56457],[131.299,33.56466],[131.2991,33.56466]]]}},{"type":"Feature","properties":{"A40_001":"大分県","A40_002":"44","A40_003":"2m以上 〜 3m未満"},"geometry":{"type":"Polygon","coordinates":[[[131.29889,33.56466],[131.29878,33.56457],[131.29878,33.56466],[131.29889,33.56466]]]}},{"type":"Feature","properties":{"A40_001":"大分県","A40_002":"44","A40_003":"3m以上 〜 4m未満"},"geometry":{"type":"Polygon","coordinates":[[[131.29889,33.56484],[131.29878,33.56466],[131.29878,33.56484],[131.29889,33.56484]]]}},{"type":"Feature","properties":{"A40_001":"大分県","A40_002":"44","A40_003":"0.3m以上 〜 1m未満"},"geometry":{"type":"Polygon","coordinates":[[[131.29889,33.56457],[131.29889,33.56502],[131.2991,33.56466],[131.29889,33.56457]]]}},{"type":"Feature","properties":{"A40_001":"大分県","A40_002":"44","A40_003":"3m以上 〜 4m未満"},"geometry":{"type":"Polygon","coordinates":[[[131.29878,33.56502],[131.29867,33.56484],[131.29867,33.56502],[131.29878,33.56502]]]}},{"type":"Feature","properties":{"A40_001":"大分県","A40_002":"44","A40_003":"2m以上 〜 3m未満"},"geometry":{"type":"Polygon","coordinates":[[[131.299,33.56529],[131.29889,33.56511],[131.29889,33.56529],[131.299,33.56529]]]}},{"type":"Feature","properties":{"A40_001":"大分県","A40_002":"44","A40_003":"1m以上 〜 2m未満"},"geometry":{"type":"Polygon","coordinates":[[[131.29889,33.56529],[131.29878,33.5652],[131.29878,33.56529],[131.29889,33.56529]]]}},{"type":"Feature","properties":{"A40_001":"大分県","A40_002":"44","A40_003":"0.3m以上 〜 1m未満"},"geometry":{"type":"Polygon","coordinates":[[[131.29889,33.56538],[131.29878,33.56529],[131.29878,33.56538],[131.29889,33.56538]]]}},{"type":"Feature","properties":{"A40_001":"大分県","A40_002":"44","A40_003":"1m以上 〜 2m未満"},"geometry":{"type":"Polygon","coordinates":[[[131.29878,33.56538],[131.29867,33.56529],[131.29867,33.56538],[131.29878,33.56538]]]}},{"type":"Feature","properties":{"A40_001":"大分県","A40_002":"44","A40_003":"3m以上 〜 4m未満"},"geometry":{"type":"Polygon","coordinates":[[[131.29878,33.56547],[131.29867,33.56538],[131.29867,33.56547],[131.29878,33.56547]]]}},{"type":"Feature","properties":{"A40_001":"大分県","A40_002":"44","A40_003":"0.3m未満"},"geometry":{"type":"Polygon","coordinates":[[[131.29878,33.56565],[131.29868,33.56556],[131.29868,33.56565],[131.29878,33.56565]]]}},{"type":"Feature","properties":{"A40_001":"大分県","A40_002":"44","A40_003":"3m以上 〜 4m未満"},"geometry":{"type":"Polygon","coordinates":[[[131.29868,33.56574],[131.29857,33.56565],[131.29857,33.56574],[131.29868,33.56574]]]}},{"type":"Feature","properties":{"A40_001":"大分県","A40_002":"44","A40_003":"3m以上 〜 4m未満"},"geometry":{"type":"Polygon","coordinates":[[[131.29846,33.56574],[131.29835,33.56565],[131.29835,33.56574],[131.29846,33.56574]]]}},{"type":"Feature","properties":{"A40_001":"大分県","A40_002":"44","A40_003":"0.3m以上 〜 1m未満"},"geometry":{"type":"Polygon","coordinates":[[[131.29868,33.56583],[131.29857,33.56574],[131.29857,33.56583],[131.29868,33.56583]]]}},{"type":"Feature","properties":{"A40_001":"大分県","A40_002":"44","A40_003":"2m以上 〜 3m未満"},"geometry":{"type":"Polygon","coordinates":[[[131.29835,33.56583],[131.29825,33.56574],[131.29825,33.56583],[131.29835,33.56583]]]}},{"type":"Feature","properties":{"A40_001":"大分県","A40_002":"44","A40_003":"3m以上 〜 4m未満"},"geometry":{"type":"Polygon","coordinates":[[[131.29835,33.56592],[131.29825,33.56583],[131.29825,33.56592],[131.29835,33.56592]]]}},{"type":"Feature","properties":{"A40_001":"大分県","A40_002":"44","A40_003":"3m以上 〜 4m未満"},"geometry":{"type":"Polygon","coordinates":[[[131.29825,33.56611],[131.29814,33.56592],[131.29814,33.56611],[131.29825,33.56611]]]}},{"type":"Feature","properties":{"A40_001":"大分県","A40_002":"44","A40_003":"0.3m未満"},"geometry":{"type":"Polygon","coordinates":[[[131.29889,33.56592],[131.29857,33.56592],[131.29846,33.56619],[131.29868,33.56619],[131.29889,33.56592]]]}},{"type":"Feature","properties":{"A40_001":"大分県","A40_002":"44","A40_003":"0.3m以上 〜 1m未満"},"geometry":{"type":"Polygon","coordinates":[[[131.29857,33.5661],[131.29846,33.56601],[131.29846,33.5661],[131.29857,33.5661]]]}},{"type":"Feature","properties":{"A40_001":"大分県","A40_002":"44","A40_003":"1m以上 〜 2m未満"},"geometry":{"type":"Polygon","coordinates":[[[131.29867,33.56538],[131.29792,33.56647],[131.29793,33.56683],[131.29846,33.56628],[131.29867,33.56538]]]}},{"type":"Feature","properties":{"A40_001":"大分県","A40_002":"44","A40_003":"0.3m未満"},"geometry":{"type":"Polygon","coordinates":[[[131.29814,33.5662],[131.29803,33.56611],[131.29803,33.5662],[131.29814,33.5662]]]}},{"type":"Feature","properties":{"A40_001":"大分県","A40_002":"44","A40_003":"0.3m以上 〜 1m未満"},"geometry":{"type":"Polygon","coordinates":[[[131.29857,33.56628],[131.29846,33.56619],[131.29846,33.56628],[131.29857,33.56628]]]}},{"type":"Feature","properties":{"A40_001":"大分県","A40_002":"44","A40_003":"0.3m以上 〜 1m未満"},"geometry":{"type":"Polygon","coordinates":[[[131.29814,33.56629],[131.29803,33.5662],[131.29803,33.56629],[131.29814,33.56629]]]}},{"type":"Feature","properties":{"A40_001":"大分県","A40_002":"44","A40_003":"0.3m未満"},"geometry":{"type":"Polygon","coordinates":[[[131.29857,33.56637],[131.29835,33.56629],[131.29835,33.56638],[131.29857,33.56637]]]}},{"type":"Feature","properties":{"A40_001":"大分県","A40_002":"44","A40_003":"0.3m未満"},"geometry":{"type":"Polygon","coordinates":[[[131.29803,33.56638],[131.29792,33.56629],[131.29792,33.56638],[131.29803,33.56638]]]}},{"type":"Feature","properties":{"A40_001":"大分県","A40_002":"44","A40_003":"0.3m以上 〜 1m未満"},"geometry":{"type":"Polygon","coordinates":[[[131.29803,33.56647],[131.29792,33.56638],[131.29792,33.56647],[131.29803,33.56647]]]}},{"type":"Feature","properties":{"A40_001":"大分県","A40_002":"44","A40_003":"0.3m以上 〜 1m未満"},"geometry":{"type":"Polygon","coordinates":[[[131.29846,33.56656],[131.29835,33.56638],[131.29836,33.56656],[131.29846,33.56656]]]}},{"type":"Feature","properties":{"A40_001":"大分県","A40_002":"44","A40_003":"3m以上 〜 4m未満"},"geometry":{"type":"Polygon","coordinates":[[[131.29825,33.56665],[131.29814,33.56656],[131.29814,33.56665],[131.29825,33.56665]]]}},{"type":"Feature","properties":{"A40_001":"大分県","A40_002":"44","A40_003":"0.3m未満"},"geometry":{"type":"Polygon","coordinates":[[[131.29846,33.56665],[131.29814,33.56665],[131.29814,33.56683],[131.29846,33.56665]]]}},{"type":"Feature","properties":{"A40_001":"大分県","A40_002":"44","A40_003":"0.3m以上 〜 1m未満"},"geometry":{"type":"Polygon","coordinates":[[[131.29793,33.56674],[131.29782,33.56665],[131.29782,33.56674],[131.29793,33.56674]]]}},{"type":"Feature","properties":{"A40_001":"大分県","A40_002":"44","A40_003":"0.3m以上 〜 1m未満"},"geometry":{"type":"Polygon","coordinates":[[[131.29814,33.56683],[131.29803,33.56665],[131.29803,33.56683],[131.29814,33.56683]]]}},{"type":"Feature","properties":{"A40_001":"大分県","A40_002":"44","A40_003":"3m以上 〜 4m未満"},"geometry":{"type":"Polygon","coordinates":[[[131.29793,33.56683],[131.29782,33.56674],[131.29782,33.56683],[131.29793,33.56683]]]}},{"type":"Feature","properties":{"A40_001":"大分県","A40_002":"44","A40_003":"3m以上 〜 4m未満"},"geometry":{"type":"Polygon","coordinates":[[[131.29836,33.56692],[131.29825,33.56674],[131.29825,33.56692],[131.29836,33.56692]]]}},{"type":"Feature","properties":{"A40_001":"大分県","A40_002":"44","A40_003":"0.3m未満"},"geometry":{"type":"Polygon","coordinates":[[[131.29846,33.56701],[131.29836,33.56674],[131.29825,33.56701],[131.29846,33.56701]]]}},{"type":"Feature","properties":{"A40_001":"大分県","A40_002":"44","A40_003":"0.3m以上 〜 1m未満"},"geometry":{"type":"Polygon","coordinates":[[[131.29825,33.56692],[131.29814,33.56683],[131.29814,33.56692],[131.29825,33.56692]]]}},{"type":"Feature","properties":{"A40_001":"大分県","A40_002":"44","A40_003":"0.3m未満"},"geometry":{"type":"Polygon","coordinates":[[[131.29814,33.56692],[131.29803,33.56683],[131.29803,33.56692],[131.29814,33.56692]]]}},{"type":"Feature","properties":{"A40_001":"大分県","A40_002":"44","A40_003":"3m以上 〜 4m未満"},"geometry":{"type":"Polygon","coordinates":[[[131.29803,33.56692],[131.29793,33.56701],[131.29814,33.56701],[131.29803,33.56692]]]}},{"type":"Feature","properties":{"A40_001":"大分県","A40_002":"44","A40_003":"1m以上 〜 2m未満"},"geometry":{"type":"Polygon","coordinates":[[[131.29825,33.56701],[131.29814,33.5671],[131.29836,33.5671],[131.29825,33.56701]]]}},{"type":"Feature","properties":{"A40_001":"大分県","A40_002":"44","A40_003":"0.3m以上 〜 1m未満"},"geometry":{"type":"Polygon","coordinates":[[[131.29814,33.56719],[131.29803,33.56701],[131.29803,33.56719],[131.29814,33.56719]]]}},{"type":"Feature","properties":{"A40_001":"大分県","A40_002":"44","A40_003":"1m以上 〜 2m未満"},"geometry":{"type":"Polygon","coordinates":[[[131.29803,33.56719],[131.29793,33.56701],[131.29793,33.56719],[131.29803,33.56719]]]}},{"type":"Feature","properties":{"A40_001":"大分県","A40_002":"44","A40_003":"0.3m以上 〜 1m未満"},"geometry":{"type":"Polygon","coordinates":[[[131.29836,33.56719],[131.29825,33.5671],[131.29825,33.56719],[131.29836,33.56719]]]}},{"type":"Feature","properties":{"A40_001":"大分県","A40_002":"44","A40_003":"3m以上 〜 4m未満"},"geometry":{"type":"Polygon","coordinates":[[[131.29825,33.56719],[131.29814,33.5671],[131.29814,33.56719],[131.29825,33.56719]]]}},{"type":"Feature","properties":{"A40_001":"大分県","A40_002":"44","A40_003":"0.3m以上 〜 1m未満"},"geometry":{"type":"Polygon","coordinates":[[[131.29825,33.56728],[131.29814,33.56719],[131.29814,33.56728],[131.29825,33.56728]]]}},{"type":"Feature","properties":{"A40_001":"大分県","A40_002":"44","A40_003":"3m以上 〜 4m未満"},"geometry":{"type":"Polygon","coordinates":[[[131.29814,33.56737],[131.29803,33.56719],[131.29804,33.56737],[131.29814,33.56737]]]}},{"type":"Feature","properties":{"A40_001":"大分県","A40_002":"44","A40_003":"0.3m未満"},"geometry":{"type":"Polygon","coordinates":[[[131.29804,33.56737],[131.29793,33.56719],[131.29793,33.56737],[131.29804,33.56737]]]}},{"type":"Feature","properties":{"A40_001":"大分県","A40_002":"44","A40_003":"0.3m未満"},"geometry":{"type":"Polygon","coordinates":[[[131.29825,33.56737],[131.29814,33.56728],[131.29814,33.56737],[131.29825,33.56737]]]}},{"type":"Feature","properties":{"A40_001":"大分県","A40_002":"44","A40_003":"1m以上 〜 2m未満"},"geometry":{"type":"Polygon","coordinates":[[[131.29771,33.56746],[131.2976,33.56728],[131.2976,33.56746],[131.29771,33.56746]]]}},{"type":"Feature","properties":{"A40_001":"大分県","A40_002":"44","A40_003":"0.3m以上 〜 1m未満"},"geometry":{"type":"Polygon","coordinates":[[[131.29814,33.56746],[131.29804,33.56737],[131.29804,33.56746],[131.29814,33.56746]]]}},{"type":"Feature","properties":{"A40_001":"大分県","A40_002":"44","A40_003":"1m以上 〜 2m未満"},"geometry":{"type":"Polygon","coordinates":[[[131.29804,33.56746],[131.29793,33.56737],[131.29793,33.56746],[131.29804,33.56746]]]}},{"type":"Feature","properties":{"A40_001":"大分県","A40_002":"44","A40_003":"3m以上 〜 4m未満"},"geometry":{"type":"Polygon","coordinates":[[[131.29793,33.56755],[131.29782,33.56728],[131.29782,33.56755],[131.29793,33.56755]]]}},{"type":"Feature","properties":{"A40_001":"大分県","A40_002":"44","A40_003":"0.3m以上 〜 1m未満"},"geometry":{"type":"Polygon","coordinates":[[[131.2976,33.56746],[131.2975,33.56737],[131.2975,33.56746],[131.2976,33.56746]]]}},{"type":"Feature","properties":{"A40_001":"大分県","A40_002":"44","A40_003":"0.3m以上 〜 1m未満"},"geometry":{"type":"Polygon","coordinates":[[[131.29804,33.56755],[131.29793,33.56746],[131.29793,33.56755],[131.29804,33.56755]]]}},{"type":"Feature","properties":{"A40_001":"大分県","A40_002":"44","A40_003":"0.3m以上 〜 1m未満"},"geometry":{"type":"Polygon","coordinates":[[[131.29771,33.56755],[131.2976,33.56746],[131.2976,33.56755],[131.29771,33.56755]]]}},{"type":"Feature","properties":{"A40_001":"大分県","A40_002":"44","A40_003":"3m以上 〜 4m未満"},"geometry":{"type":"Polygon","coordinates":[[[131.2976,33.56755],[131.2975,33.56746],[131.2975,33.56755],[131.2976,33.56755]]]}},{"type":"Feature","properties":{"A40_001":"大分県","A40_002":"44","A40_003":"0.3m未満"},"geometry":{"type":"Polygon","coordinates":[[[131.29804,33.56755],[131.29782,33.56773],[131.29804,33.56764],[131.29804,33.56755]]]}},{"type":"Feature","properties":{"A40_001":"大分県","A40_002":"44","A40_003":"1m以上 〜 2m未満"},"geometry":{"type":"Polygon","coordinates":[[[131.29761,33.56773],[131.2975,33.56755],[131.2975,33.56773],[131.29761,33.56773]]]}},{"type":"Feature","properties":{"A40_001":"大分県","A40_002":"44","A40_003":"3m以上 〜 4m未満"},"geometry":{"type":"Polygon","coordinates":[[[131.29761,33.56782],[131.29739,33.56755],[131.29739,33.56791],[131.29761,33.56782]]]}},{"type":"Feature","properties":{"A40_001":"大分県","A40_002":"44","A40_003":"0.3m未満"},"geometry":{"type":"Polygon","coordinates":[[[131.29739,33.56791],[131.29728,33.56782],[131.29728,33.56791],[131.29739,33.56791]]]}},{"type":"Feature","properties":{"A40_001":"大分県","A40_002":"44","A40_003":"2m以上 〜 3m未満"},"geometry":{"type":"Polygon","coordinates":[[[131.29739,33.56809],[131.29728,33.56791],[131.29728,33.56809],[131.29739,33.56809]]]}},{"type":"Feature","properties":{"A40_001":"大分県","A40_002":"44","A40_003":"3m以上 〜 4m未満"},"geometry":{"type":"Polygon","coordinates":[[[131.29739,33.56836],[131.29728,33.56809],[131.29728,33.56836],[131.29739,33.56836]]]}},{"type":"Feature","properties":{"A40_001":"大分県","A40_002":"44","A40_003":"3m以上 〜 4m未満"},"geometry":{"type":"Polygon","coordinates":[[[131.29761,33.56854],[131.2975,33.568],[131.2975,33.56854],[131.29761,33.56854]]]}},{"type":"Feature","properties":{"A40_001":"大分県","A40_002":"44","A40_003":"1m以上 〜 2m未満"},"geometry":{"type":"Polygon","coordinates":[[[131.29761,33.56782],[131.29739,33.56836],[131.29729,33.56872],[131.29761,33.56782]]]}},{"type":"Feature","properties":{"A40_001":"大分県","A40_002":"44","A40_003":"3m以上 〜 4m未満"},"geometry":{"type":"Polygon","coordinates":[[[131.29782,33.56854],[131.29772,33.56836],[131.29772,33.56854],[131.29782,33.56854]]]}},{"type":"Feature","properties":{"A40_001":"大分県","A40_002":"44","A40_003":"3m以上 〜 4m未満"},"geometry":{"type":"Polygon","coordinates":[[[131.29772,33.56863],[131.29761,33.56854],[131.29761,33.56863],[131.29772,33.56863]]]}},{"type":"Feature","properties":{"A40_001":"大分県","A40_002":"44","A40_003":"3m以上 〜 4m未満"},"geometry":{"type":"Polygon","coordinates":[[[131.29729,33.56872],[131.29718,33.56854],[131.29718,33.56872],[131.29729,33.56872]]]}},{"type":"Feature","properties":{"A40_001":"大分県","A40_002":"44","A40_003":"1m以上 〜 2m未満"},"geometry":{"type":"Polygon","coordinates":[[[131.29772,33.56872],[131.29761,33.56863],[131.29761,33.56872],[131.29772,33.56872]]]}},{"type":"Feature","properties":{"A40_001":"大分県","A40_002":"44","A40_003":"3m以上 〜 4m未満"},"geometry":{"type":"Polygon","coordinates":[[[131.2975,33.56872],[131.29739,33.56863],[131.29739,33.56872],[131.2975,33.56872]]]}},{"type":"Feature","properties":{"A40_001":"大分県","A40_002":"44","A40_003":"3m以上 〜 4m未満"},"geometry":{"type":"Polygon","coordinates":[[[131.29772,33.56881],[131.29761,33.56872],[131.29761,33.56881],[131.29772,33.56881]]]}},{"type":"Feature","properties":{"A40_001":"大分県","A40_002":"44","A40_003":"2m以上 〜 3m未満"},"geometry":{"type":"Polygon","coordinates":[[[131.29772,33.5689],[131.29761,33.56881],[131.29761,33.5689],[131.29772,33.5689]]]}},{"type":"Feature","properties":{"A40_001":"大分県","A40_002":"44","A40_003":"3m以上 〜 4m未満"},"geometry":{"type":"Polygon","coordinates":[[[131.29761,33.56908],[131.2975,33.56881],[131.2975,33.56908],[131.29761,33.56908]]]}},{"type":"Feature","properties":{"A40_001":"大分県","A40_002":"44","A40_003":"2m以上 〜 3m未満"},"geometry":{"type":"Polygon","coordinates":[[[131.29739,33.56872],[131.29707,33.56881],[131.29696,33.56917],[131.29729,33.56917],[131.29739,33.56872]]]}},{"type":"Feature","properties":{"A40_001":"大分県","A40_002":"44","A40_003":"3m以上 〜 4m未満"},"geometry":{"type":"Polygon","coordinates":[[[131.29718,33.56899],[131.29707,33.5689],[131.29707,33.56899],[131.29718,33.56899]]]}},{"type":"Feature","properties":{"A40_001":"大分県","A40_002":"44","A40_003":"0.3m未満"},"geometry":{"type":"Polygon","coordinates":[[[131.29707,33.56908],[131.29696,33.56899],[131.29696,33.56908],[131.29707,33.56908]]]}},{"type":"Feature","properties":{"A40_001":"大分県","A40_002":"44","A40_003":"3m以上 〜 4m未満"},"geometry":{"type":"Polygon","coordinates":[[[131.2975,33.56935],[131.2974,33.56917],[131.2974,33.56935],[131.2975,33.56935]]]}},{"type":"Feature","properties":{"A40_001":"大分県","A40_002":"44","A40_003":"3m以上 〜 4m未満"},"geometry":{"type":"Polygon","coordinates":[[[131.29729,33.56917],[131.29696,33.56935],[131.29729,33.56926],[131.29729,33.56917]]]}},{"type":"Feature","properties":{"A40_001":"大分県","A40_002":"44","A40_003":"0.3m未満"},"geometry":{"type":"Polygon","coordinates":[[[131.29696,33.56935],[131.29686,33.56926],[131.29686,33.56935],[131.29696,33.56935]]]}},{"type":"Feature","properties":{"A40_001":"大分県","A40_002":"44","A40_003":"0.3m未満"},"geometry":{"type":"Polygon","coordinates":[[[131.2975,33.56944],[131.2974,33.56935],[131.2974,33.56944],[131.2975,33.56944]]]}},{"type":"Feature","properties":{"A40_001":"大分県","A40_002":"44","A40_003":"3m以上 〜 4m未満"},"geometry":{"type":"Polygon","coordinates":[[[131.2974,33.56944],[131.29729,33.56935],[131.29729,33.56944],[131.2974,33.56944]]]}},{"type":"Feature","properties":{"A40_001":"大分県","A40_002":"44","A40_003":"2m以上 〜 3m未満"},"geometry":{"type":"Polygon","coordinates":[[[131.2974,33.56953],[131.29729,33.56944],[131.29729,33.56953],[131.2974,33.56953]]]}},{"type":"Feature","properties":{"A40_001":"大分県","A40_002":"44","A40_003":"0.3m未満"},"geometry":{"type":"Polygon","coordinates":[[[131.29697,33.56953],[131.29686,33.56944],[131.29686,33.56953],[131.29697,33.56953]]]}},{"type":"Feature","properties":{"A40_001":"大分県","A40_002":"44","A40_003":"0.3m未満"},"geometry":{"type":"Polygon","coordinates":[[[131.29675,33.56954],[131.29664,33.56945],[131.29664,33.56954],[131.29675,33.56954]]]}},{"type":"Feature","properties":{"A40_001":"大分県","A40_002":"44","A40_003":"3m以上 〜 4m未満"},"geometry":{"type":"Polygon","coordinates":[[[131.29718,33.56962],[131.29707,33.56953],[131.29707,33.56962],[131.29718,33.56962]]]}},{"type":"Feature","properties":{"A40_001":"大分県","A40_002":"44","A40_003":"3m以上 〜 4m未満"},"geometry":{"type":"Polygon","coordinates":[[[131.29707,33.5698],[131.29697,33.56962],[131.29697,33.56981],[131.29707,33.5698]]]}},{"type":"Feature","properties":{"A40_001":"大分県","A40_002":"44","A40_003":"0.3m以上 〜 1m未満"},"geometry":{"type":"Polygon","coordinates":[[[131.29729,33.5698],[131.29718,33.56971],[131.29718,33.5698],[131.29729,33.5698]]]}},{"type":"Feature","properties":{"A40_001":"大分県","A40_002":"44","A40_003":"0.3m未満"},"geometry":{"type":"Polygon","coordinates":[[[131.29664,33.56999],[131.29653,33.56963],[131.29654,33.56999],[131.29664,33.56999]]]}},{"type":"Feature","properties":{"A40_001":"大分県","A40_002":"44","A40_003":"0.3m未満"},"geometry":{"type":"Polygon","coordinates":[[[131.29729,33.56989],[131.29718,33.5698],[131.29718,33.56989],[131.29729,33.56989]]]}},{"type":"Feature","properties":{"A40_001":"大分県","A40_002":"44","A40_003":"0.3m以上 〜 1m未満"},"geometry":{"type":"Polygon","coordinates":[[[131.29718,33.56926],[131.29664,33.56954],[131.29665,33.57044],[131.29675,33.56981],[131.29697,33.56981],[131.29718,33.56926]],[[131.29686,33.56944],[131.29697,33.56953],[131.29686,33.56953],[131.29686,33.56944]]]}},{"type":"Feature","properties":{"A40_001":"大分県","A40_002":"44","A40_003":"3m以上 〜 4m未満"},"geometry":{"type":"Polygon","coordinates":[[[131.29697,33.56981],[131.29675,33.56999],[131.29697,33.56999],[131.29697,33.56981]]]}},{"type":"Feature","properties":{"A40_001":"大分県","A40_002":"44","A40_003":"2m以上 〜 3m未満"},"geometry":{"type":"Polygon","coordinates":[[[131.29697,33.56999],[131.29675,33.57017],[131.29697,33.57008],[131.29697,33.56999]]]}},{"type":"Feature","properties":{"A40_001":"大分県","A40_002":"44","A40_003":"0.3m未満"},"geometry":{"type":"Polygon","coordinates":[[[131.29664,33.57026],[131.29654,33.57017],[131.29654,33.57026],[131.29664,33.57026]]]}},{"type":"Feature","properties":{"A40_001":"大分県","A40_002":"44","A40_003":"3m以上 〜 4m未満"},"geometry":{"type":"Polygon","coordinates":[[[131.29686,33.57044],[131.29675,33.57017],[131.29675,33.57044],[131.29686,33.57044]]]}},{"type":"Feature","properties":{"A40_001":"大分県","A40_002":"44","A40_003":"0.3m以上 〜 1m未満"},"geometry":{"type":"Polygon","coordinates":[[[131.29686,33.57053],[131.29675,33.57044],[131.29675,33.57053],[131.29686,33.57053]]]}},{"type":"Feature","properties":{"A40_001":"大分県","A40_002":"44","A40_003":"0.3m未満"},"geometry":{"type":"Polygon","coordinates":[[[131.29675,33.57053],[131.29665,33.57044],[131.29665,33.57053],[131.29675,33.57053]]]}},{"type":"Feature","properties":{"A40_001":"大分県","A40_002":"44","A40_003":"3m以上 〜 4m未満"},"geometry":{"type":"Polygon","coordinates":[[[131.29686,33.57062],[131.29675,33.57053],[131.29675,33.57062],[131.29686,33.57062]]]}},{"type":"Feature","properties":{"A40_001":"大分県","A40_002":"44","A40_003":"0.3m未満"},"geometry":{"type":"Polygon","coordinates":[[[131.29751,33.5708],[131.2974,33.57062],[131.2974,33.5708],[131.29751,33.5708]]]}},{"type":"Feature","properties":{"A40_001":"大分県","A40_002":"44","A40_003":"0.3m未満"},"geometry":{"type":"Polygon","coordinates":[[[131.29665,33.5708],[131.29654,33.57071],[131.29654,33.5708],[131.29665,33.5708]]]}},{"type":"Feature","properties":{"A40_001":"大分県","A40_002":"44","A40_003":"0.3m以上 〜 1m未満"},"geometry":{"type":"Polygon","coordinates":[[[131.29675,33.57053],[131.29654,33.5708],[131.29665,33.57116],[131.29676,33.57116],[131.29675,33.57053]]]}},{"type":"Feature","properties":{"A40_001":"大分県","A40_002":"44","A40_003":"0.3m以上 〜 1m未満"},"geometry":{"type":"Polygon","coordinates":[[[131.29762,33.57107],[131.2974,33.5708],[131.2974,33.57116],[131.29762,33.57107]]]}},{"type":"Feature","properties":{"A40_001":"大分県","A40_002":"44","A40_003":"0.3m未満"},"geometry":{"type":"Polygon","coordinates":[[[131.2974,33.57107],[131.29729,33.57098],[131.29729,33.57107],[131.2974,33.57107]]]}},{"type":"Feature","properties":{"A40_001":"大分県","A40_002":"44","A40_003":"0.3m未満"},"geometry":{"type":"Polygon","coordinates":[[[131.29665,33.57098],[131.29643,33.57107],[131.29665,33.57107],[131.29665,33.57098]]]}},{"type":"Feature","properties":{"A40_001":"大分県","A40_002":"44","A40_003":"3m以上 〜 4m未満"},"geometry":{"type":"Polygon","coordinates":[[[131.2974,33.57116],[131.29729,33.57107],[131.29729,33.57116],[131.2974,33.57116]]]}},{"type":"Feature","properties":{"A40_001":"大分県","A40_002":"44","A40_003":"1m以上 〜 2m未満"},"geometry":{"type":"Polygon","coordinates":[[[131.29762,33.57116],[131.29729,33.57125],[131.29762,33.57125],[131.29762,33.57116]]]}},{"type":"Feature","properties":{"A40_001":"大分県","A40_002":"44","A40_003":"1m以上 〜 2m未満"},"geometry":{"type":"Polygon","coordinates":[[[131.29676,33.57125],[131.29665,33.57116],[131.29665,33.57125],[131.29676,33.57125]]]}},{"type":"Feature","properties":{"A40_001":"大分県","A40_002":"44","A40_003":"1m以上 〜 2m未満"},"geometry":{"type":"Polygon","coordinates":[[[131.29676,33.57134],[131.29654,33.57143],[131.29676,33.57143],[131.29676,33.57134]]]}},{"type":"Feature","properties":{"A40_001":"大分県","A40_002":"44","A40_003":"0.3m以上 〜 1m未満"},"geometry":{"type":"Polygon","coordinates":[[[131.29676,33.57152],[131.29654,33.57143],[131.29654,33.57152],[131.29676,33.57152]]]}},{"type":"Feature","properties":{"A40_001":"大分県","A40_002":"44","A40_003":"2m以上 〜 3m未満"},"geometry":{"type":"Polygon","coordinates":[[[131.29687,33.5717],[131.29676,33.57134],[131.29676,33.5717],[131.29687,33.5717]]]}},{"type":"Feature","properties":{"A40_001":"大分県","A40_002":"44","A40_003":"0.3m未満"},"geometry":{"type":"Polygon","coordinates":[[[131.29762,33.57161],[131.29751,33.57152],[131.29751,33.57161],[131.29762,33.57161]]]}},{"type":"Feature","properties":{"A40_001":"大分県","A40_002":"44","A40_003":"0.3m未満"},"geometry":{"type":"Polygon","coordinates":[[[131.29676,33.57152],[131.29654,33.57161],[131.29676,33.57161],[131.29676,33.57152]]]}},{"type":"Feature","properties":{"A40_001":"大分県","A40_002":"44","A40_003":"0.3m以上 〜 1m未満"},"geometry":{"type":"Polygon","coordinates":[[[131.29676,33.57161],[131.29654,33.5717],[131.29676,33.5717],[131.29676,33.57161]]]}},{"type":"Feature","properties":{"A40_001":"大分県","A40_002":"44","A40_003":"1m以上 〜 2m未満"},"geometry":{"type":"Polygon","coordinates":[[[131.29751,33.57134],[131.29708,33.57179],[131.2973,33.57242],[131.29751,33.57197],[131.29751,33.57134]]]}},{"type":"Feature","properties":{"A40_001":"大分県","A40_002":"44","A40_003":"4m以上 〜 5m未満"},"geometry":{"type":"Polygon","coordinates":[[[131.29751,33.57206],[131.2974,33.57197],[131.29741,33.57206],[131.29751,33.57206]]]}},{"type":"Feature","properties":{"A40_001":"大分県","A40_002":"44","A40_003":"0.3m以上 〜 1m未満"},"geometry":{"type":"Polygon","coordinates":[[[131.29773,33.57188],[131.29751,33.57233],[131.29773,33.57233],[131.29773,33.57188]]]}},{"type":"Feature","properties":{"A40_001":"大分県","A40_002":"44","A40_003":"4m以上 〜 5m未満"},"geometry":{"type":"Polygon","coordinates":[[[131.29741,33.57224],[131.2973,33.57206],[131.2973,33.57224],[131.29741,33.57224]]]}},{"type":"Feature","properties":{"A40_001":"大分県","A40_002":"44","A40_003":"2m以上 〜 3m未満"},"geometry":{"type":"Polygon","coordinates":[[[131.29751,33.57242],[131.29741,33.57206],[131.29741,33.57242],[131.29751,33.57242]]]}},{"type":"Feature","properties":{"A40_001":"大分県","A40_002":"44","A40_003":"2m以上 〜 3m未満"},"geometry":{"type":"Polygon","coordinates":[[[131.29719,33.57242],[131.29708,33.57215],[131.29708,33.57242],[131.29719,33.57242]]]}},{"type":"Feature","properties":{"A40_001":"大分県","A40_002":"44","A40_003":"4m以上 〜 5m未満"},"geometry":{"type":"Polygon","coordinates":[[[131.29698,33.57242],[131.29687,33.57215],[131.29687,33.57242],[131.29698,33.57242]]]}},{"type":"Feature","properties":{"A40_001":"大分県","A40_002":"44","A40_003":"0.3m未満"},"geometry":{"type":"Polygon","coordinates":[[[131.29676,33.57233],[131.29654,33.57224],[131.29654,33.57233],[131.29676,33.57233]]]}},{"type":"Feature","properties":{"A40_001":"大分県","A40_002":"44","A40_003":"4m以上 〜 5m未満"},"geometry":{"type":"Polygon","coordinates":[[[131.2973,33.57242],[131.29719,33.57233],[131.29719,33.57242],[131.2973,33.57242]]]}},{"type":"Feature","properties":{"A40_001":"大分県","A40_002":"44","A40_003":"0.3m以上 〜 1m未満"},"geometry":{"type":"Polygon","coordinates":[[[131.26239,33.5688],[131.26217,33.56907],[131.26239,33.56907],[131.26239,33.5688]]]}},{"type":"Feature","properties":{"A40_001":"大分県","A40_002":"44","A40_003":"1m以上 〜 2m未満"},"geometry":{"type":"Polygon","coordinates":[[[131.26217,33.56871],[131.26207,33.56916],[131.26228,33.56943],[131.26217,33.56871]]]}},{"type":"Feature","properties":{"A40_001":"大分県","A40_002":"44","A40_003":"0.3m未満"},"geometry":{"type":"Polygon","coordinates":[[[131.26228,33.56934],[131.26239,33.56943],[131.26239,33.56934],[131.26228,33.56934]]]}},{"type":"Feature","properties":{"A40_001":"大分県","A40_002":"44","A40_003":"2m以上 〜 3m未満"},"geometry":{"type":"Polygon","coordinates":[[[131.26217,33.56916],[131.26207,33.56952],[131.26228,33.5697],[131.26217,33.56916]]]}},{"type":"Feature","properties":{"A40_001":"大分県","A40_002":"44","A40_003":"0.3m以上 〜 1m未満"},"geometry":{"type":"Polygon","coordinates":[[[131.26207,33.56934],[131.26196,33.56952],[131.26207,33.56952],[131.26207,33.56934]]]}},{"type":"Feature","properties":{"A40_001":"大分県","A40_002":"44","A40_003":"1m以上 〜 2m未満"},"geometry":{"type":"Polygon","coordinates":[[[131.26228,33.56943],[131.26239,33.56952],[131.26239,33.56943],[131.26228,33.56943]]]}},{"type":"Feature","properties":{"A40_001":"大分県","A40_002":"44","A40_003":"0.3m以上 〜 1m未満"},"geometry":{"type":"Polygon","coordinates":[[[131.2625,33.5697],[131.26228,33.56952],[131.26228,33.56961],[131.2625,33.5697]]]}},{"type":"Feature","properties":{"A40_001":"大分県","A40_002":"44","A40_003":"0.3m以上 〜 1m未満"},"geometry":{"type":"Polygon","coordinates":[[[131.26207,33.56961],[131.26217,33.5697],[131.26217,33.56961],[131.26207,33.56961]]]}},{"type":"Feature","properties":{"A40_001":"大分県","A40_002":"44","A40_003":"0.3m未満"},"geometry":{"type":"Polygon","coordinates":[[[131.26207,33.5697],[131.26218,33.56979],[131.26217,33.5697],[131.26207,33.5697]]]}},{"type":"Feature","properties":{"A40_001":"大分県","A40_002":"44","A40_003":"0.3m以上 〜 1m未満"},"geometry":{"type":"Polygon","coordinates":[[[131.2625,33.56979],[131.26261,33.56988],[131.26261,33.56979],[131.2625,33.56979]]]}},{"type":"Feature","properties":{"A40_001":"大分県","A40_002":"44","A40_003":"1m以上 〜 2m未満"},"geometry":{"type":"Polygon","coordinates":[[[131.26228,33.5697],[131.2625,33.57015],[131.26282,33.57015],[131.26261,33.5697],[131.26228,33.5697]]]}},{"type":"Feature","properties":{"A40_001":"大分県","A40_002":"44","A40_003":"2m以上 〜 3m未満"},"geometry":{"type":"Polygon","coordinates":[[[131.26239,33.56979],[131.26228,33.56997],[131.26239,33.56997],[131.26239,33.56979]]]}},{"type":"Feature","properties":{"A40_001":"大分県","A40_002":"44","A40_003":"0.3m未満"},"geometry":{"type":"Polygon","coordinates":[[[131.26314,33.56997],[131.26325,33.57006],[131.26325,33.56997],[131.26314,33.56997]]]}},{"type":"Feature","properties":{"A40_001":"大分県","A40_002":"44","A40_003":"0.3m未満"},"geometry":{"type":"Polygon","coordinates":[[[131.26261,33.56997],[131.26271,33.57006],[131.26271,33.56997],[131.26261,33.56997]]]}},{"type":"Feature","properties":{"A40_001":"大分県","A40_002":"44","A40_003":"2m以上 〜 3m未満"},"geometry":{"type":"Polygon","coordinates":[[[131.2625,33.56997],[131.26239,33.57015],[131.2625,33.57015],[131.2625,33.56997]]]}},{"type":"Feature","properties":{"A40_001":"大分県","A40_002":"44","A40_003":"0.3m以上 〜 1m未満"},"geometry":{"type":"Polygon","coordinates":[[[131.26325,33.57006],[131.26315,33.57024],[131.26325,33.57024],[131.26325,33.57006]]]}},{"type":"Feature","properties":{"A40_001":"大分県","A40_002":"44","A40_003":"0.3m以上 〜 1m未満"},"geometry":{"type":"Polygon","coordinates":[[[131.26282,33.57015],[131.26282,33.57042],[131.26315,33.57042],[131.26282,33.57015]]]}},{"type":"Feature","properties":{"A40_001":"大分県","A40_002":"44","A40_003":"1m以上 〜 2m未満"},"geometry":{"type":"Polygon","coordinates":[[[131.26325,33.57024],[131.26315,33.57042],[131.26325,33.57042],[131.26325,33.57024]]]}},{"type":"Feature","properties":{"A40_001":"大分県","A40_002":"44","A40_003":"2m以上 〜 3m未満"},"geometry":{"type":"Polygon","coordinates":[[[131.26261,33.57015],[131.26261,33.57042],[131.26282,33.57051],[131.26261,33.57015]]]}},{"type":"Feature","properties":{"A40_001":"大分県","A40_002":"44","A40_003":"0.3m以上 〜 1m未満"},"geometry":{"type":"Polygon","coordinates":[[[131.26325,33.57042],[131.26315,33.5706],[131.26325,33.5706],[131.26325,33.57042]]]}},{"type":"Feature","properties":{"A40_001":"大分県","A40_002":"44","A40_003":"2m以上 〜 3m未満"},"geometry":{"type":"Polygon","coordinates":[[[131.26282,33.57051],[131.26293,33.5706],[131.26293,33.57051],[131.26282,33.57051]]]}},{"type":"Feature","properties":{"A40_001":"大分県","A40_002":"44","A40_003":"1m以上 〜 2m未満"},"geometry":{"type":"Polygon","coordinates":[[[131.26282,33.57051],[131.26315,33.57087],[131.26326,33.57087],[131.26315,33.57042],[131.26282,33.57051]]]}},{"type":"Feature","properties":{"A40_001":"大分県","A40_002":"44","A40_003":"0.3m以上 〜 1m未満"},"geometry":{"type":"Polygon","coordinates":[[[131.26326,33.57078],[131.26336,33.57087],[131.26336,33.57078],[131.26326,33.57078]]]}},{"type":"Feature","properties":{"A40_001":"大分県","A40_002":"44","A40_003":"2m以上 〜 3m未満"},"geometry":{"type":"Polygon","coordinates":[[[131.26304,33.57078],[131.26315,33.57087],[131.26315,33.57078],[131.26304,33.57078]]]}},{"type":"Feature","properties":{"A40_001":"大分県","A40_002":"44","A40_003":"0.3m以上 〜 1m未満"},"geometry":{"type":"Polygon","coordinates":[[[131.26336,33.57087],[131.26347,33.57096],[131.26347,33.57087],[131.26336,33.57087]]]}},{"type":"Feature","properties":{"A40_001":"大分県","A40_002":"44","A40_003":"2m以上 〜 3m未満"},"geometry":{"type":"Polygon","coordinates":[[[131.26326,33.57087],[131.26315,33.57105],[131.26326,33.57105],[131.26326,33.57087]]]}},{"type":"Feature","properties":{"A40_001":"大分県","A40_002":"44","A40_003":"1m以上 〜 2m未満"},"geometry":{"type":"Polygon","coordinates":[[[131.26336,33.57087],[131.26336,33.57114],[131.26347,33.57114],[131.26336,33.57087]]]}},{"type":"Feature","properties":{"A40_001":"大分県","A40_002":"44","A40_003":"0.3m以上 〜 1m未満"},"geometry":{"type":"Polygon","coordinates":[[[131.26347,33.57105],[131.26358,33.57114],[131.26358,33.57105],[131.26347,33.57105]]]}},{"type":"Feature","properties":{"A40_001":"大分県","A40_002":"44","A40_003":"2m以上 〜 3m未満"},"geometry":{"type":"Polygon","coordinates":[[[131.26326,33.57105],[131.26336,33.57114],[131.26336,33.57105],[131.26326,33.57105]]]}},{"type":"Feature","properties":{"A40_001":"大分県","A40_002":"44","A40_003":"1m以上 〜 2m未満"},"geometry":{"type":"Polygon","coordinates":[[[131.26347,33.57114],[131.26358,33.57123],[131.26358,33.57114],[131.26347,33.57114]]]}},{"type":"Feature","properties":{"A40_001":"大分県","A40_002":"44","A40_003":"2m以上 〜 3m未満"},"geometry":{"type":"Polygon","coordinates":[[[131.26336,33.57114],[131.26347,33.57123],[131.26347,33.57114],[131.26336,33.57114]]]}},{"type":"Feature","properties":{"A40_001":"大分県","A40_002":"44","A40_003":"0.3m以上 〜 1m未満"},"geometry":{"type":"Polygon","coordinates":[[[131.26358,33.57123],[131.26369,33.57132],[131.26369,33.57123],[131.26358,33.57123]]]}},{"type":"Feature","properties":{"A40_001":"大分県","A40_002":"44","A40_003":"2m以上 〜 3m未満"},"geometry":{"type":"Polygon","coordinates":[[[131.26347,33.57123],[131.26358,33.57132],[131.26358,33.57123],[131.26347,33.57123]]]}},{"type":"Feature","properties":{"A40_001":"大分県","A40_002":"44","A40_003":"1m以上 〜 2m未満"},"geometry":{"type":"Polygon","coordinates":[[[131.26358,33.57132],[131.26369,33.57141],[131.26369,33.57132],[131.26358,33.57132]]]}},{"type":"Feature","properties":{"A40_001":"大分県","A40_002":"44","A40_003":"0.3m未満"},"geometry":{"type":"Polygon","coordinates":[[[131.26369,33.57141],[131.2638,33.5715],[131.2638,33.57141],[131.26369,33.57141]]]}},{"type":"Feature","properties":{"A40_001":"大分県","A40_002":"44","A40_003":"0.3m以上 〜 1m未満"},"geometry":{"type":"Polygon","coordinates":[[[131.26315,33.57141],[131.26326,33.5715],[131.26326,33.57141],[131.26315,33.57141]]]}},{"type":"Feature","properties":{"A40_001":"大分県","A40_002":"44","A40_003":"2m以上 〜 3m未満"},"geometry":{"type":"Polygon","coordinates":[[[131.26369,33.57141],[131.26358,33.57159],[131.26369,33.57159],[131.26369,33.57141]]]}},{"type":"Feature","properties":{"A40_001":"大分県","A40_002":"44","A40_003":"1m以上 〜 2m未満"},"geometry":{"type":"Polygon","coordinates":[[[131.2638,33.5715],[131.26369,33.57168],[131.2638,33.57168],[131.2638,33.5715]]]}},{"type":"Feature","properties":{"A40_001":"大分県","A40_002":"44","A40_003":"1m以上 〜 2m未満"},"geometry":{"type":"Polygon","coordinates":[[[131.26337,33.5715],[131.26337,33.57177],[131.26347,33.57177],[131.26337,33.5715]]]}},{"type":"Feature","properties":{"A40_001":"大分県","A40_002":"44","A40_003":"0.3m以上 〜 1m未満"},"geometry":{"type":"Polygon","coordinates":[[[131.2639,33.57168],[131.2638,33.57186],[131.2639,33.57186],[131.2639,33.57168]]]}},{"type":"Feature","properties":{"A40_001":"大分県","A40_002":"44","A40_003":"2m以上 〜 3m未満"},"geometry":{"type":"Polygon","coordinates":[[[131.26358,33.57168],[131.26347,33.57186],[131.26358,33.57186],[131.26358,33.57168]]]}},{"type":"Feature","properties":{"A40_001":"大分県","A40_002":"44","A40_003":"0.3m以上 〜 1m未満"},"geometry":{"type":"Polygon","coordinates":[[[131.26337,33.57177],[131.26347,33.57186],[131.26347,33.57177],[131.26337,33.57177]]]}},{"type":"Feature","properties":{"A40_001":"大分県","A40_002":"44","A40_003":"1m以上 〜 2m未満"},"geometry":{"type":"Polygon","coordinates":[[[131.26347,33.57186],[131.26358,33.57195],[131.26358,33.57186],[131.26347,33.57186]]]}},{"type":"Feature","properties":{"A40_001":"大分県","A40_002":"44","A40_003":"0.3m未満"},"geometry":{"type":"Polygon","coordinates":[[[131.26347,33.57186],[131.26337,33.57205],[131.26347,33.57204],[131.26347,33.57186]]]}},{"type":"Feature","properties":{"A40_001":"大分県","A40_002":"44","A40_003":"0.3m以上 〜 1m未満"},"geometry":{"type":"Polygon","coordinates":[[[131.26347,33.57195],[131.26358,33.57204],[131.26358,33.57195],[131.26347,33.57195]]]}},{"type":"Feature","properties":{"A40_001":"大分県","A40_002":"44","A40_003":"1m以上 〜 2m未満"},"geometry":{"type":"Polygon","coordinates":[[[131.26347,33.57204],[131.26358,33.57213],[131.26358,33.57204],[131.26347,33.57204]]]}},{"type":"Feature","properties":{"A40_001":"大分県","A40_002":"44","A40_003":"0.3m以上 〜 1m未満"},"geometry":{"type":"Polygon","coordinates":[[[131.26337,33.57205],[131.26347,33.57214],[131.26347,33.57204],[131.26337,33.57205]]]}},{"type":"Feature","properties":{"A40_001":"大分県","A40_002":"44","A40_003":"0.3m未満"},"geometry":{"type":"Polygon","coordinates":[[[131.26347,33.57214],[131.26358,33.57222],[131.26358,33.57213],[131.26347,33.57214]]]}},{"type":"Feature","properties":{"A40_001":"大分県","A40_002":"44","A40_003":"0.3m以上 〜 1m未満"},"geometry":{"type":"Polygon","coordinates":[[[131.26337,33.57223],[131.26348,33.57241],[131.26358,33.57222],[131.26337,33.57223]]]}},{"type":"Feature","properties":{"A40_001":"大分県","A40_002":"44","A40_003":"0.3m未満"},"geometry":{"type":"Polygon","coordinates":[[[131.26391,33.57231],[131.26401,33.5724],[131.26401,33.57231],[131.26391,33.57231]]]}},{"type":"Feature","properties":{"A40_001":"大分県","A40_002":"44","A40_003":"1m以上 〜 2m未満"},"geometry":{"type":"Polygon","coordinates":[[[131.26358,33.57232],[131.26348,33.57268],[131.26358,33.57268],[131.26358,33.57232]]]}},{"type":"Feature","properties":{"A40_001":"大分県","A40_002":"44","A40_003":"0.3m未満"},"geometry":{"type":"Polygon","coordinates":[[[131.26337,33.5725],[131.26348,33.57259],[131.26348,33.5725],[131.26337,33.5725]]]}},{"type":"Feature","properties":{"A40_001":"大分県","A40_002":"44","A40_003":"1m以上 〜 2m未満"},"geometry":{"type":"Polygon","coordinates":[[[131.26348,33.57295],[131.26359,33.57304],[131.26358,33.57295],[131.26348,33.57295]]]}},{"type":"Feature","properties":{"A40_001":"大分県","A40_002":"44","A40_003":"0.3m未満"},"geometry":{"type":"Polygon","coordinates":[[[131.26412,33.57295],[131.26402,33.57313],[131.26412,33.57313],[131.26412,33.57295]]]}},{"type":"Feature","properties":{"A40_001":"大分県","A40_002":"44","A40_003":"0.3m以上 〜 1m未満"},"geometry":{"type":"Polygon","coordinates":[[[131.26348,33.57304],[131.26359,33.57313],[131.26359,33.57304],[131.26348,33.57304]]]}},{"type":"Feature","properties":{"A40_001":"大分県","A40_002":"44","A40_003":"0.3m未満"},"geometry":{"type":"Polygon","coordinates":[[[131.26348,33.57313],[131.26359,33.57322],[131.26359,33.57313],[131.26348,33.57313]]]}},{"type":"Feature","properties":{"A40_001":"大分県","A40_002":"44","A40_003":"0.3m未満"},"geometry":{"type":"Polygon","coordinates":[[[131.26746,33.57321],[131.26736,33.57339],[131.26746,33.57339],[131.26746,33.57321]]]}},{"type":"Feature","properties":{"A40_001":"大分県","A40_002":"44","A40_003":"0.3m以上 〜 1m未満"},"geometry":{"type":"Polygon","coordinates":[[[131.26348,33.5734],[131.26359,33.57349],[131.26359,33.5734],[131.26348,33.5734]]]}},{"type":"Feature","properties":{"A40_001":"大分県","A40_002":"44","A40_003":"0.3m未満"},"geometry":{"type":"Polygon","coordinates":[[[131.26359,33.57358],[131.26369,33.57367],[131.26369,33.57358],[131.26359,33.57358]]]}},{"type":"Feature","properties":{"A40_001":"大分県","A40_002":"44","A40_003":"0.3m以上 〜 1m未満"},"geometry":{"type":"Polygon","coordinates":[[[131.26725,33.57384],[131.26682,33.57348],[131.26682,33.57393],[131.26725,33.57384]]]}},{"type":"Feature","properties":{"A40_001":"大分県","A40_002":"44","A40_003":"2m以上 〜 3m未満"},"geometry":{"type":"Polygon","coordinates":[[[131.26736,33.57375],[131.26747,33.57384],[131.26747,33.57375],[131.26736,33.57375]]]}},{"type":"Feature","properties":{"A40_001":"大分県","A40_002":"44","A40_003":"2m以上 〜 3m未満"},"geometry":{"type":"Polygon","coordinates":[[[131.26714,33.57384],[131.26725,33.57393],[131.26725,33.57384],[131.26714,33.57384]]]}},{"type":"Feature","properties":{"A40_001":"大分県","A40_002":"44","A40_003":"0.3m未満"},"geometry":{"type":"Polygon","coordinates":[[[131.26703,33.57384],[131.26682,33.57402],[131.26704,33.57402],[131.26703,33.57384]]]}},{"type":"Feature","properties":{"A40_001":"大分県","A40_002":"44","A40_003":"0.3m未満"},"geometry":{"type":"Polygon","coordinates":[[[131.2638,33.57385],[131.2637,33.57403],[131.2638,33.57403],[131.2638,33.57385]]]}},{"type":"Feature","properties":{"A40_001":"大分県","A40_002":"44","A40_003":"0.3m以上 〜 1m未満"},"geometry":{"type":"Polygon","coordinates":[[[131.2638,33.57421],[131.26391,33.5743],[131.26391,33.57421],[131.2638,33.57421]]]}},{"type":"Feature","properties":{"A40_001":"大分県","A40_002":"44","A40_003":"0.3m未満"},"geometry":{"type":"Polygon","coordinates":[[[131.26607,33.57429],[131.26553,33.57375],[131.26434,33.57385],[131.26478,33.57493],[131.26607,33.57429]],[[131.26531,33.57448],[131.26542,33.57457],[131.26531,33.57457],[131.26531,33.57448]]]}},{"type":"Feature","properties":{"A40_001":"大分県","A40_002":"44","A40_003":"3m以上 〜 4m未満"},"geometry":{"type":"Polygon","coordinates":[[[131.26456,33.57421],[131.26445,33.57439],[131.26456,33.57439],[131.26456,33.57421]]]}},{"type":"Feature","properties":{"A40_001":"大分県","A40_002":"44","A40_003":"0.3m未満"},"geometry":{"type":"Polygon","coordinates":[[[131.26714,33.57429],[131.26725,33.57438],[131.26725,33.57429],[131.26714,33.57429]]]}},{"type":"Feature","properties":{"A40_001":"大分県","A40_002":"44","A40_003":"0.3m以上 〜 1m未満"},"geometry":{"type":"Polygon","coordinates":[[[131.26531,33.57448],[131.26542,33.57457],[131.26542,33.57448],[131.26531,33.57448]]]}},{"type":"Feature","properties":{"A40_001":"大分県","A40_002":"44","A40_003":"0.3m以上 〜 1m未満"},"geometry":{"type":"Polygon","coordinates":[[[131.26628,33.57456],[131.26639,33.57465],[131.26639,33.57456],[131.26628,33.57456]]]}},{"type":"Feature","properties":{"A40_001":"大分県","A40_002":"44","A40_003":"3m以上 〜 4m未満"},"geometry":{"type":"Polygon","coordinates":[[[131.26456,33.57457],[131.26467,33.57466],[131.26467,33.57457],[131.26456,33.57457]]]}},{"type":"Feature","properties":{"A40_001":"大分県","A40_002":"44","A40_003":"0.3m未満"},"geometry":{"type":"Polygon","coordinates":[[[131.26553,33.57475],[131.26564,33.57484],[131.26564,33.57475],[131.26553,33.57475]]]}},{"type":"Feature","properties":{"A40_001":"大分県","A40_002":"44","A40_003":"0.3m未満"},"geometry":{"type":"Polygon","coordinates":[[[131.26402,33.57475],[131.26413,33.57484],[131.26413,33.57475],[131.26402,33.57475]]]}},{"type":"Feature","properties":{"A40_001":"大分県","A40_002":"44","A40_003":"0.3m未満"},"geometry":{"type":"Polygon","coordinates":[[[131.26618,33.57492],[131.26639,33.57483],[131.26618,33.57483],[131.26618,33.57492]]]}},{"type":"Feature","properties":{"A40_001":"大分県","A40_002":"44","A40_003":"3m以上 〜 4m未満"},"geometry":{"type":"Polygon","coordinates":[[[131.26467,33.57484],[131.26478,33.57493],[131.26478,33.57484],[131.26467,33.57484]]]}},{"type":"Feature","properties":{"A40_001":"大分県","A40_002":"44","A40_003":"0.3m未満"},"geometry":{"type":"Polygon","coordinates":[[[131.26542,33.57493],[131.26553,33.57502],[131.26553,33.57493],[131.26542,33.57493]]]}},{"type":"Feature","properties":{"A40_001":"大分県","A40_002":"44","A40_003":"0.3m以上 〜 1m未満"},"geometry":{"type":"Polygon","coordinates":[[[131.26704,33.5751],[131.26671,33.57492],[131.26672,33.57519],[131.26704,33.5751]]]}},{"type":"Feature","properties":{"A40_001":"大分県","A40_002":"44","A40_003":"0.3m以上 〜 1m未満"},"geometry":{"type":"Polygon","coordinates":[[[131.26618,33.57501],[131.26628,33.5751],[131.26628,33.57501],[131.26618,33.57501]]]}},{"type":"Feature","properties":{"A40_001":"大分県","A40_002":"44","A40_003":"0.3m未満"},"geometry":{"type":"Polygon","coordinates":[[[131.26553,33.57502],[131.26564,33.57511],[131.26564,33.57502],[131.26553,33.57502]]]}},{"type":"Feature","properties":{"A40_001":"大分県","A40_002":"44","A40_003":"0.3m未満"},"geometry":{"type":"Polygon","coordinates":[[[131.26564,33.57511],[131.26575,33.5752],[131.26575,33.57511],[131.26564,33.57511]]]}},{"type":"Feature","properties":{"A40_001":"大分県","A40_002":"44","A40_003":"0.3m未満"},"geometry":{"type":"Polygon","coordinates":[[[131.26693,33.57537],[131.26672,33.57519],[131.26672,33.57528],[131.26693,33.57537]]]}},{"type":"Feature","properties":{"A40_001":"大分県","A40_002":"44","A40_003":"1m以上 〜 2m未満"},"geometry":{"type":"Polygon","coordinates":[[[131.26424,33.5752],[131.26435,33.57529],[131.26435,33.5752],[131.26424,33.5752]]]}},{"type":"Feature","properties":{"A40_001":"大分県","A40_002":"44","A40_003":"0.3m未満"},"geometry":{"type":"Polygon","coordinates":[[[131.26564,33.57529],[131.26575,33.57538],[131.26575,33.57529],[131.26564,33.57529]]]}},{"type":"Feature","properties":{"A40_001":"大分県","A40_002":"44","A40_003":"3m以上 〜 4m未満"},"geometry":{"type":"Polygon","coordinates":[[[131.26488,33.57529],[131.26499,33.57538],[131.26499,33.57529],[131.26488,33.57529]]]}},{"type":"Feature","properties":{"A40_001":"大分県","A40_002":"44","A40_003":"0.3m未満"},"geometry":{"type":"Polygon","coordinates":[[[131.26542,33.57547],[131.26553,33.57556],[131.26553,33.57547],[131.26542,33.57547]]]}},{"type":"Feature","properties":{"A40_001":"大分県","A40_002":"44","A40_003":"0.3m未満"},"geometry":{"type":"Polygon","coordinates":[[[131.26618,33.57547],[131.26607,33.57565],[131.26618,33.57565],[131.26618,33.57547]]]}},{"type":"Feature","properties":{"A40_001":"大分県","A40_002":"44","A40_003":"0.3m以上 〜 1m未満"},"geometry":{"type":"Polygon","coordinates":[[[131.26542,33.57484],[131.26543,33.57592],[131.26607,33.57637],[131.26618,33.5751],[131.26542,33.57484]]]}},{"type":"Feature","properties":{"A40_001":"大分県","A40_002":"44","A40_003":"3m以上 〜 4m未満"},"geometry":{"type":"Polygon","coordinates":[[[131.26499,33.57556],[131.2651,33.57565],[131.2651,33.57556],[131.26499,33.57556]]]}},{"type":"Feature","properties":{"A40_001":"大分県","A40_002":"44","A40_003":"0.3m未満"},"geometry":{"type":"Polygon","coordinates":[[[131.26682,33.57564],[131.26693,33.57573],[131.26693,33.57564],[131.26682,33.57564]]]}},{"type":"Feature","properties":{"A40_001":"大分県","A40_002":"44","A40_003":"0.3m以上 〜 1m未満"},"geometry":{"type":"Polygon","coordinates":[[[131.26693,33.57573],[131.26661,33.57592],[131.26693,33.576],[131.26693,33.57573]]]}},{"type":"Feature","properties":{"A40_001":"大分県","A40_002":"44","A40_003":"0.3m未満"},"geometry":{"type":"Polygon","coordinates":[[[131.26542,33.57574],[131.26553,33.57583],[131.26553,33.57574],[131.26542,33.57574]]]}},{"type":"Feature","properties":{"A40_001":"大分県","A40_002":"44","A40_003":"1m以上 〜 2m未満"},"geometry":{"type":"Polygon","coordinates":[[[131.26456,33.57574],[131.26467,33.57583],[131.26467,33.57574],[131.26456,33.57574]]]}},{"type":"Feature","properties":{"A40_001":"大分県","A40_002":"44","A40_003":"1m以上 〜 2m未満"},"geometry":{"type":"Polygon","coordinates":[[[131.26618,33.57574],[131.26607,33.57601],[131.26618,33.57601],[131.26618,33.57574]]]}},{"type":"Feature","properties":{"A40_001":"大分県","A40_002":"44","A40_003":"0.3m以上 〜 1m未満"},"geometry":{"type":"Polygon","coordinates":[[[131.26446,33.57583],[131.26467,33.57592],[131.26467,33.57583],[131.26446,33.57583]]]}},{"type":"Feature","properties":{"A40_001":"大分県","A40_002":"44","A40_003":"0.3m未満"},"geometry":{"type":"Polygon","coordinates":[[[131.26543,33.57592],[131.26553,33.57601],[131.26553,33.57592],[131.26543,33.57592]]]}},{"type":"Feature","properties":{"A40_001":"大分県","A40_002":"44","A40_003":"0.3m未満"},"geometry":{"type":"Polygon","coordinates":[[[131.26521,33.57583],[131.2651,33.57619],[131.26521,33.57619],[131.26521,33.57583]]]}},{"type":"Feature","properties":{"A40_001":"大分県","A40_002":"44","A40_003":"0.3m未満"},"geometry":{"type":"Polygon","coordinates":[[[131.26736,33.57573],[131.2665,33.57592],[131.2665,33.57619],[131.26715,33.57637],[131.26736,33.57573]]]}},{"type":"Feature","properties":{"A40_001":"大分県","A40_002":"44","A40_003":"1m以上 〜 2m未満"},"geometry":{"type":"Polygon","coordinates":[[[131.26586,33.57628],[131.26597,33.57637],[131.26596,33.57628],[131.26586,33.57628]]]}},{"type":"Feature","properties":{"A40_001":"大分県","A40_002":"44","A40_003":"1m以上 〜 2m未満"},"geometry":{"type":"Polygon","coordinates":[[[131.26467,33.57628],[131.26457,33.57646],[131.26467,33.57646],[131.26467,33.57628]]]}},{"type":"Feature","properties":{"A40_001":"大分県","A40_002":"44","A40_003":"1m以上 〜 2m未満"},"geometry":{"type":"Polygon","coordinates":[[[131.26597,33.57646],[131.26618,33.57637],[131.26597,33.57637],[131.26597,33.57646]]]}},{"type":"Feature","properties":{"A40_001":"大分県","A40_002":"44","A40_003":"0.3m以上 〜 1m未満"},"geometry":{"type":"Polygon","coordinates":[[[131.29676,33.57251],[131.29654,33.57233],[131.29654,33.57251],[131.29676,33.57251]]]}},{"type":"Feature","properties":{"A40_001":"大分県","A40_002":"44","A40_003":"4m以上 〜 5m未満"},"geometry":{"type":"Polygon","coordinates":[[[131.29751,33.5726],[131.29741,33.57242],[131.29741,33.5726],[131.29751,33.5726]]]}},{"type":"Feature","properties":{"A40_001":"大分県","A40_002":"44","A40_003":"1m以上 〜 2m未満"},"geometry":{"type":"Polygon","coordinates":[[[131.29687,33.5717],[131.29654,33.57251],[131.29655,33.5735],[131.29698,33.57296],[131.29687,33.5717]]]}},{"type":"Feature","properties":{"A40_001":"大分県","A40_002":"44","A40_003":"1m以上 〜 2m未満"},"geometry":{"type":"Polygon","coordinates":[[[131.29762,33.5726],[131.29741,33.57269],[131.29762,33.57269],[131.29762,33.5726]]]}},{"type":"Feature","properties":{"A40_001":"大分県","A40_002":"44","A40_003":"2m以上 〜 3m未満"},"geometry":{"type":"Polygon","coordinates":[[[131.29741,33.57242],[131.29719,33.57296],[131.2973,33.57296],[131.29741,33.57242]]]}},{"type":"Feature","properties":{"A40_001":"大分県","A40_002":"44","A40_003":"0.3m以上 〜 1m未満"},"geometry":{"type":"Polygon","coordinates":[[[131.27177,33.57266],[131.27188,33.57275],[131.27188,33.57266],[131.27177,33.57266]]]}},{"type":"Feature","properties":{"A40_001":"大分県","A40_002":"44","A40_003":"2m以上 〜 3m未満"},"geometry":{"type":"Polygon","coordinates":[[[131.29708,33.57296],[131.29698,33.57251],[131.29698,33.57296],[131.29708,33.57296]]]}},{"type":"Feature","properties":{"A40_001":"大分県","A40_002":"44","A40_003":"4m以上 〜 5m未満"},"geometry":{"type":"Polygon","coordinates":[[[131.29741,33.57296],[131.2973,33.57278],[131.2973,33.57296],[131.29741,33.57296]]]}},{"type":"Feature","properties":{"A40_001":"大分県","A40_002":"44","A40_003":"0.3m以上 〜 1m未満"},"geometry":{"type":"Polygon","coordinates":[[[131.29665,33.57278],[131.29644,33.57296],[131.29665,33.57296],[131.29665,33.57278]]]}},{"type":"Feature","properties":{"A40_001":"大分県","A40_002":"44","A40_003":"0.3m未満"},"geometry":{"type":"Polygon","coordinates":[[[131.2708,33.57266],[131.26994,33.57284],[131.26972,33.57302],[131.27059,33.57311],[131.2708,33.57266]]]}},{"type":"Feature","properties":{"A40_001":"大分県","A40_002":"44","A40_003":"0.3m以上 〜 1m未満"},"geometry":{"type":"Polygon","coordinates":[[[131.29741,33.57305],[131.2973,33.57296],[131.2973,33.57305],[131.29741,33.57305]]]}},{"type":"Feature","properties":{"A40_001":"大分県","A40_002":"44","A40_003":"4m以上 〜 5m未満"},"geometry":{"type":"Polygon","coordinates":[[[131.29698,33.57305],[131.29687,33.57296],[131.29687,33.57305],[131.29698,33.57305]]]}},{"type":"Feature","properties":{"A40_001":"大分県","A40_002":"44","A40_003":"0.3m以上 〜 1m未満"},"geometry":{"type":"Polygon","coordinates":[[[131.2708,33.57302],[131.27091,33.57311],[131.27091,33.57302],[131.2708,33.57302]]]}},{"type":"Feature","properties":{"A40_001":"大分県","A40_002":"44","A40_003":"0.3m以上 〜 1m未満"},"geometry":{"type":"Polygon","coordinates":[[[131.27059,33.57302],[131.27069,33.57311],[131.27069,33.57302],[131.27059,33.57302]]]}},{"type":"Feature","properties":{"A40_001":"大分県","A40_002":"44","A40_003":"0.3m未満"},"geometry":{"type":"Polygon","coordinates":[[[131.29655,33.57305],[131.29633,33.57314],[131.29655,33.57314],[131.29655,33.57305]]]}},{"type":"Feature","properties":{"A40_001":"大分県","A40_002":"44","A40_003":"2m以上 〜 3m未満"},"geometry":{"type":"Polygon","coordinates":[[[131.26929,33.57311],[131.2694,33.5732],[131.2694,33.57311],[131.26929,33.57311]]]}},{"type":"Feature","properties":{"A40_001":"大分県","A40_002":"44","A40_003":"2m以上 〜 3m未満"},"geometry":{"type":"Polygon","coordinates":[[[131.29719,33.57332],[131.29709,33.57314],[131.29709,33.57332],[131.29719,33.57332]]]}},{"type":"Feature","properties":{"A40_001":"大分県","A40_002":"44","A40_003":"2m以上 〜 3m未満"},"geometry":{"type":"Polygon","coordinates":[[[131.29687,33.57332],[131.29698,33.57341],[131.29698,33.57305],[131.29687,33.57332]]]}},{"type":"Feature","properties":{"A40_001":"大分県","A40_002":"44","A40_003":"2m以上 〜 3m未満"},"geometry":{"type":"Polygon","coordinates":[[[131.26886,33.57321],[131.26908,33.5733],[131.26908,33.5732],[131.26886,33.57321]]]}},{"type":"Feature","properties":{"A40_001":"大分県","A40_002":"44","A40_003":"0.3m未満"},"geometry":{"type":"Polygon","coordinates":[[[131.27048,33.57329],[131.27059,33.57338],[131.27059,33.57329],[131.27048,33.57329]]]}},{"type":"Feature","properties":{"A40_001":"大分県","A40_002":"44","A40_003":"2m以上 〜 3m未満"},"geometry":{"type":"Polygon","coordinates":[[[131.26854,33.5733],[131.26865,33.57339],[131.26865,33.5733],[131.26854,33.5733]]]}},{"type":"Feature","properties":{"A40_001":"大分県","A40_002":"44","A40_003":"0.3m未満"},"geometry":{"type":"Polygon","coordinates":[[[131.26757,33.5733],[131.26768,33.57339],[131.26768,33.5733],[131.26757,33.5733]]]}},{"type":"Feature","properties":{"A40_001":"大分県","A40_002":"44","A40_003":"0.3m未満"},"geometry":{"type":"Polygon","coordinates":[[[131.29644,33.57332],[131.29622,33.57341],[131.29644,33.57341],[131.29644,33.57332]]]}},{"type":"Feature","properties":{"A40_001":"大分県","A40_002":"44","A40_003":"0.3m以上 〜 1m未満"},"geometry":{"type":"Polygon","coordinates":[[[131.29666,33.57359],[131.29644,33.57341],[131.29612,33.57368],[131.29666,33.57359]]]}},{"type":"Feature","properties":{"A40_001":"大分県","A40_002":"44","A40_003":"1m以上 〜 2m未満"},"geometry":{"type":"Polygon","coordinates":[[[131.26951,33.57338],[131.26962,33.57347],[131.26962,33.57338],[131.26951,33.57338]]]}},{"type":"Feature","properties":{"A40_001":"大分県","A40_002":"44","A40_003":"0.3m未満"},"geometry":{"type":"Polygon","coordinates":[[[131.26768,33.57339],[131.26779,33.57348],[131.26779,33.57339],[131.26768,33.57339]]]}},{"type":"Feature","properties":{"A40_001":"大分県","A40_002":"44","A40_003":"0.3m以上 〜 1m未満"},"geometry":{"type":"Polygon","coordinates":[[[131.26757,33.57321],[131.26746,33.57348],[131.26779,33.57366],[131.26757,33.57321]]]}},{"type":"Feature","properties":{"A40_001":"大分県","A40_002":"44","A40_003":"0.3m以上 〜 1m未満"},"geometry":{"type":"Polygon","coordinates":[[[131.26919,33.57348],[131.2693,33.57357],[131.2693,33.57348],[131.26919,33.57348]]]}},{"type":"Feature","properties":{"A40_001":"大分県","A40_002":"44","A40_003":"2m以上 〜 3m未満"},"geometry":{"type":"Polygon","coordinates":[[[131.268,33.57348],[131.26811,33.57357],[131.26811,33.57348],[131.268,33.57348]]]}},{"type":"Feature","properties":{"A40_001":"大分県","A40_002":"44","A40_003":"0.3m未満"},"geometry":{"type":"Polygon","coordinates":[[[131.26779,33.57348],[131.2679,33.57357],[131.2679,33.57348],[131.26779,33.57348]]]}},{"type":"Feature","properties":{"A40_001":"大分県","A40_002":"44","A40_003":"0.3m未満"},"geometry":{"type":"Polygon","coordinates":[[[131.26746,33.57348],[131.26757,33.57357],[131.26757,33.57348],[131.26746,33.57348]]]}},{"type":"Feature","properties":{"A40_001":"大分県","A40_002":"44","A40_003":"2m以上 〜 3m未満"},"geometry":{"type":"Polygon","coordinates":[[[131.26876,33.57357],[131.26887,33.57366],[131.26886,33.57357],[131.26876,33.57357]]]}},{"type":"Feature","properties":{"A40_001":"大分県","A40_002":"44","A40_003":"0.3m未満"},"geometry":{"type":"Polygon","coordinates":[[[131.26757,33.57357],[131.26768,33.57366],[131.26768,33.57357],[131.26757,33.57357]]]}},{"type":"Feature","properties":{"A40_001":"大分県","A40_002":"44","A40_003":"1m以上 〜 2m未満"},"geometry":{"type":"Polygon","coordinates":[[[131.2972,33.57368],[131.29709,33.57359],[131.29709,33.57368],[131.2972,33.57368]]]}},{"type":"Feature","properties":{"A40_001":"大分県","A40_002":"44","A40_003":"0.3m以上 〜 1m未満"},"geometry":{"type":"Polygon","coordinates":[[[131.26757,33.57366],[131.26768,33.57375],[131.26768,33.57366],[131.26757,33.57366]]]}},{"type":"Feature","properties":{"A40_001":"大分県","A40_002":"44","A40_003":"0.3m以上 〜 1m未満"},"geometry":{"type":"Polygon","coordinates":[[[131.26843,33.57375],[131.26854,33.57384],[131.26854,33.57375],[131.26843,33.57375]]]}},{"type":"Feature","properties":{"A40_001":"大分県","A40_002":"44","A40_003":"2m以上 〜 3m未満"},"geometry":{"type":"Polygon","coordinates":[[[131.29709,33.57386],[131.29698,33.57377],[131.29698,33.57386],[131.29709,33.57386]]]}},{"type":"Feature","properties":{"A40_001":"大分県","A40_002":"44","A40_003":"1m以上 〜 2m未満"},"geometry":{"type":"Polygon","coordinates":[[[131.29655,33.57386],[131.29612,33.57368],[131.29612,33.57414],[131.29655,33.57386]]]}},{"type":"Feature","properties":{"A40_001":"大分県","A40_002":"44","A40_003":"0.3m以上 〜 1m未満"},"geometry":{"type":"Polygon","coordinates":[[[131.29623,33.57395],[131.29601,33.57377],[131.29601,33.57396],[131.29623,33.57395]]]}},{"type":"Feature","properties":{"A40_001":"大分県","A40_002":"44","A40_003":"0.3m以上 〜 1m未満"},"geometry":{"type":"Polygon","coordinates":[[[131.26854,33.57384],[131.26865,33.57393],[131.26865,33.57384],[131.26854,33.57384]]]}},{"type":"Feature","properties":{"A40_001":"大分県","A40_002":"44","A40_003":"2m以上 〜 3m未満"},"geometry":{"type":"Polygon","coordinates":[[[131.32,33.57381],[131.31993,33.57408],[131.32,33.57408],[131.32,33.57381]]]}},{"type":"Feature","properties":{"A40_001":"大分県","A40_002":"44","A40_003":"0.3m未満"},"geometry":{"type":"Polygon","coordinates":[[[131.26962,33.57347],[131.2679,33.57393],[131.2679,33.57438],[131.26973,33.57411],[131.26962,33.57347]],[[131.26854,33.57384],[131.26865,33.57393],[131.26854,33.57393],[131.26854,33.57384]]]}},{"type":"Feature","properties":{"A40_001":"大分県","A40_002":"44","A40_003":"0.3m未満"},"geometry":{"type":"Polygon","coordinates":[[[131.29741,33.57404],[131.2973,33.57386],[131.2973,33.57404],[131.29741,33.57404]]]}},{"type":"Feature","properties":{"A40_001":"大分県","A40_002":"44","A40_003":"0.3m未満"},"geometry":{"type":"Polygon","coordinates":[[[131.29612,33.57404],[131.2959,33.57396],[131.2959,33.57405],[131.29612,33.57404]]]}},{"type":"Feature","properties":{"A40_001":"大分県","A40_002":"44","A40_003":"0.3m以上 〜 1m未満"},"geometry":{"type":"Polygon","coordinates":[[[131.29612,33.57404],[131.2959,33.57414],[131.29612,33.57414],[131.29612,33.57404]]]}},{"type":"Feature","properties":{"A40_001":"大分県","A40_002":"44","A40_003":"0.3m未満"},"geometry":{"type":"Polygon","coordinates":[[[131.2973,33.57422],[131.2972,33.57404],[131.2972,33.57422],[131.2973,33.57422]]]}},{"type":"Feature","properties":{"A40_001":"大分県","A40_002":"44","A40_003":"1m以上 〜 2m未満"},"geometry":{"type":"Polygon","coordinates":[[[131.29698,33.57422],[131.29687,33.57404],[131.29687,33.57422],[131.29698,33.57422]]]}},{"type":"Feature","properties":{"A40_001":"大分県","A40_002":"44","A40_003":"0.3m未満"},"geometry":{"type":"Polygon","coordinates":[[[131.30118,33.5734],[131.29903,33.57368],[131.29881,33.57449],[131.29881,33.57395],[131.29784,33.57404],[131.29784,33.57341],[131.2973,33.5735],[131.29785,33.57476],[131.29892,33.57476],[131.29828,33.57503],[131.3,33.5744],[131.30021,33.57367],[131.30032,33.57422],[131.30129,33.57385],[131.30118,33.5734]]]}},{"type":"Feature","properties":{"A40_001":"大分県","A40_002":"44","A40_003":"0.3m以上 〜 1m未満"},"geometry":{"type":"Polygon","coordinates":[[[131.26768,33.57411],[131.26725,33.5742],[131.26725,33.57438],[131.26801,33.57447],[131.26768,33.57411]],[[131.26768,33.57438],[131.26757,33.57429],[131.26768,33.57429],[131.26768,33.57438]]]}},{"type":"Feature","properties":{"A40_001":"大分県","A40_002":"44","A40_003":"0.3m以上 〜 1m未満"},"geometry":{"type":"Polygon","coordinates":[[[131.29601,33.57432],[131.2958,33.57423],[131.2958,33.57432],[131.29601,33.57432]]]}},{"type":"Feature","properties":{"A40_001":"大分県","A40_002":"44","A40_003":"2m以上 〜 3m未満"},"geometry":{"type":"Polygon","coordinates":[[[131.29687,33.5744],[131.29677,33.57422],[131.29677,33.5744],[131.29687,33.5744]]]}},{"type":"Feature","properties":{"A40_001":"大分県","A40_002":"44","A40_003":"0.3m未満"},"geometry":{"type":"Polygon","coordinates":[[[131.26757,33.57429],[131.26768,33.57438],[131.26768,33.57429],[131.26757,33.57429]]]}},{"type":"Feature","properties":{"A40_001":"大分県","A40_002":"44","A40_003":"0.3m未満"},"geometry":{"type":"Polygon","coordinates":[[[131.30021,33.57431],[131.30032,33.5744],[131.30032,33.57431],[131.30021,33.57431]]]}},{"type":"Feature","properties":{"A40_001":"大分県","A40_002":"44","A40_003":"0.3m以上 〜 1m未満"},"geometry":{"type":"Polygon","coordinates":[[[131.29892,33.57494],[131.29785,33.57476],[131.29741,33.57386],[131.2972,33.57485],[131.29892,33.57494]]]}},{"type":"Feature","properties":{"A40_001":"大分県","A40_002":"44","A40_003":"0.3m未満"},"geometry":{"type":"Polygon","coordinates":[[[131.26736,33.57438],[131.26747,33.57447],[131.26747,33.57438],[131.26736,33.57438]]]}},{"type":"Feature","properties":{"A40_001":"大分県","A40_002":"44","A40_003":"0.3m未満"},"geometry":{"type":"Polygon","coordinates":[[[131.29591,33.5745],[131.29569,33.57441],[131.29569,33.5745],[131.29591,33.5745]]]}},{"type":"Feature","properties":{"A40_001":"大分県","A40_002":"44","A40_003":"1m以上 〜 2m未満"},"geometry":{"type":"Polygon","coordinates":[[[131.29612,33.57414],[131.29569,33.5745],[131.2958,33.57486],[131.29612,33.57459],[131.29612,33.57414]]]}},{"type":"Feature","properties":{"A40_001":"大分県","A40_002":"44","A40_003":"0.3m未満"},"geometry":{"type":"Polygon","coordinates":[[[131.2972,33.57422],[131.29709,33.57494],[131.2972,33.57503],[131.29817,33.57503],[131.29731,33.57494],[131.2972,33.57422]]]}},{"type":"Feature","properties":{"A40_001":"大分県","A40_002":"44","A40_003":"2m以上 〜 3m未満"},"geometry":{"type":"Polygon","coordinates":[[[131.29666,33.57467],[131.29655,33.57458],[131.29655,33.57468],[131.29666,33.57467]]]}},{"type":"Feature","properties":{"A40_001":"大分県","A40_002":"44","A40_003":"0.3m未満"},"geometry":{"type":"Polygon","coordinates":[[[131.30032,33.57458],[131.30022,33.57494],[131.30043,33.57494],[131.30032,33.57458]]]}},{"type":"Feature","properties":{"A40_001":"大分県","A40_002":"44","A40_003":"1m以上 〜 2m未満"},"geometry":{"type":"Polygon","coordinates":[[[131.29655,33.57486],[131.29644,33.57477],[131.29645,33.57486],[131.29655,33.57486]]]}},{"type":"Feature","properties":{"A40_001":"大分県","A40_002":"44","A40_003":"0.3m以上 〜 1m未満"},"geometry":{"type":"Polygon","coordinates":[[[131.2958,33.57495],[131.29558,33.57477],[131.29558,33.57495],[131.2958,33.57495]]]}},{"type":"Feature","properties":{"A40_001":"大分県","A40_002":"44","A40_003":"0.3m以上 〜 1m未満"},"geometry":{"type":"Polygon","coordinates":[[[131.30021,33.57376],[131.3,33.5744],[131.29903,33.57449],[131.29903,33.57503],[131.29828,33.57503],[131.29828,33.57575],[131.30097,33.57611],[131.30086,33.57557],[131.29989,33.57503],[131.30021,33.57376]],[[131.29946,33.57503],[131.29935,33.57494],[131.29946,33.57494],[131.29946,33.57503]]]}},{"type":"Feature","properties":{"A40_001":"大分県","A40_002":"44","A40_003":"0.3m以上 〜 1m未満"},"geometry":{"type":"Polygon","coordinates":[[[131.29655,33.57495],[131.29645,33.57486],[131.29645,33.57495],[131.29655,33.57495]]]}},{"type":"Feature","properties":{"A40_001":"大分県","A40_002":"44","A40_003":"0.3m未満"},"geometry":{"type":"Polygon","coordinates":[[[131.29677,33.57504],[131.29655,33.57486],[131.29655,33.57504],[131.29677,33.57504]]]}},{"type":"Feature","properties":{"A40_001":"大分県","A40_002":"44","A40_003":"0.3m未満"},"geometry":{"type":"Polygon","coordinates":[[[131.29989,33.57503],[131.30022,33.57494],[131.29989,33.57494],[131.29989,33.57503]]]}},{"type":"Feature","properties":{"A40_001":"大分県","A40_002":"44","A40_003":"0.3m未満"},"geometry":{"type":"Polygon","coordinates":[[[131.29935,33.57494],[131.29946,33.57503],[131.29946,33.57494],[131.29935,33.57494]]]}},{"type":"Feature","properties":{"A40_001":"大分県","A40_002":"44","A40_003":"1m以上 〜 2m未満"},"geometry":{"type":"Polygon","coordinates":[[[131.2958,33.57504],[131.29569,33.57495],[131.29569,33.57504],[131.2958,33.57504]]]}},{"type":"Feature","properties":{"A40_001":"大分県","A40_002":"44","A40_003":"0.3m以上 〜 1m未満"},"geometry":{"type":"Polygon","coordinates":[[[131.29461,33.57504],[131.29451,33.57495],[131.29451,33.57504],[131.29461,33.57504]]]}},{"type":"Feature","properties":{"A40_001":"大分県","A40_002":"44","A40_003":"0.3m未満"},"geometry":{"type":"Polygon","coordinates":[[[131.29569,33.57504],[131.29548,33.57513],[131.29569,33.57513],[131.29569,33.57504]]]}},{"type":"Feature","properties":{"A40_001":"大分県","A40_002":"44","A40_003":"0.3m未満"},"geometry":{"type":"Polygon","coordinates":[[[131.30022,33.57512],[131.30032,33.57521],[131.30032,33.57512],[131.30022,33.57512]]]}},{"type":"Feature","properties":{"A40_001":"大分県","A40_002":"44","A40_003":"0.3m未満"},"geometry":{"type":"Polygon","coordinates":[[[131.29666,33.57522],[131.29645,33.57513],[131.29645,33.57522],[131.29666,33.57522]]]}},{"type":"Feature","properties":{"A40_001":"大分県","A40_002":"44","A40_003":"0.3m以上 〜 1m未満"},"geometry":{"type":"Polygon","coordinates":[[[131.29645,33.57522],[131.29634,33.57513],[131.29634,33.57522],[131.29645,33.57522]]]}},{"type":"Feature","properties":{"A40_001":"大分県","A40_002":"44","A40_003":"1m以上 〜 2m未満"},"geometry":{"type":"Polygon","coordinates":[[[131.29634,33.57549],[131.29623,33.57504],[131.29623,33.57549],[131.29634,33.57549]]]}},{"type":"Feature","properties":{"A40_001":"大分県","A40_002":"44","A40_003":"1m以上 〜 2m未満"},"geometry":{"type":"Polygon","coordinates":[[[131.29569,33.57513],[131.29548,33.57522],[131.29569,33.57522],[131.29569,33.57513]]]}},{"type":"Feature","properties":{"A40_001":"大分県","A40_002":"44","A40_003":"0.3m未満"},"geometry":{"type":"Polygon","coordinates":[[[131.29547,33.57459],[131.2944,33.57513],[131.29429,33.57585],[131.29526,33.57585],[131.29547,33.57459]],[[131.29461,33.57513],[131.29472,33.57522],[131.29462,33.57522],[131.29461,33.57513]],[[131.29472,33.57522],[131.29483,33.57531],[131.29472,33.57531],[131.29472,33.57522]]]}},{"type":"Feature","properties":{"A40_001":"大分県","A40_002":"44","A40_003":"0.3m以上 〜 1m未満"},"geometry":{"type":"Polygon","coordinates":[[[131.29472,33.57522],[131.29461,33.57513],[131.29462,33.57522],[131.29472,33.57522]]]}},{"type":"Feature","properties":{"A40_001":"大分県","A40_002":"44","A40_003":"0.3m以上 〜 1m未満"},"geometry":{"type":"Polygon","coordinates":[[[131.29709,33.57422],[131.29645,33.57522],[131.29656,33.57603],[131.29817,33.5762],[131.29817,33.57503],[131.2972,33.57503],[131.29709,33.57422]]]}},{"type":"Feature","properties":{"A40_001":"大分県","A40_002":"44","A40_003":"0.3m以上 〜 1m未満"},"geometry":{"type":"Polygon","coordinates":[[[131.29483,33.57531],[131.29472,33.57522],[131.29472,33.57531],[131.29483,33.57531]]]}},{"type":"Feature","properties":{"A40_001":"大分県","A40_002":"44","A40_003":"0.3m以上 〜 1m未満"},"geometry":{"type":"Polygon","coordinates":[[[131.29559,33.5754],[131.29537,33.57531],[131.29537,33.5754],[131.29559,33.5754]]]}},{"type":"Feature","properties":{"A40_001":"大分県","A40_002":"44","A40_003":"0.3m未満"},"geometry":{"type":"Polygon","coordinates":[[[131.30033,33.57548],[131.30086,33.57557],[131.30086,33.57548],[131.30033,33.57548]]]}},{"type":"Feature","properties":{"A40_001":"大分県","A40_002":"44","A40_003":"0.3m未満"},"geometry":{"type":"Polygon","coordinates":[[[131.30086,33.57575],[131.30097,33.57584],[131.30097,33.57575],[131.30086,33.57575]]]}},{"type":"Feature","properties":{"A40_001":"大分県","A40_002":"44","A40_003":"0.3m未満"},"geometry":{"type":"Polygon","coordinates":[[[131.30097,33.57584],[131.30108,33.57593],[131.30108,33.57584],[131.30097,33.57584]]]}},{"type":"Feature","properties":{"A40_001":"大分県","A40_002":"44","A40_003":"0.3m未満"},"geometry":{"type":"Polygon","coordinates":[[[131.3,33.57584],[131.30011,33.57593],[131.30011,33.57584],[131.3,33.57584]]]}},{"type":"Feature","properties":{"A40_001":"大分県","A40_002":"44","A40_003":"0.3m未満"},"geometry":{"type":"Polygon","coordinates":[[[131.26855,33.57618],[131.26823,33.57609],[131.26823,33.57618],[131.26855,33.57618]]]}},{"type":"Feature","properties":{"A40_001":"大分県","A40_002":"44","A40_003":"0.3m未満"},"geometry":{"type":"Polygon","coordinates":[[[131.2678,33.576],[131.2679,33.57609],[131.2679,33.576],[131.2678,33.576]]]}},{"type":"Feature","properties":{"A40_001":"大分県","A40_002":"44","A40_003":"0.3m未満"},"geometry":{"type":"Polygon","coordinates":[[[131.30011,33.57602],[131.30022,33.57611],[131.30022,33.57602],[131.30011,33.57602]]]}},{"type":"Feature","properties":{"A40_001":"大分県","A40_002":"44","A40_003":"0.3m以上 〜 1m未満"},"geometry":{"type":"Polygon","coordinates":[[[131.29968,33.57602],[131.29979,33.57611],[131.29979,33.57602],[131.29968,33.57602]]]}},{"type":"Feature","properties":{"A40_001":"大分県","A40_002":"44","A40_003":"0.3m未満"},"geometry":{"type":"Polygon","coordinates":[[[131.2971,33.57612],[131.29699,33.57603],[131.29699,33.57612],[131.2971,33.57612]]]}},{"type":"Feature","properties":{"A40_001":"大分県","A40_002":"44","A40_003":"0.3m未満"},"geometry":{"type":"Polygon","coordinates":[[[131.29828,33.57503],[131.29817,33.5762],[131.29764,33.57639],[131.29839,33.57656],[131.29828,33.5772],[131.29914,33.57647],[131.30001,33.57647],[131.29957,33.57584],[131.29839,33.57584],[131.29828,33.57503]],[[131.2985,33.57647],[131.2986,33.57638],[131.29861,33.57647],[131.2985,33.57647]],[[131.29861,33.57647],[131.29882,33.57656],[131.29861,33.57665],[131.29861,33.57647]]]}},{"type":"Feature","properties":{"A40_001":"大分県","A40_002":"44","A40_003":"0.3m未満"},"geometry":{"type":"Polygon","coordinates":[[[131.26823,33.576],[131.26801,33.57627],[131.26823,33.57627],[131.26823,33.576]]]}},{"type":"Feature","properties":{"A40_001":"大分県","A40_002":"44","A40_003":"0.3m未満"},"geometry":{"type":"Polygon","coordinates":[[[131.30065,33.5762],[131.30097,33.57611],[131.30065,33.57611],[131.30065,33.5762]]]}},{"type":"Feature","properties":{"A40_001":"大分県","A40_002":"44","A40_003":"0.3m未満"},"geometry":{"type":"Polygon","coordinates":[[[131.30022,33.57611],[131.30044,33.5762],[131.30044,33.57611],[131.30022,33.57611]]]}},{"type":"Feature","properties":{"A40_001":"大分県","A40_002":"44","A40_003":"0.3m以上 〜 1m未満"},"geometry":{"type":"Polygon","coordinates":[[[131.29979,33.57611],[131.2999,33.5762],[131.2999,33.57611],[131.29979,33.57611]]]}},{"type":"Feature","properties":{"A40_001":"大分県","A40_002":"44","A40_003":"0.3m未満"},"geometry":{"type":"Polygon","coordinates":[[[131.29774,33.57621],[131.29763,33.57612],[131.29763,33.57621],[131.29774,33.57621]]]}},{"type":"Feature","properties":{"A40_001":"大分県","A40_002":"44","A40_003":"0.3m以上 〜 1m未満"},"geometry":{"type":"Polygon","coordinates":[[[131.3,33.5762],[131.2999,33.57638],[131.30001,33.57638],[131.3,33.5762]]]}},{"type":"Feature","properties":{"A40_001":"大分県","A40_002":"44","A40_003":"0.3m以上 〜 1m未満"},"geometry":{"type":"Polygon","coordinates":[[[131.30001,33.57638],[131.30011,33.57647],[131.30011,33.57638],[131.30001,33.57638]]]}},{"type":"Feature","properties":{"A40_001":"大分県","A40_002":"44","A40_003":"0.3m以上 〜 1m未満"},"geometry":{"type":"Polygon","coordinates":[[[131.29861,33.57647],[131.2985,33.57638],[131.2985,33.57647],[131.29861,33.57647]]]}},{"type":"Feature","properties":{"A40_001":"大分県","A40_002":"44","A40_003":"0.3m未満"},"geometry":{"type":"Polygon","coordinates":[[[131.29667,33.57639],[131.29634,33.57648],[131.29667,33.57657],[131.29667,33.57639]]]}},{"type":"Feature","properties":{"A40_001":"大分県","A40_002":"44","A40_003":"0.3m未満"},"geometry":{"type":"Polygon","coordinates":[[[131.30001,33.57647],[131.30011,33.57656],[131.30011,33.57647],[131.30001,33.57647]]]}},{"type":"Feature","properties":{"A40_001":"大分県","A40_002":"44","A40_003":"0.3m以上 〜 1m未満"},"geometry":{"type":"Polygon","coordinates":[[[131.2957,33.57648],[131.29548,33.57657],[131.2957,33.57657],[131.2957,33.57648]]]}},{"type":"Feature","properties":{"A40_001":"大分県","A40_002":"44","A40_003":"0.3m未満"},"geometry":{"type":"Polygon","coordinates":[[[131.26769,33.57663],[131.26801,33.57645],[131.26769,33.57645],[131.26769,33.57663]]]}},{"type":"Feature","properties":{"A40_001":"大分県","A40_002":"44","A40_003":"0.3m以上 〜 1m未満"},"geometry":{"type":"Polygon","coordinates":[[[131.26877,33.57627],[131.2665,33.57619],[131.26672,33.57709],[131.26726,33.57691],[131.26715,33.57655],[131.26877,33.57627]],[[131.26715,33.57655],[131.26704,33.57646],[131.26715,33.57646],[131.26715,33.57655]],[[131.26704,33.57655],[131.26694,33.57664],[131.26694,33.57655],[131.26704,33.57655]]]}},{"type":"Feature","properties":{"A40_001":"大分県","A40_002":"44","A40_003":"0.3m以上 〜 1m未満"},"geometry":{"type":"Polygon","coordinates":[[[131.29882,33.57647],[131.29861,33.57665],[131.29882,33.57656],[131.29882,33.57647]]]}},{"type":"Feature","properties":{"A40_001":"大分県","A40_002":"44","A40_003":"0.3m未満"},"geometry":{"type":"Polygon","coordinates":[[[131.26877,33.57636],[131.26823,33.57636],[131.26801,33.57681],[131.26898,33.5769],[131.26877,33.57636]]]}},{"type":"Feature","properties":{"A40_001":"大分県","A40_002":"44","A40_003":"0.3m未満"},"geometry":{"type":"Polygon","coordinates":[[[131.2957,33.57657],[131.29548,33.57666],[131.2957,33.57666],[131.2957,33.57657]]]}},{"type":"Feature","properties":{"A40_001":"大分県","A40_002":"44","A40_003":"0.3m以上 〜 1m未満"},"geometry":{"type":"Polygon","coordinates":[[[131.26834,33.57654],[131.26823,33.57672],[131.26834,33.57672],[131.26834,33.57654]]]}},{"type":"Feature","properties":{"A40_001":"大分県","A40_002":"44","A40_003":"0.3m未満"},"geometry":{"type":"Polygon","coordinates":[[[131.30033,33.57665],[131.30044,33.57674],[131.30044,33.57665],[131.30033,33.57665]]]}},{"type":"Feature","properties":{"A40_001":"大分県","A40_002":"44","A40_003":"1m以上 〜 2m未満"},"geometry":{"type":"Polygon","coordinates":[[[131.29979,33.57665],[131.2999,33.57674],[131.2999,33.57665],[131.29979,33.57665]]]}},{"type":"Feature","properties":{"A40_001":"大分県","A40_002":"44","A40_003":"0.3m未満"},"geometry":{"type":"Polygon","coordinates":[[[131.29818,33.57675],[131.29807,33.57666],[131.29807,33.57675],[131.29818,33.57675]]]}},{"type":"Feature","properties":{"A40_001":"大分県","A40_002":"44","A40_003":"0.3m以上 〜 1m未満"},"geometry":{"type":"Polygon","coordinates":[[[131.26801,33.57654],[131.26769,33.5769],[131.26812,33.5769],[131.26801,33.57654]]]}},{"type":"Feature","properties":{"A40_001":"大分県","A40_002":"44","A40_003":"0.3m以上 〜 1m未満"},"geometry":{"type":"Polygon","coordinates":[[[131.29979,33.57674],[131.2999,33.57683],[131.2999,33.57674],[131.29979,33.57674]]]}},{"type":"Feature","properties":{"A40_001":"大分県","A40_002":"44","A40_003":"1m以上 〜 2m未満"},"geometry":{"type":"Polygon","coordinates":[[[131.29925,33.57683],[131.29914,33.57674],[131.29914,33.57683],[131.29925,33.57683]]]}},{"type":"Feature","properties":{"A40_001":"大分県","A40_002":"44","A40_003":"0.3m未満"},"geometry":{"type":"Polygon","coordinates":[[[131.26769,33.57672],[131.26758,33.57691],[131.26769,33.5769],[131.26769,33.57672]]]}},{"type":"Feature","properties":{"A40_001":"大分県","A40_002":"44","A40_003":"0.3m未満"},"geometry":{"type":"Polygon","coordinates":[[[131.2957,33.57675],[131.29548,33.57693],[131.2957,33.57693],[131.2957,33.57675]]]}},{"type":"Feature","properties":{"A40_001":"大分県","A40_002":"44","A40_003":"0.3m未満"},"geometry":{"type":"Polygon","coordinates":[[[131.30076,33.57683],[131.30087,33.57692],[131.30087,33.57683],[131.30076,33.57683]]]}},{"type":"Feature","properties":{"A40_001":"大分県","A40_002":"44","A40_003":"0.3m以上 〜 1m未満"},"geometry":{"type":"Polygon","coordinates":[[[131.30098,33.5771],[131.30022,33.57665],[131.30033,33.5771],[131.30098,33.5771]]]}},{"type":"Feature","properties":{"A40_001":"大分県","A40_002":"44","A40_003":"1m以上 〜 2m未満"},"geometry":{"type":"Polygon","coordinates":[[[131.29936,33.57692],[131.29925,33.57683],[131.29925,33.57692],[131.29936,33.57692]]]}},{"type":"Feature","properties":{"A40_001":"大分県","A40_002":"44","A40_003":"0.3m未満"},"geometry":{"type":"Polygon","coordinates":[[[131.29656,33.57693],[131.29645,33.57684],[131.29645,33.57693],[131.29656,33.57693]]]}},{"type":"Feature","properties":{"A40_001":"大分県","A40_002":"44","A40_003":"0.3m未満"},"geometry":{"type":"Polygon","coordinates":[[[131.26791,33.5769],[131.26801,33.57699],[131.26801,33.5769],[131.26791,33.5769]]]}},{"type":"Feature","properties":{"A40_001":"大分県","A40_002":"44","A40_003":"0.3m未満"},"geometry":{"type":"Polygon","coordinates":[[[131.30087,33.57692],[131.30098,33.57701],[131.30098,33.57692],[131.30087,33.57692]]]}},{"type":"Feature","properties":{"A40_001":"大分県","A40_002":"44","A40_003":"1m以上 〜 2m未満"},"geometry":{"type":"Polygon","coordinates":[[[131.29753,33.57702],[131.29742,33.57693],[131.29742,33.57702],[131.29753,33.57702]]]}},{"type":"Feature","properties":{"A40_001":"大分県","A40_002":"44","A40_003":"1m以上 〜 2m未満"},"geometry":{"type":"Polygon","coordinates":[[[131.29645,33.57648],[131.29624,33.57702],[131.29667,33.57747],[131.29645,33.57702],[131.29645,33.57648]]]}},{"type":"Feature","properties":{"A40_001":"大分県","A40_002":"44","A40_003":"0.3m以上 〜 1m未満"},"geometry":{"type":"Polygon","coordinates":[[[131.2832,33.57705],[131.28331,33.57714],[131.28331,33.57705],[131.2832,33.57705]]]}},{"type":"Feature","properties":{"A40_001":"大分県","A40_002":"44","A40_003":"0.3m未満"},"geometry":{"type":"Polygon","coordinates":[[[131.29678,33.57702],[131.29667,33.5772],[131.29678,33.5772],[131.29678,33.57702]]]}},{"type":"Feature","properties":{"A40_001":"大分県","A40_002":"44","A40_003":"0.3m以上 〜 1m未満"},"geometry":{"type":"Polygon","coordinates":[[[131.2985,33.5772],[131.29839,33.57711],[131.29839,33.5772],[131.2985,33.5772]]]}},{"type":"Feature","properties":{"A40_001":"大分県","A40_002":"44","A40_003":"0.3m以上 〜 1m未満"},"geometry":{"type":"Polygon","coordinates":[[[131.2957,33.5772],[131.29559,33.57711],[131.29559,33.5772],[131.2957,33.5772]]]}},{"type":"Feature","properties":{"A40_001":"大分県","A40_002":"44","A40_003":"0.3m以上 〜 1m未満"},"geometry":{"type":"Polygon","coordinates":[[[131.28299,33.57714],[131.2831,33.57723],[131.2831,33.57714],[131.28299,33.57714]]]}},{"type":"Feature","properties":{"A40_001":"大分県","A40_002":"44","A40_003":"0.3m以上 〜 1m未満"},"geometry":{"type":"Polygon","coordinates":[[[131.30108,33.5771],[131.30098,33.57728],[131.30109,33.57728],[131.30108,33.5771]]]}},{"type":"Feature","properties":{"A40_001":"大分県","A40_002":"44","A40_003":"0.3m以上 〜 1m未満"},"geometry":{"type":"Polygon","coordinates":[[[131.30055,33.5771],[131.30044,33.57728],[131.30055,33.57728],[131.30055,33.5771]]]}},{"type":"Feature","properties":{"A40_001":"大分県","A40_002":"44","A40_003":"0.3m未満"},"geometry":{"type":"Polygon","coordinates":[[[131.29915,33.5771],[131.2985,33.57729],[131.29861,33.57756],[131.29915,33.5771]]]}},{"type":"Feature","properties":{"A40_001":"大分県","A40_002":"44","A40_003":"0.3m以上 〜 1m未満"},"geometry":{"type":"Polygon","coordinates":[[[131.29861,33.57728],[131.2985,33.5772],[131.2985,33.57729],[131.29861,33.57728]]]}},{"type":"Feature","properties":{"A40_001":"大分県","A40_002":"44","A40_003":"0.3m未満"},"geometry":{"type":"Polygon","coordinates":[[[131.2985,33.57729],[131.29839,33.5772],[131.29839,33.57729],[131.2985,33.57729]]]}},{"type":"Feature","properties":{"A40_001":"大分県","A40_002":"44","A40_003":"0.3m未満"},"geometry":{"type":"Polygon","coordinates":[[[131.29667,33.57729],[131.29656,33.5772],[131.29656,33.57729],[131.29667,33.57729]]]}},{"type":"Feature","properties":{"A40_001":"大分県","A40_002":"44","A40_003":"0.3m以上 〜 1m未満"},"geometry":{"type":"Polygon","coordinates":[[[131.28288,33.57723],[131.28299,33.57732],[131.28299,33.57723],[131.28288,33.57723]]]}},{"type":"Feature","properties":{"A40_001":"大分県","A40_002":"44","A40_003":"0.3m未満"},"geometry":{"type":"Polygon","coordinates":[[[131.29925,33.57737],[131.29915,33.57719],[131.29915,33.57737],[131.29925,33.57737]]]}},{"type":"Feature","properties":{"A40_001":"大分県","A40_002":"44","A40_003":"0.3m未満"},"geometry":{"type":"Polygon","coordinates":[[[131.30109,33.57728],[131.30119,33.57737],[131.30119,33.57728],[131.30109,33.57728]]]}},{"type":"Feature","properties":{"A40_001":"大分県","A40_002":"44","A40_003":"0.3m以上 〜 1m未満"},"geometry":{"type":"Polygon","coordinates":[[[131.28396,33.57732],[131.28407,33.57741],[131.28407,33.57732],[131.28396,33.57732]]]}},{"type":"Feature","properties":{"A40_001":"大分県","A40_002":"44","A40_003":"0.3m以上 〜 1m未満"},"geometry":{"type":"Polygon","coordinates":[[[131.28245,33.57732],[131.28256,33.57741],[131.28256,33.57732],[131.28245,33.57732]]]}},{"type":"Feature","properties":{"A40_001":"大分県","A40_002":"44","A40_003":"0.3m以上 〜 1m未満"},"geometry":{"type":"Polygon","coordinates":[[[131.29925,33.57647],[131.29861,33.57692],[131.29861,33.57719],[131.29915,33.57692],[131.29926,33.57755],[131.2998,33.57827],[131.29936,33.57701],[131.30022,33.57656],[131.29925,33.57647]],[[131.29914,33.57674],[131.29925,33.57683],[131.29914,33.57683],[131.29914,33.57674]],[[131.29925,33.57683],[131.29936,33.57692],[131.29925,33.57692],[131.29925,33.57683]]]}},{"type":"Feature","properties":{"A40_001":"大分県","A40_002":"44","A40_003":"0.3m以上 〜 1m未満"},"geometry":{"type":"Polygon","coordinates":[[[131.29915,33.57737],[131.29893,33.57746],[131.29915,33.57746],[131.29915,33.57737]]]}},{"type":"Feature","properties":{"A40_001":"大分県","A40_002":"44","A40_003":"0.3m以上 〜 1m未満"},"geometry":{"type":"Polygon","coordinates":[[[131.29581,33.57738],[131.29559,33.57747],[131.29581,33.57747],[131.29581,33.57738]]]}},{"type":"Feature","properties":{"A40_001":"大分県","A40_002":"44","A40_003":"0.3m以上 〜 1m未満"},"geometry":{"type":"Polygon","coordinates":[[[131.30065,33.57737],[131.30055,33.57755],[131.30066,33.57755],[131.30065,33.57737]]]}},{"type":"Feature","properties":{"A40_001":"大分県","A40_002":"44","A40_003":"0.3m未満"},"geometry":{"type":"Polygon","coordinates":[[[131.28514,33.57696],[131.28482,33.57813],[131.28633,33.57795],[131.28633,33.57695],[131.28514,33.57696]],[[131.28601,33.57786],[131.28611,33.57777],[131.28611,33.57786],[131.28601,33.57786]]]}},{"type":"Feature","properties":{"A40_001":"大分県","A40_002":"44","A40_003":"0.3m以上 〜 1m未満"},"geometry":{"type":"Polygon","coordinates":[[[131.29893,33.57755],[131.29872,33.57747],[131.29872,33.57756],[131.29893,33.57755]]]}},{"type":"Feature","properties":{"A40_001":"大分県","A40_002":"44","A40_003":"1m以上 〜 2m未満"},"geometry":{"type":"Polygon","coordinates":[[[131.29775,33.57756],[131.29764,33.57747],[131.29764,33.57756],[131.29775,33.57756]]]}},{"type":"Feature","properties":{"A40_001":"大分県","A40_002":"44","A40_003":"1m以上 〜 2m未満"},"geometry":{"type":"Polygon","coordinates":[[[131.29581,33.57756],[131.29559,33.57747],[131.29559,33.57756],[131.29581,33.57756]]]}},{"type":"Feature","properties":{"A40_001":"大分県","A40_002":"44","A40_003":"0.3m以上 〜 1m未満"},"geometry":{"type":"Polygon","coordinates":[[[131.28439,33.5775],[131.2845,33.57759],[131.2845,33.5775],[131.28439,33.5775]]]}},{"type":"Feature","properties":{"A40_001":"大分県","A40_002":"44","A40_003":"0.3m以上 〜 1m未満"},"geometry":{"type":"Polygon","coordinates":[[[131.29861,33.57765],[131.2985,33.57747],[131.2985,33.57765],[131.29861,33.57765]]]}},{"type":"Feature","properties":{"A40_001":"大分県","A40_002":"44","A40_003":"0.3m未満"},"geometry":{"type":"Polygon","coordinates":[[[131.2845,33.57723],[131.28342,33.57696],[131.28245,33.57759],[131.28288,33.57822],[131.28471,33.57813],[131.2845,33.57723]],[[131.28407,33.57732],[131.28396,33.57741],[131.28396,33.57732],[131.28407,33.57732]],[[131.2845,33.57732],[131.28439,33.57741],[131.28439,33.57732],[131.2845,33.57732]],[[131.28439,33.57741],[131.28417,33.5775],[131.28417,33.57741],[131.28439,33.57741]],[[131.28439,33.5775],[131.2845,33.57759],[131.28439,33.57759],[131.28439,33.5775]],[[131.28439,33.57795],[131.2845,33.57786],[131.28461,33.57795],[131.28439,33.57795]]]}},{"type":"Feature","properties":{"A40_001":"大分県","A40_002":"44","A40_003":"0.3m未満"},"geometry":{"type":"Polygon","coordinates":[[[131.29581,33.57756],[131.29549,33.57765],[131.29581,33.57765],[131.29581,33.57756]]]}},{"type":"Feature","properties":{"A40_001":"大分県","A40_002":"44","A40_003":"0.3m以上 〜 1m未満"},"geometry":{"type":"Polygon","coordinates":[[[131.29549,33.57765],[131.29538,33.57756],[131.29538,33.57765],[131.29549,33.57765]]]}},{"type":"Feature","properties":{"A40_001":"大分県","A40_002":"44","A40_003":"0.3m未満"},"geometry":{"type":"Polygon","coordinates":[[[131.30507,33.57754],[131.30497,33.57772],[131.30507,33.57772],[131.30507,33.57754]]]}},{"type":"Feature","properties":{"A40_001":"大分県","A40_002":"44","A40_003":"1m以上 〜 2m未満"},"geometry":{"type":"Polygon","coordinates":[[[131.29721,33.57774],[131.2971,33.57756],[131.2971,33.57774],[131.29721,33.57774]]]}},{"type":"Feature","properties":{"A40_001":"大分県","A40_002":"44","A40_003":"0.3m未満"},"geometry":{"type":"Polygon","coordinates":[[[131.30518,33.57763],[131.30529,33.57772],[131.30529,33.57763],[131.30518,33.57763]]]}},{"type":"Feature","properties":{"A40_001":"大分県","A40_002":"44","A40_003":"0.3m未満"},"geometry":{"type":"Polygon","coordinates":[[[131.30163,33.57764],[131.30173,33.57773],[131.30173,33.57764],[131.30163,33.57764]]]}},{"type":"Feature","properties":{"A40_001":"大分県","A40_002":"44","A40_003":"1m以上 〜 2m未満"},"geometry":{"type":"Polygon","coordinates":[[[131.29592,33.57765],[131.29581,33.57783],[131.29592,33.57783],[131.29592,33.57765]]]}},{"type":"Feature","properties":{"A40_001":"大分県","A40_002":"44","A40_003":"0.3m未満"},"geometry":{"type":"Polygon","coordinates":[[[131.3054,33.57772],[131.3055,33.57781],[131.3055,33.57772],[131.3054,33.57772]]]}},{"type":"Feature","properties":{"A40_001":"大分県","A40_002":"44","A40_003":"0.3m未満"},"geometry":{"type":"Polygon","coordinates":[[[131.30313,33.57772],[131.30378,33.57781],[131.30378,33.57772],[131.30313,33.57772]]]}},{"type":"Feature","properties":{"A40_001":"大分県","A40_002":"44","A40_003":"0.3m未満"},"geometry":{"type":"Polygon","coordinates":[[[131.30249,33.57773],[131.3026,33.57782],[131.3026,33.57773],[131.30249,33.57773]]]}},{"type":"Feature","properties":{"A40_001":"大分県","A40_002":"44","A40_003":"0.3m未満"},"geometry":{"type":"Polygon","coordinates":[[[131.30141,33.57773],[131.30152,33.57782],[131.30152,33.57773],[131.30141,33.57773]]]}},{"type":"Feature","properties":{"A40_001":"大分県","A40_002":"44","A40_003":"0.3m未満"},"geometry":{"type":"Polygon","coordinates":[[[131.30109,33.57773],[131.3012,33.57782],[131.30119,33.57773],[131.30109,33.57773]]]}},{"type":"Feature","properties":{"A40_001":"大分県","A40_002":"44","A40_003":"2m以上 〜 3m未満"},"geometry":{"type":"Polygon","coordinates":[[[131.29699,33.57783],[131.29689,33.57774],[131.29689,33.57783],[131.29699,33.57783]]]}},{"type":"Feature","properties":{"A40_001":"大分県","A40_002":"44","A40_003":"0.3m未満"},"geometry":{"type":"Polygon","coordinates":[[[131.30583,33.57772],[131.30561,33.57799],[131.30583,33.57799],[131.30583,33.57772]]]}},{"type":"Feature","properties":{"A40_001":"大分県","A40_002":"44","A40_003":"0.3m以上 〜 1m未満"},"geometry":{"type":"Polygon","coordinates":[[[131.2845,33.57777],[131.28439,33.57795],[131.28461,33.57795],[131.2845,33.57777]]]}},{"type":"Feature","properties":{"A40_001":"大分県","A40_002":"44","A40_003":"0.3m未満"},"geometry":{"type":"Polygon","coordinates":[[[131.30281,33.57782],[131.30292,33.57791],[131.30292,33.57782],[131.30281,33.57782]]]}},{"type":"Feature","properties":{"A40_001":"大分県","A40_002":"44","A40_003":"0.3m未満"},"geometry":{"type":"Polygon","coordinates":[[[131.30389,33.57781],[131.30378,33.57799],[131.30389,33.57799],[131.30389,33.57781]]]}},{"type":"Feature","properties":{"A40_001":"大分県","A40_002":"44","A40_003":"0.3m以上 〜 1m未満"},"geometry":{"type":"Polygon","coordinates":[[[131.29861,33.57801],[131.2985,33.57783],[131.2985,33.57801],[131.29861,33.57801]]]}},{"type":"Feature","properties":{"A40_001":"大分県","A40_002":"44","A40_003":"0.3m未満"},"geometry":{"type":"Polygon","coordinates":[[[131.30184,33.57791],[131.30206,33.578],[131.30206,33.57791],[131.30184,33.57791]]]}},{"type":"Feature","properties":{"A40_001":"大分県","A40_002":"44","A40_003":"0.3m以上 〜 1m未満"},"geometry":{"type":"Polygon","coordinates":[[[131.29839,33.57801],[131.29829,33.57792],[131.29829,33.57801],[131.29839,33.57801]]]}},{"type":"Feature","properties":{"A40_001":"大分県","A40_002":"44","A40_003":"0.3m以上 〜 1m未満"},"geometry":{"type":"Polygon","coordinates":[[[131.29839,33.57656],[131.29667,33.5763],[131.29645,33.57702],[131.2971,33.5781],[131.29796,33.57783],[131.29775,33.57828],[131.29829,33.579],[131.29797,33.57936],[131.29851,33.57963],[131.29883,33.57954],[131.29796,33.57765],[131.2985,33.57747],[131.29807,33.57675],[131.29839,33.57656]],[[131.2984,33.57945],[131.29851,33.57936],[131.29851,33.57945],[131.2984,33.57945]],[[131.29742,33.57693],[131.29753,33.57702],[131.29742,33.57702],[131.29742,33.57693]],[[131.29721,33.57774],[131.2971,33.57756],[131.29721,33.57756],[131.29721,33.57774]],[[131.29764,33.57747],[131.29775,33.57756],[131.29764,33.57756],[131.29764,33.57747]]]}},{"type":"Feature","properties":{"A40_001":"大分県","A40_002":"44","A40_003":"0.3m未満"},"geometry":{"type":"Polygon","coordinates":[[[131.31477,33.57806],[131.31509,33.57815],[131.31509,33.57806],[131.31477,33.57806]]]}},{"type":"Feature","properties":{"A40_001":"大分県","A40_002":"44","A40_003":"0.3m以上 〜 1m未満"},"geometry":{"type":"Polygon","coordinates":[[[131.29603,33.5781],[131.29592,33.57792],[131.29592,33.5781],[131.29603,33.5781]]]}},{"type":"Feature","properties":{"A40_001":"大分県","A40_002":"44","A40_003":"0.3m未満"},"geometry":{"type":"Polygon","coordinates":[[[131.30497,33.57799],[131.30507,33.57808],[131.30507,33.57799],[131.30497,33.57799]]]}},{"type":"Feature","properties":{"A40_001":"大分県","A40_002":"44","A40_003":"0.3m未満"},"geometry":{"type":"Polygon","coordinates":[[[131.30443,33.57799],[131.30454,33.57808],[131.30454,33.57799],[131.30443,33.57799]]]}},{"type":"Feature","properties":{"A40_001":"大分県","A40_002":"44","A40_003":"0.3m以上 〜 1m未満"},"geometry":{"type":"Polygon","coordinates":[[[131.29753,33.5781],[131.29743,33.57801],[131.29743,33.5781],[131.29753,33.5781]]]}},{"type":"Feature","properties":{"A40_001":"大分県","A40_002":"44","A40_003":"0.3m未満"},"geometry":{"type":"Polygon","coordinates":[[[131.2873,33.57839],[131.28665,33.57831],[131.28741,33.57866],[131.28924,33.57812],[131.28924,33.57767],[131.28794,33.57758],[131.2873,33.57839]],[[131.28859,33.57785],[131.2887,33.57794],[131.28859,33.57794],[131.28859,33.57785]]]}},{"type":"Feature","properties":{"A40_001":"大分県","A40_002":"44","A40_003":"0.3m未満"},"geometry":{"type":"Polygon","coordinates":[[[131.30723,33.5779],[131.30604,33.57772],[131.30615,33.57835],[131.30712,33.57844],[131.30723,33.5779]]]}},{"type":"Feature","properties":{"A40_001":"大分県","A40_002":"44","A40_003":"0.3m未満"},"geometry":{"type":"Polygon","coordinates":[[[131.28547,33.57804],[131.28558,33.57813],[131.28558,33.57804],[131.28547,33.57804]]]}},{"type":"Feature","properties":{"A40_001":"大分県","A40_002":"44","A40_003":"0.3m未満"},"geometry":{"type":"Polygon","coordinates":[[[131.29613,33.57819],[131.29603,33.57801],[131.29603,33.57819],[131.29613,33.57819]]]}},{"type":"Feature","properties":{"A40_001":"大分県","A40_002":"44","A40_003":"0.3m未満"},"geometry":{"type":"Polygon","coordinates":[[[131.28644,33.57813],[131.28665,33.57821],[131.28665,33.57812],[131.28644,33.57813]]]}},{"type":"Feature","properties":{"A40_001":"大分県","A40_002":"44","A40_003":"0.3m未満"},"geometry":{"type":"Polygon","coordinates":[[[131.28127,33.57814],[131.28105,33.57796],[131.28137,33.57769],[131.28084,33.57796],[131.28062,33.5776],[131.27911,33.57868],[131.28084,33.57859],[131.28127,33.57814]],[[131.28105,33.57823],[131.28094,33.57832],[131.28094,33.57823],[131.28105,33.57823]],[[131.28084,33.57805],[131.28062,33.57814],[131.28062,33.57805],[131.28084,33.57805]]]}},{"type":"Feature","properties":{"A40_001":"大分県","A40_002":"44","A40_003":"0.3m未満"},"geometry":{"type":"Polygon","coordinates":[[[131.31445,33.57815],[131.31455,33.57824],[131.31455,33.57815],[131.31445,33.57815]]]}},{"type":"Feature","properties":{"A40_001":"大分県","A40_002":"44","A40_003":"0.3m未満"},"geometry":{"type":"Polygon","coordinates":[[[131.31671,33.57832],[131.31649,33.57814],[131.31649,33.57832],[131.31671,33.57832]]]}},{"type":"Feature","properties":{"A40_001":"大分県","A40_002":"44","A40_003":"0.3m未満"},"geometry":{"type":"Polygon","coordinates":[[[131.31606,33.57823],[131.31617,33.57832],[131.31617,33.57823],[131.31606,33.57823]]]}},{"type":"Feature","properties":{"A40_001":"大分県","A40_002":"44","A40_003":"0.3m未満"},"geometry":{"type":"Polygon","coordinates":[[[131.31272,33.57824],[131.31283,33.57833],[131.31283,33.57824],[131.31272,33.57824]]]}},{"type":"Feature","properties":{"A40_001":"大分県","A40_002":"44","A40_003":"0.3m未満"},"geometry":{"type":"Polygon","coordinates":[[[131.31251,33.57824],[131.31262,33.57833],[131.31262,33.57824],[131.31251,33.57824]]]}},{"type":"Feature","properties":{"A40_001":"大分県","A40_002":"44","A40_003":"2m以上 〜 3m未満"},"geometry":{"type":"Polygon","coordinates":[[[131.29624,33.57828],[131.29613,33.5781],[131.29613,33.57828],[131.29624,33.57828]]]}},{"type":"Feature","properties":{"A40_001":"大分県","A40_002":"44","A40_003":"0.3m未満"},"geometry":{"type":"Polygon","coordinates":[[[131.2678,33.57817],[131.26737,33.57817],[131.2678,33.57835],[131.2678,33.57817]]]}},{"type":"Feature","properties":{"A40_001":"大分県","A40_002":"44","A40_003":"0.3m未満"},"geometry":{"type":"Polygon","coordinates":[[[131.30572,33.57826],[131.30594,33.57817],[131.30572,33.57817],[131.30572,33.57826]]]}},{"type":"Feature","properties":{"A40_001":"大分県","A40_002":"44","A40_003":"0.3m未満"},"geometry":{"type":"Polygon","coordinates":[[[131.30551,33.57817],[131.30561,33.57826],[131.30561,33.57817],[131.30551,33.57817]]]}},{"type":"Feature","properties":{"A40_001":"大分県","A40_002":"44","A40_003":"0.3m以上 〜 1m未満"},"geometry":{"type":"Polygon","coordinates":[[[131.29764,33.57828],[131.29753,33.57819],[131.29753,33.57828],[131.29764,33.57828]]]}},{"type":"Feature","properties":{"A40_001":"大分県","A40_002":"44","A40_003":"3m以上 〜 4m未満"},"geometry":{"type":"Polygon","coordinates":[[[131.29635,33.57828],[131.29624,33.57819],[131.29624,33.57828],[131.29635,33.57828]]]}},{"type":"Feature","properties":{"A40_001":"大分県","A40_002":"44","A40_003":"0.3m未満"},"geometry":{"type":"Polygon","coordinates":[[[131.29096,33.5783],[131.29085,33.57821],[131.29086,33.5783],[131.29096,33.5783]]]}},{"type":"Feature","properties":{"A40_001":"大分県","A40_002":"44","A40_003":"0.3m未満"},"geometry":{"type":"Polygon","coordinates":[[[131.29064,33.5783],[131.29053,33.57821],[131.29053,33.5783],[131.29064,33.5783]]]}},{"type":"Feature","properties":{"A40_001":"大分県","A40_002":"44","A40_003":"0.3m未満"},"geometry":{"type":"Polygon","coordinates":[[[131.30206,33.57818],[131.30163,33.57845],[131.30206,33.57836],[131.30206,33.57818]]]}},{"type":"Feature","properties":{"A40_001":"大分県","A40_002":"44","A40_003":"0.3m未満"},"geometry":{"type":"Polygon","coordinates":[[[131.28224,33.57823],[131.28235,33.57832],[131.28234,33.57822],[131.28224,33.57823]]]}},{"type":"Feature","properties":{"A40_001":"大分県","A40_002":"44","A40_003":"0.3m以上 〜 1m未満"},"geometry":{"type":"Polygon","coordinates":[[[131.30938,33.57825],[131.30949,33.57834],[131.30949,33.57825],[131.30938,33.57825]]]}},{"type":"Feature","properties":{"A40_001":"大分県","A40_002":"44","A40_003":"0.3m以上 〜 1m未満"},"geometry":{"type":"Polygon","coordinates":[[[131.30906,33.57825],[131.30917,33.57834],[131.30917,33.57825],[131.30906,33.57825]]]}},{"type":"Feature","properties":{"A40_001":"大分県","A40_002":"44","A40_003":"1m以上 〜 2m未満"},"geometry":{"type":"Polygon","coordinates":[[[131.2901,33.57839],[131.28978,33.57821],[131.28978,33.5783],[131.2901,33.57839]]]}},{"type":"Feature","properties":{"A40_001":"大分県","A40_002":"44","A40_003":"0.3m以上 〜 1m未満"},"geometry":{"type":"Polygon","coordinates":[[[131.2678,33.57844],[131.26759,33.57817],[131.26737,33.57817],[131.2678,33.57844]]]}},{"type":"Feature","properties":{"A40_001":"大分県","A40_002":"44","A40_003":"0.3m以上 〜 1m未満"},"geometry":{"type":"Polygon","coordinates":[[[131.2873,33.57839],[131.28708,33.57821],[131.28709,33.57839],[131.2873,33.57839]]]}},{"type":"Feature","properties":{"A40_001":"大分県","A40_002":"44","A40_003":"0.3m未満"},"geometry":{"type":"Polygon","coordinates":[[[131.30561,33.57826],[131.30572,33.57835],[131.30572,33.57826],[131.30561,33.57826]]]}},{"type":"Feature","properties":{"A40_001":"大分県","A40_002":"44","A40_003":"0.3m未満"},"geometry":{"type":"Polygon","coordinates":[[[131.29312,33.57838],[131.2929,33.57829],[131.2929,33.57838],[131.29312,33.57838]]]}},{"type":"Feature","properties":{"A40_001":"大分県","A40_002":"44","A40_003":"0.3m未満"},"geometry":{"type":"Polygon","coordinates":[[[131.29086,33.57839],[131.29075,33.5783],[131.29075,33.57839],[131.29086,33.57839]]]}},{"type":"Feature","properties":{"A40_001":"大分県","A40_002":"44","A40_003":"0.3m以上 〜 1m未満"},"geometry":{"type":"Polygon","coordinates":[[[131.30497,33.57799],[131.30109,33.57782],[131.30098,33.57737],[131.30076,33.57791],[131.3012,33.57872],[131.30195,33.57845],[131.30206,33.57917],[131.30206,33.57845],[131.3026,33.57845],[131.3026,33.57899],[131.30335,33.57935],[131.30379,33.57935],[131.30389,33.57871],[131.30529,33.57916],[131.30464,33.57817],[131.30497,33.57799]],[[131.30206,33.57836],[131.30163,33.57818],[131.30206,33.57818],[131.30206,33.57836]],[[131.304,33.57871],[131.30411,33.57862],[131.30411,33.57871],[131.304,33.57871]],[[131.30346,33.57881],[131.30357,33.5789],[131.30346,33.5789],[131.30346,33.57881]],[[131.30184,33.578],[131.30206,33.57791],[131.30206,33.578],[131.30184,33.578]]]}},{"type":"Feature","properties":{"A40_001":"大分県","A40_002":"44","A40_003":"0.3m未満"},"geometry":{"type":"Polygon","coordinates":[[[131.2817,33.57832],[131.28181,33.57841],[131.28181,33.57832],[131.2817,33.57832]]]}},{"type":"Feature","properties":{"A40_001":"大分県","A40_002":"44","A40_003":"0.3m以上 〜 1m未満"},"geometry":{"type":"Polygon","coordinates":[[[131.29753,33.57828],[131.29743,33.57846],[131.29753,33.57846],[131.29753,33.57828]]]}},{"type":"Feature","properties":{"A40_001":"大分県","A40_002":"44","A40_003":"0.3m未満"},"geometry":{"type":"Polygon","coordinates":[[[131.28978,33.57848],[131.28967,33.5783],[131.28967,33.57848],[131.28978,33.57848]]]}},{"type":"Feature","properties":{"A40_001":"大分県","A40_002":"44","A40_003":"0.3m未満"},"geometry":{"type":"Polygon","coordinates":[[[131.26759,33.57844],[131.26748,33.57835],[131.26748,33.57844],[131.26759,33.57844]]]}},{"type":"Feature","properties":{"A40_001":"大分県","A40_002":"44","A40_003":"0.3m未満"},"geometry":{"type":"Polygon","coordinates":[[[131.30551,33.57835],[131.30561,33.57844],[131.30561,33.57835],[131.30551,33.57835]]]}},{"type":"Feature","properties":{"A40_001":"大分県","A40_002":"44","A40_003":"0.3m未満"},"geometry":{"type":"Polygon","coordinates":[[[131.28278,33.57822],[131.28267,33.57858],[131.28278,33.57858],[131.28278,33.57822]]]}},{"type":"Feature","properties":{"A40_001":"大分県","A40_002":"44","A40_003":"1m以上 〜 2m未満"},"geometry":{"type":"Polygon","coordinates":[[[131.29925,33.57737],[131.29796,33.57765],[131.29862,33.57945],[131.30001,33.57899],[131.29925,33.57737]],[[131.29829,33.57801],[131.29839,33.57792],[131.29839,33.57801],[131.29829,33.57801]],[[131.2985,33.57801],[131.29861,33.57783],[131.29861,33.57801],[131.2985,33.57801]]]}},{"type":"Feature","properties":{"A40_001":"大分県","A40_002":"44","A40_003":"0.3m以上 〜 1m未満"},"geometry":{"type":"Polygon","coordinates":[[[131.29775,33.57846],[131.29764,33.57837],[131.29764,33.57846],[131.29775,33.57846]]]}},{"type":"Feature","properties":{"A40_001":"大分県","A40_002":"44","A40_003":"1m以上 〜 2m未満"},"geometry":{"type":"Polygon","coordinates":[[[131.29743,33.57846],[131.29732,33.57837],[131.29732,33.57846],[131.29743,33.57846]]]}},{"type":"Feature","properties":{"A40_001":"大分県","A40_002":"44","A40_003":"0.3m未満"},"geometry":{"type":"Polygon","coordinates":[[[131.28633,33.5784],[131.28644,33.57849],[131.28644,33.5784],[131.28633,33.5784]]]}},{"type":"Feature","properties":{"A40_001":"大分県","A40_002":"44","A40_003":"0.3m未満"},"geometry":{"type":"Polygon","coordinates":[[[131.28116,33.57841],[131.28127,33.5785],[131.28127,33.57841],[131.28116,33.57841]]]}},{"type":"Feature","properties":{"A40_001":"大分県","A40_002":"44","A40_003":"0.3m未満"},"geometry":{"type":"Polygon","coordinates":[[[131.2929,33.57856],[131.29279,33.57838],[131.2928,33.57856],[131.2929,33.57856]]]}},{"type":"Feature","properties":{"A40_001":"大分県","A40_002":"44","A40_003":"0.3m以上 〜 1m未満"},"geometry":{"type":"Polygon","coordinates":[[[131.2999,33.57827],[131.29991,33.57872],[131.30001,33.57872],[131.2999,33.57827]]]}},{"type":"Feature","properties":{"A40_001":"大分県","A40_002":"44","A40_003":"1m以上 〜 2m未満"},"geometry":{"type":"Polygon","coordinates":[[[131.29775,33.57783],[131.29721,33.5781],[131.29721,33.57828],[131.29818,33.57918],[131.29775,33.57783]],[[131.29743,33.57801],[131.29753,33.5781],[131.29743,33.5781],[131.29743,33.57801]],[[131.29753,33.57828],[131.29764,33.57819],[131.29764,33.57828],[131.29753,33.57828]],[[131.29764,33.57846],[131.29775,33.57837],[131.29775,33.57846],[131.29764,33.57846]]]}},{"type":"Feature","properties":{"A40_001":"大分県","A40_002":"44","A40_003":"0.3m未満"},"geometry":{"type":"Polygon","coordinates":[[[131.31165,33.5787],[131.31035,33.57834],[131.31035,33.5787],[131.31165,33.5787]]]}},{"type":"Feature","properties":{"A40_001":"大分県","A40_002":"44","A40_003":"1m以上 〜 2m未満"},"geometry":{"type":"Polygon","coordinates":[[[131.29107,33.57857],[131.29096,33.57848],[131.29096,33.57857],[131.29107,33.57857]]]}},{"type":"Feature","properties":{"A40_001":"大分県","A40_002":"44","A40_003":"0.3m以上 〜 1m未満"},"geometry":{"type":"Polygon","coordinates":[[[131.28849,33.57848],[131.28838,33.57866],[131.28849,33.57866],[131.28849,33.57848]]]}},{"type":"Feature","properties":{"A40_001":"大分県","A40_002":"44","A40_003":"0.3m未満"},"geometry":{"type":"Polygon","coordinates":[[[131.29366,33.57829],[131.29387,33.57892],[131.29452,33.57856],[131.29441,33.57838],[131.29366,33.57829]],[[131.29387,33.57883],[131.29398,33.57874],[131.29398,33.57883],[131.29387,33.57883]]]}},{"type":"Feature","properties":{"A40_001":"大分県","A40_002":"44","A40_003":"0.3m以上 〜 1m未満"},"geometry":{"type":"Polygon","coordinates":[[[131.29021,33.57812],[131.28946,33.57884],[131.29053,33.57857],[131.29161,33.57911],[131.29107,33.57829],[131.29021,33.57812]],[[131.29096,33.57857],[131.29107,33.57848],[131.29107,33.57857],[131.29096,33.57857]]]}},{"type":"Feature","properties":{"A40_001":"大分県","A40_002":"44","A40_003":"0.3m未満"},"geometry":{"type":"Polygon","coordinates":[[[131.30895,33.57834],[131.30734,33.57853],[131.30885,33.57852],[131.30863,33.57915],[131.30982,33.57915],[131.31014,33.57861],[131.30906,33.57816],[131.30917,33.57897],[131.30896,33.57906],[131.30895,33.57834]]]}},{"type":"Feature","properties":{"A40_001":"大分県","A40_002":"44","A40_003":"0.3m以上 〜 1m未満"},"geometry":{"type":"Polygon","coordinates":[[[131.2887,33.57866],[131.28859,33.57857],[131.28859,33.57866],[131.2887,33.57866]]]}},{"type":"Feature","properties":{"A40_001":"大分県","A40_002":"44","A40_003":"0.3m未満"},"geometry":{"type":"Polygon","coordinates":[[[131.31682,33.57832],[131.31692,33.57841],[131.31692,33.57832],[131.31682,33.57832]]]}},{"type":"Feature","properties":{"A40_001":"大分県","A40_002":"44","A40_003":"0.3m未満"},"geometry":{"type":"Polygon","coordinates":[[[131.31736,33.5785],[131.31746,33.57859],[131.31746,33.5785],[131.31736,33.5785]]]}},{"type":"Feature","properties":{"A40_001":"大分県","A40_002":"44","A40_003":"0.3m未満"},"geometry":{"type":"Polygon","coordinates":[[[131.30594,33.57835],[131.30583,33.57889],[131.30605,33.57889],[131.30594,33.57835]]]}},{"type":"Feature","properties":{"A40_001":"大分県","A40_002":"44","A40_003":"0.3m未満"},"geometry":{"type":"Polygon","coordinates":[[[131.28008,33.57859],[131.2803,33.57868],[131.2803,33.57859],[131.28008,33.57859]]]}},{"type":"Feature","properties":{"A40_001":"大分県","A40_002":"44","A40_003":"1m以上 〜 2m未満"},"geometry":{"type":"Polygon","coordinates":[[[131.29646,33.57837],[131.29646,33.57882],[131.29667,33.57891],[131.29646,33.57837]]]}},{"type":"Feature","properties":{"A40_001":"大分県","A40_002":"44","A40_003":"0.3m未満"},"geometry":{"type":"Polygon","coordinates":[[[131.28881,33.57839],[131.28849,33.57866],[131.28913,33.57893],[131.29,33.57893],[131.28881,33.57839]]]}},{"type":"Feature","properties":{"A40_001":"大分県","A40_002":"44","A40_003":"1m以上 〜 2m未満"},"geometry":{"type":"Polygon","coordinates":[[[131.304,33.57862],[131.30411,33.57871],[131.30411,33.57862],[131.304,33.57862]]]}},{"type":"Feature","properties":{"A40_001":"大分県","A40_002":"44","A40_003":"0.3m以上 〜 1m未満"},"geometry":{"type":"Polygon","coordinates":[[[131.30098,33.57863],[131.30109,33.57872],[131.30109,33.57863],[131.30098,33.57863]]]}},{"type":"Feature","properties":{"A40_001":"大分県","A40_002":"44","A40_003":"1m以上 〜 2m未満"},"geometry":{"type":"Polygon","coordinates":[[[131.30109,33.57728],[131.29968,33.57674],[131.29936,33.57737],[131.30044,33.5789],[131.30099,33.58071],[131.30207,33.5807],[131.3026,33.57845],[131.30206,33.57845],[131.30217,33.57917],[131.30195,33.57845],[131.3012,33.57872],[131.30076,33.57791],[131.30109,33.57728]],[[131.30044,33.5771],[131.30055,33.57728],[131.30044,33.57728],[131.30044,33.5771]],[[131.30044,33.5789],[131.30066,33.57881],[131.30066,33.5789],[131.30044,33.5789]],[[131.30098,33.57863],[131.30109,33.57872],[131.30098,33.57872],[131.30098,33.57863]],[[131.30098,33.57872],[131.30077,33.57881],[131.30077,33.57872],[131.30098,33.57872]],[[131.30109,33.5798],[131.30131,33.57971],[131.30131,33.5798],[131.30109,33.5798]],[[131.30131,33.57971],[131.30152,33.57962],[131.30152,33.57971],[131.30131,33.57971]],[[131.30217,33.57944],[131.30228,33.57926],[131.30228,33.57944],[131.30217,33.57944]],[[131.30055,33.57755],[131.30065,33.57737],[131.30066,33.57755],[131.30055,33.57755]],[[131.30185,33.57899],[131.30195,33.57908],[131.30185,33.57908],[131.30185,33.57899]],[[131.30163,33.57962],[131.30185,33.57953],[131.30185,33.57962],[131.30163,33.57962]],[[131.30088,33.57989],[131.30099,33.5798],[131.30099,33.57989],[131.30088,33.57989]]]}},{"type":"Feature","properties":{"A40_001":"大分県","A40_002":"44","A40_003":"1m以上 〜 2m未満"},"geometry":{"type":"Polygon","coordinates":[[[131.29075,33.57866],[131.29021,33.57875],[131.29075,33.57875],[131.29075,33.57866]]]}},{"type":"Feature","properties":{"A40_001":"大分県","A40_002":"44","A40_003":"0.3m未満"},"geometry":{"type":"Polygon","coordinates":[[[131.28838,33.57866],[131.28849,33.57875],[131.28849,33.57866],[131.28838,33.57866]]]}},{"type":"Feature","properties":{"A40_001":"大分県","A40_002":"44","A40_003":"0.3m未満"},"geometry":{"type":"Polygon","coordinates":[[[131.28687,33.57867],[131.28698,33.57876],[131.28698,33.57867],[131.28687,33.57867]]]}},{"type":"Feature","properties":{"A40_001":"大分県","A40_002":"44","A40_003":"0.3m未満"},"geometry":{"type":"Polygon","coordinates":[[[131.30561,33.57862],[131.30551,33.5788],[131.30562,33.5788],[131.30561,33.57862]]]}},{"type":"Feature","properties":{"A40_001":"大分県","A40_002":"44","A40_003":"0.3m以上 〜 1m未満"},"geometry":{"type":"Polygon","coordinates":[[[131.27901,33.57868],[131.27911,33.57877],[131.27911,33.57868],[131.27901,33.57868]]]}},{"type":"Feature","properties":{"A40_001":"大分県","A40_002":"44","A40_003":"0.3m以上 〜 1m未満"},"geometry":{"type":"Polygon","coordinates":[[[131.29775,33.57864],[131.29743,33.57873],[131.29786,33.57882],[131.29775,33.57864]]]}},{"type":"Feature","properties":{"A40_001":"大分県","A40_002":"44","A40_003":"0.3m未満"},"geometry":{"type":"Polygon","coordinates":[[[131.2928,33.57883],[131.29269,33.57865],[131.29269,33.57883],[131.2928,33.57883]]]}},{"type":"Feature","properties":{"A40_001":"大分県","A40_002":"44","A40_003":"0.3m以上 〜 1m未満"},"geometry":{"type":"Polygon","coordinates":[[[131.30906,33.57852],[131.30906,33.57888],[131.30896,33.57906],[131.30917,33.57897],[131.30906,33.57852]]]}},{"type":"Feature","properties":{"A40_001":"大分県","A40_002":"44","A40_003":"0.3m以上 〜 1m未満"},"geometry":{"type":"Polygon","coordinates":[[[131.30077,33.57881],[131.30098,33.57872],[131.30077,33.57872],[131.30077,33.57881]]]}},{"type":"Feature","properties":{"A40_001":"大分県","A40_002":"44","A40_003":"0.3m未満"},"geometry":{"type":"Polygon","coordinates":[[[131.29764,33.57882],[131.29754,33.57873],[131.29754,33.57882],[131.29764,33.57882]]]}},{"type":"Feature","properties":{"A40_001":"大分県","A40_002":"44","A40_003":"0.3m以上 〜 1m未満"},"geometry":{"type":"Polygon","coordinates":[[[131.28838,33.57866],[131.28827,33.57893],[131.28838,33.57893],[131.28838,33.57866]]]}},{"type":"Feature","properties":{"A40_001":"大分県","A40_002":"44","A40_003":"0.3m未満"},"geometry":{"type":"Polygon","coordinates":[[[131.28816,33.57875],[131.28827,33.57884],[131.28827,33.57875],[131.28816,33.57875]]]}},{"type":"Feature","properties":{"A40_001":"大分県","A40_002":"44","A40_003":"0.3m未満"},"geometry":{"type":"Polygon","coordinates":[[[131.28838,33.57848],[131.28762,33.57866],[131.2872,33.57912],[131.28784,33.57902],[131.28838,33.57848]],[[131.28773,33.57875],[131.28784,33.57884],[131.28773,33.57884],[131.28773,33.57875]]]}},{"type":"Feature","properties":{"A40_001":"大分県","A40_002":"44","A40_003":"0.3m未満"},"geometry":{"type":"Polygon","coordinates":[[[131.31757,33.57859],[131.31768,33.57868],[131.31768,33.57859],[131.31757,33.57859]]]}},{"type":"Feature","properties":{"A40_001":"大分県","A40_002":"44","A40_003":"0.3m未満"},"geometry":{"type":"Polygon","coordinates":[[[131.31251,33.57833],[131.31229,33.57851],[131.31251,33.57905],[131.31251,33.57833]]]}},{"type":"Feature","properties":{"A40_001":"大分県","A40_002":"44","A40_003":"0.3m未満"},"geometry":{"type":"Polygon","coordinates":[[[131.31779,33.57877],[131.3179,33.57886],[131.3179,33.57877],[131.31779,33.57877]]]}},{"type":"Feature","properties":{"A40_001":"大分県","A40_002":"44","A40_003":"0.3m未満"},"geometry":{"type":"Polygon","coordinates":[[[131.28666,33.57876],[131.28676,33.57885],[131.28676,33.57876],[131.28666,33.57876]]]}},{"type":"Feature","properties":{"A40_001":"大分県","A40_002":"44","A40_003":"0.3m未満"},"geometry":{"type":"Polygon","coordinates":[[[131.28633,33.57867],[131.28623,33.57894],[131.28633,33.57894],[131.28633,33.57867]]]}},{"type":"Feature","properties":{"A40_001":"大分県","A40_002":"44","A40_003":"0.3m未満"},"geometry":{"type":"Polygon","coordinates":[[[131.31165,33.57879],[131.31176,33.57888],[131.31176,33.57879],[131.31165,33.57879]]]}},{"type":"Feature","properties":{"A40_001":"大分県","A40_002":"44","A40_003":"0.3m未満"},"geometry":{"type":"Polygon","coordinates":[[[131.29226,33.57838],[131.2915,33.57856],[131.29183,33.57919],[131.29247,33.57928],[131.29226,33.57838]]]}},{"type":"Feature","properties":{"A40_001":"大分県","A40_002":"44","A40_003":"0.3m以上 〜 1m未満"},"geometry":{"type":"Polygon","coordinates":[[[131.30691,33.5788],[131.30702,33.57889],[131.30702,33.5788],[131.30691,33.5788]]]}},{"type":"Feature","properties":{"A40_001":"大分県","A40_002":"44","A40_003":"1m以上 〜 2m未満"},"geometry":{"type":"Polygon","coordinates":[[[131.30346,33.57881],[131.30357,33.5789],[131.30357,33.57881],[131.30346,33.57881]]]}},{"type":"Feature","properties":{"A40_001":"大分県","A40_002":"44","A40_003":"0.3m以上 〜 1m未満"},"geometry":{"type":"Polygon","coordinates":[[[131.30044,33.57881],[131.30066,33.5789],[131.30066,33.57881],[131.30044,33.57881]]]}},{"type":"Feature","properties":{"A40_001":"大分県","A40_002":"44","A40_003":"0.3m未満"},"geometry":{"type":"Polygon","coordinates":[[[131.27901,33.57895],[131.27922,33.57877],[131.27868,33.57877],[131.27901,33.57895]]]}},{"type":"Feature","properties":{"A40_001":"大分県","A40_002":"44","A40_003":"0.3m以上 〜 1m未満"},"geometry":{"type":"Polygon","coordinates":[[[131.29797,33.57891],[131.29786,33.57882],[131.29786,33.57891],[131.29797,33.57891]]]}},{"type":"Feature","properties":{"A40_001":"大分県","A40_002":"44","A40_003":"1m以上 〜 2m未満"},"geometry":{"type":"Polygon","coordinates":[[[131.29764,33.57891],[131.29754,33.57882],[131.29754,33.57891],[131.29764,33.57891]]]}},{"type":"Feature","properties":{"A40_001":"大分県","A40_002":"44","A40_003":"3m以上 〜 4m未満"},"geometry":{"type":"Polygon","coordinates":[[[131.29678,33.57891],[131.29667,33.57882],[131.29667,33.57891],[131.29678,33.57891]]]}},{"type":"Feature","properties":{"A40_001":"大分県","A40_002":"44","A40_003":"1m以上 〜 2m未満"},"geometry":{"type":"Polygon","coordinates":[[[131.2915,33.57892],[131.2914,33.57884],[131.2914,33.57893],[131.2915,33.57892]]]}},{"type":"Feature","properties":{"A40_001":"大分県","A40_002":"44","A40_003":"0.3m未満"},"geometry":{"type":"Polygon","coordinates":[[[131.29086,33.57884],[131.29064,33.57893],[131.29086,33.57893],[131.29086,33.57884]]]}},{"type":"Feature","properties":{"A40_001":"大分県","A40_002":"44","A40_003":"0.3m未満"},"geometry":{"type":"Polygon","coordinates":[[[131.29269,33.57901],[131.29258,33.57883],[131.29258,33.57901],[131.29269,33.57901]]]}},{"type":"Feature","properties":{"A40_001":"大分県","A40_002":"44","A40_003":"0.3m以上 〜 1m未満"},"geometry":{"type":"Polygon","coordinates":[[[131.30702,33.57889],[131.30712,33.57898],[131.30712,33.57889],[131.30702,33.57889]]]}},{"type":"Feature","properties":{"A40_001":"大分県","A40_002":"44","A40_003":"0.3m未満"},"geometry":{"type":"Polygon","coordinates":[[[131.26802,33.57898],[131.26791,33.57889],[131.26791,33.57898],[131.26802,33.57898]]]}},{"type":"Feature","properties":{"A40_001":"大分県","A40_002":"44","A40_003":"0.3m未満"},"geometry":{"type":"Polygon","coordinates":[[[131.30605,33.57889],[131.30626,33.57898],[131.30626,33.57889],[131.30605,33.57889]]]}},{"type":"Feature","properties":{"A40_001":"大分県","A40_002":"44","A40_003":"0.3m未満"},"geometry":{"type":"Polygon","coordinates":[[[131.2943,33.57901],[131.2942,33.57892],[131.2942,33.57901],[131.2943,33.57901]]]}},{"type":"Feature","properties":{"A40_001":"大分県","A40_002":"44","A40_003":"0.3m未満"},"geometry":{"type":"Polygon","coordinates":[[[131.31036,33.57879],[131.30993,33.57906],[131.31003,33.57933],[131.31036,33.57879]]]}},{"type":"Feature","properties":{"A40_001":"大分県","A40_002":"44","A40_003":"1m以上 〜 2m未満"},"geometry":{"type":"Polygon","coordinates":[[[131.29097,33.57902],[131.29086,33.57893],[131.29086,33.57902],[131.29097,33.57902]]]}},{"type":"Feature","properties":{"A40_001":"大分県","A40_002":"44","A40_003":"0.3m以上 〜 1m未満"},"geometry":{"type":"Polygon","coordinates":[[[131.29086,33.57893],[131.28892,33.57902],[131.29086,33.57902],[131.29086,33.57893]]]}},{"type":"Feature","properties":{"A40_001":"大分県","A40_002":"44","A40_003":"0.3m未満"},"geometry":{"type":"Polygon","coordinates":[[[131.28892,33.57893],[131.2887,33.57902],[131.28892,33.57902],[131.28892,33.57893]]]}},{"type":"Feature","properties":{"A40_001":"大分県","A40_002":"44","A40_003":"1m以上 〜 2m未満"},"geometry":{"type":"Polygon","coordinates":[[[131.30507,33.57808],[131.30464,33.57817],[131.30529,33.57916],[131.30378,33.57881],[131.30422,33.57989],[131.30551,33.5797],[131.30507,33.57808]],[[131.30454,33.57971],[131.30465,33.57961],[131.30465,33.5797],[131.30454,33.57971]]]}},{"type":"Feature","properties":{"A40_001":"大分県","A40_002":"44","A40_003":"0.3m未満"},"geometry":{"type":"Polygon","coordinates":[[[131.29797,33.57909],[131.29786,33.57891],[131.29786,33.57909],[131.29797,33.57909]]]}},{"type":"Feature","properties":{"A40_001":"大分県","A40_002":"44","A40_003":"0.3m未満"},"geometry":{"type":"Polygon","coordinates":[[[131.27847,33.57895],[131.27858,33.57904],[131.27858,33.57895],[131.27847,33.57895]]]}},{"type":"Feature","properties":{"A40_001":"大分県","A40_002":"44","A40_003":"0.3m未満"},"geometry":{"type":"Polygon","coordinates":[[[131.31165,33.57897],[131.31176,33.57906],[131.31176,33.57897],[131.31165,33.57897]]]}},{"type":"Feature","properties":{"A40_001":"大分県","A40_002":"44","A40_003":"0.3m以上 〜 1m未満"},"geometry":{"type":"Polygon","coordinates":[[[131.28849,33.57893],[131.28838,33.57911],[131.28881,33.57911],[131.28849,33.57893]]]}},{"type":"Feature","properties":{"A40_001":"大分県","A40_002":"44","A40_003":"0.3m未満"},"geometry":{"type":"Polygon","coordinates":[[[131.30723,33.57862],[131.30659,33.57898],[131.30691,33.57943],[131.30745,33.57916],[131.30723,33.57862]],[[131.30691,33.5788],[131.30702,33.57889],[131.30691,33.57889],[131.30691,33.5788]],[[131.30702,33.57889],[131.30712,33.57898],[131.30702,33.57898],[131.30702,33.57889]],[[131.30702,33.57925],[131.3068,33.57907],[131.30712,33.57907],[131.30702,33.57925]]]}},{"type":"Feature","properties":{"A40_001":"大分県","A40_002":"44","A40_003":"0.3m未満"},"geometry":{"type":"Polygon","coordinates":[[[131.28838,33.57893],[131.28827,33.57911],[131.28838,33.57911],[131.28838,33.57893]]]}},{"type":"Feature","properties":{"A40_001":"大分県","A40_002":"44","A40_003":"0.3m以上 〜 1m未満"},"geometry":{"type":"Polygon","coordinates":[[[131.26802,33.57907],[131.26705,33.57871],[131.26694,33.57889],[131.26759,33.57934],[131.26802,33.57907]]]}},{"type":"Feature","properties":{"A40_001":"大分県","A40_002":"44","A40_003":"0.3m未満"},"geometry":{"type":"Polygon","coordinates":[[[131.3179,33.57895],[131.31768,33.57913],[131.3179,33.57913],[131.3179,33.57895]]]}},{"type":"Feature","properties":{"A40_001":"大分県","A40_002":"44","A40_003":"1m以上 〜 2m未満"},"geometry":{"type":"Polygon","coordinates":[[[131.31456,33.57941],[131.31423,33.57896],[131.31402,33.57941],[131.31456,33.57941]]]}},{"type":"Feature","properties":{"A40_001":"大分県","A40_002":"44","A40_003":"0.3m以上 〜 1m未満"},"geometry":{"type":"Polygon","coordinates":[[[131.31542,33.57914],[131.31531,33.57932],[131.31542,33.57932],[131.31542,33.57914]]]}},{"type":"Feature","properties":{"A40_001":"大分県","A40_002":"44","A40_003":"1m以上 〜 2m未満"},"geometry":{"type":"Polygon","coordinates":[[[131.31359,33.57923],[131.3137,33.57932],[131.3137,33.57923],[131.31359,33.57923]]]}},{"type":"Feature","properties":{"A40_001":"大分県","A40_002":"44","A40_003":"0.3m未満"},"geometry":{"type":"Polygon","coordinates":[[[131.26704,33.57646],[131.26715,33.57655],[131.26715,33.57646],[131.26704,33.57646]]]}},{"type":"Feature","properties":{"A40_001":"大分県","A40_002":"44","A40_003":"1m以上 〜 2m未満"},"geometry":{"type":"Polygon","coordinates":[[[131.2665,33.57646],[131.26661,33.57655],[131.26661,33.57646],[131.2665,33.57646]]]}},{"type":"Feature","properties":{"A40_001":"大分県","A40_002":"44","A40_003":"0.3m未満"},"geometry":{"type":"Polygon","coordinates":[[[131.26575,33.57646],[131.26586,33.57655],[131.26586,33.57646],[131.26575,33.57646]]]}},{"type":"Feature","properties":{"A40_001":"大分県","A40_002":"44","A40_003":"0.3m以上 〜 1m未満"},"geometry":{"type":"Polygon","coordinates":[[[131.26467,33.57646],[131.26478,33.57655],[131.26478,33.57646],[131.26467,33.57646]]]}},{"type":"Feature","properties":{"A40_001":"大分県","A40_002":"44","A40_003":"0.3m未満"},"geometry":{"type":"Polygon","coordinates":[[[131.26553,33.57646],[131.26532,33.57664],[131.26564,33.57664],[131.26553,33.57646]]]}},{"type":"Feature","properties":{"A40_001":"大分県","A40_002":"44","A40_003":"1m以上 〜 2m未満"},"geometry":{"type":"Polygon","coordinates":[[[131.26694,33.57655],[131.26704,33.57664],[131.26704,33.57655],[131.26694,33.57655]]]}},{"type":"Feature","properties":{"A40_001":"大分県","A40_002":"44","A40_003":"0.3m未満"},"geometry":{"type":"Polygon","coordinates":[[[131.26467,33.57655],[131.26489,33.57664],[131.26489,33.57655],[131.26467,33.57655]]]}},{"type":"Feature","properties":{"A40_001":"大分県","A40_002":"44","A40_003":"0.3m以上 〜 1m未満"},"geometry":{"type":"Polygon","coordinates":[[[131.26457,33.57655],[131.26446,33.57673],[131.26457,33.57673],[131.26457,33.57655]]]}},{"type":"Feature","properties":{"A40_001":"大分県","A40_002":"44","A40_003":"0.3m以上 〜 1m未満"},"geometry":{"type":"Polygon","coordinates":[[[131.26586,33.57628],[131.26553,33.57628],[131.26564,33.57682],[131.26618,33.57709],[131.26586,33.57628]],[[131.26575,33.57655],[131.26586,33.57646],[131.26586,33.57655],[131.26575,33.57655]]]}},{"type":"Feature","properties":{"A40_001":"大分県","A40_002":"44","A40_003":"0.3m未満"},"geometry":{"type":"Polygon","coordinates":[[[131.26564,33.57664],[131.26575,33.57673],[131.26575,33.57664],[131.26564,33.57664]]]}},{"type":"Feature","properties":{"A40_001":"大分県","A40_002":"44","A40_003":"0.3m未満"},"geometry":{"type":"Polygon","coordinates":[[[131.26521,33.57664],[131.26532,33.57673],[131.26532,33.57664],[131.26521,33.57664]]]}},{"type":"Feature","properties":{"A40_001":"大分県","A40_002":"44","A40_003":"0.3m未満"},"geometry":{"type":"Polygon","coordinates":[[[131.26726,33.57655],[131.26726,33.57691],[131.26747,33.57691],[131.26726,33.57655]]]}},{"type":"Feature","properties":{"A40_001":"大分県","A40_002":"44","A40_003":"0.3m未満"},"geometry":{"type":"Polygon","coordinates":[[[131.26683,33.57691],[131.26661,33.57673],[131.26661,33.57682],[131.26683,33.57691]]]}},{"type":"Feature","properties":{"A40_001":"大分県","A40_002":"44","A40_003":"0.3m未満"},"geometry":{"type":"Polygon","coordinates":[[[131.26618,33.57682],[131.26629,33.57691],[131.26629,33.57682],[131.26618,33.57682]]]}},{"type":"Feature","properties":{"A40_001":"大分県","A40_002":"44","A40_003":"0.3m未満"},"geometry":{"type":"Polygon","coordinates":[[[131.26715,33.57691],[131.26726,33.577],[131.26726,33.57691],[131.26715,33.57691]]]}},{"type":"Feature","properties":{"A40_001":"大分県","A40_002":"44","A40_003":"1m以上 〜 2m未満"},"geometry":{"type":"Polygon","coordinates":[[[131.26618,33.57691],[131.26629,33.577],[131.26629,33.57691],[131.26618,33.57691]]]}},{"type":"Feature","properties":{"A40_001":"大分県","A40_002":"44","A40_003":"3m以上 〜 4m未満"},"geometry":{"type":"Polygon","coordinates":[[[131.26521,33.57691],[131.26532,33.577],[131.26532,33.57691],[131.26521,33.57691]]]}},{"type":"Feature","properties":{"A40_001":"大分県","A40_002":"44","A40_003":"0.3m未満"},"geometry":{"type":"Polygon","coordinates":[[[131.26435,33.57655],[131.26424,33.57709],[131.26381,33.57745],[131.26489,33.57727],[131.265,33.57691],[131.26435,33.57655]],[[131.26435,33.57691],[131.26446,33.57682],[131.26446,33.57691],[131.26435,33.57691]]]}},{"type":"Feature","properties":{"A40_001":"大分県","A40_002":"44","A40_003":"3m以上 〜 4m未満"},"geometry":{"type":"Polygon","coordinates":[[[131.26672,33.57691],[131.26661,33.57709],[131.26672,33.57709],[131.26672,33.57691]]]}},{"type":"Feature","properties":{"A40_001":"大分県","A40_002":"44","A40_003":"0.3m未満"},"geometry":{"type":"Polygon","coordinates":[[[131.26704,33.577],[131.26715,33.57709],[131.26715,33.577],[131.26704,33.577]]]}},{"type":"Feature","properties":{"A40_001":"大分県","A40_002":"44","A40_003":"0.3m未満"},"geometry":{"type":"Polygon","coordinates":[[[131.26532,33.57691],[131.26532,33.57736],[131.26629,33.57718],[131.26586,33.57682],[131.26532,33.57691]]]}},{"type":"Feature","properties":{"A40_001":"大分県","A40_002":"44","A40_003":"0.3m未満"},"geometry":{"type":"Polygon","coordinates":[[[131.26672,33.57709],[131.26694,33.57727],[131.26704,33.57709],[131.26672,33.57709]]]}},{"type":"Feature","properties":{"A40_001":"大分県","A40_002":"44","A40_003":"0.3m以上 〜 1m未満"},"geometry":{"type":"Polygon","coordinates":[[[131.26672,33.57718],[131.26683,33.57727],[131.26683,33.57718],[131.26672,33.57718]]]}},{"type":"Feature","properties":{"A40_001":"大分県","A40_002":"44","A40_003":"0.3m以上 〜 1m未満"},"geometry":{"type":"Polygon","coordinates":[[[131.26446,33.57718],[131.26468,33.57727],[131.26467,33.57718],[131.26446,33.57718]]]}},{"type":"Feature","properties":{"A40_001":"大分県","A40_002":"44","A40_003":"1m以上 〜 2m未満"},"geometry":{"type":"Polygon","coordinates":[[[131.26672,33.57727],[131.26683,33.57736],[131.26683,33.57727],[131.26672,33.57727]]]}},{"type":"Feature","properties":{"A40_001":"大分県","A40_002":"44","A40_003":"0.3m以上 〜 1m未満"},"geometry":{"type":"Polygon","coordinates":[[[131.26414,33.57736],[131.26446,33.57727],[131.26414,33.57727],[131.26414,33.57736]]]}},{"type":"Feature","properties":{"A40_001":"大分県","A40_002":"44","A40_003":"1m以上 〜 2m未満"},"geometry":{"type":"Polygon","coordinates":[[[131.26478,33.57745],[131.26446,33.57727],[131.26446,33.57736],[131.26478,33.57745]]]}},{"type":"Feature","properties":{"A40_001":"大分県","A40_002":"44","A40_003":"0.3m以上 〜 1m未満"},"geometry":{"type":"Polygon","coordinates":[[[131.26704,33.57718],[131.26683,33.57754],[131.26705,33.57763],[131.26704,33.57718]]]}},{"type":"Feature","properties":{"A40_001":"大分県","A40_002":"44","A40_003":"1m以上 〜 2m未満"},"geometry":{"type":"Polygon","coordinates":[[[131.26629,33.57736],[131.2664,33.57745],[131.2664,33.57736],[131.26629,33.57736]]]}},{"type":"Feature","properties":{"A40_001":"大分県","A40_002":"44","A40_003":"3m以上 〜 4m未満"},"geometry":{"type":"Polygon","coordinates":[[[131.26683,33.57736],[131.26672,33.57754],[131.26683,33.57754],[131.26683,33.57736]]]}},{"type":"Feature","properties":{"A40_001":"大分県","A40_002":"44","A40_003":"0.3m以上 〜 1m未満"},"geometry":{"type":"Polygon","coordinates":[[[131.26392,33.57754],[131.26414,33.57736],[131.26392,33.57736],[131.26392,33.57754]]]}},{"type":"Feature","properties":{"A40_001":"大分県","A40_002":"44","A40_003":"0.3m未満"},"geometry":{"type":"Polygon","coordinates":[[[131.26705,33.57745],[131.26715,33.57754],[131.26715,33.57745],[131.26705,33.57745]]]}},{"type":"Feature","properties":{"A40_001":"大分県","A40_002":"44","A40_003":"1m以上 〜 2m未満"},"geometry":{"type":"Polygon","coordinates":[[[131.26478,33.57754],[131.265,33.57745],[131.26478,33.57745],[131.26478,33.57754]]]}},{"type":"Feature","properties":{"A40_001":"大分県","A40_002":"44","A40_003":"0.3m以上 〜 1m未満"},"geometry":{"type":"Polygon","coordinates":[[[131.26468,33.57745],[131.26478,33.57754],[131.26478,33.57745],[131.26468,33.57745]]]}},{"type":"Feature","properties":{"A40_001":"大分県","A40_002":"44","A40_003":"0.3m未満"},"geometry":{"type":"Polygon","coordinates":[[[131.26457,33.57745],[131.26468,33.57754],[131.26468,33.57745],[131.26457,33.57745]]]}},{"type":"Feature","properties":{"A40_001":"大分県","A40_002":"44","A40_003":"0.3m以上 〜 1m未満"},"geometry":{"type":"Polygon","coordinates":[[[131.26629,33.57718],[131.26532,33.57736],[131.26565,33.57799],[131.2664,33.57799],[131.26629,33.57718]]]}},{"type":"Feature","properties":{"A40_001":"大分県","A40_002":"44","A40_003":"0.3m以上 〜 1m未満"},"geometry":{"type":"Polygon","coordinates":[[[131.265,33.57754],[131.26478,33.57763],[131.265,33.57763],[131.265,33.57754]]]}},{"type":"Feature","properties":{"A40_001":"大分県","A40_002":"44","A40_003":"0.3m未満"},"geometry":{"type":"Polygon","coordinates":[[[131.26392,33.57763],[131.26381,33.57754],[131.26381,33.57763],[131.26392,33.57763]]]}},{"type":"Feature","properties":{"A40_001":"大分県","A40_002":"44","A40_003":"0.3m未満"},"geometry":{"type":"Polygon","coordinates":[[[131.26694,33.57772],[131.26683,33.57763],[131.26683,33.57772],[131.26694,33.57772]]]}},{"type":"Feature","properties":{"A40_001":"大分県","A40_002":"44","A40_003":"1m以上 〜 2m未満"},"geometry":{"type":"Polygon","coordinates":[[[131.265,33.57772],[131.26489,33.57763],[131.26489,33.57772],[131.265,33.57772]]]}},{"type":"Feature","properties":{"A40_001":"大分県","A40_002":"44","A40_003":"0.3m未満"},"geometry":{"type":"Polygon","coordinates":[[[131.26489,33.57772],[131.26478,33.57763],[131.26478,33.57772],[131.26489,33.57772]]]}},{"type":"Feature","properties":{"A40_001":"大分県","A40_002":"44","A40_003":"0.3m未満"},"geometry":{"type":"Polygon","coordinates":[[[131.26403,33.57772],[131.26392,33.57763],[131.26392,33.57772],[131.26403,33.57772]]]}},{"type":"Feature","properties":{"A40_001":"大分県","A40_002":"44","A40_003":"0.3m未満"},"geometry":{"type":"Polygon","coordinates":[[[131.265,33.57781],[131.26489,33.57772],[131.26489,33.57781],[131.265,33.57781]]]}},{"type":"Feature","properties":{"A40_001":"大分県","A40_002":"44","A40_003":"0.3m以上 〜 1m未満"},"geometry":{"type":"Polygon","coordinates":[[[131.26392,33.57781],[131.26381,33.57772],[131.26382,33.57781],[131.26392,33.57781]]]}},{"type":"Feature","properties":{"A40_001":"大分県","A40_002":"44","A40_003":"0.3m以上 〜 1m未満"},"geometry":{"type":"Polygon","coordinates":[[[131.26371,33.57791],[131.2636,33.57782],[131.2636,33.57791],[131.26371,33.57791]]]}},{"type":"Feature","properties":{"A40_001":"大分県","A40_002":"44","A40_003":"1m以上 〜 2m未満"},"geometry":{"type":"Polygon","coordinates":[[[131.26694,33.57817],[131.26683,33.57772],[131.26683,33.57817],[131.26694,33.57817]]]}},{"type":"Feature","properties":{"A40_001":"大分県","A40_002":"44","A40_003":"0.3m未満"},"geometry":{"type":"Polygon","coordinates":[[[131.2636,33.578],[131.26349,33.57791],[131.26349,33.578],[131.2636,33.578]]]}},{"type":"Feature","properties":{"A40_001":"大分県","A40_002":"44","A40_003":"0.3m未満"},"geometry":{"type":"Polygon","coordinates":[[[131.26382,33.57818],[131.26371,33.57809],[131.26349,33.57818],[131.26382,33.57818]]]}},{"type":"Feature","properties":{"A40_001":"大分県","A40_002":"44","A40_003":"0.3m以上 〜 1m未満"},"geometry":{"type":"Polygon","coordinates":[[[131.26371,33.57809],[131.2636,33.578],[131.2636,33.57809],[131.26371,33.57809]]]}},{"type":"Feature","properties":{"A40_001":"大分県","A40_002":"44","A40_003":"0.3m未満"},"geometry":{"type":"Polygon","coordinates":[[[131.26349,33.57809],[131.26338,33.578],[131.26339,33.57809],[131.26349,33.57809]]]}},{"type":"Feature","properties":{"A40_001":"大分県","A40_002":"44","A40_003":"1m以上 〜 2m未満"},"geometry":{"type":"Polygon","coordinates":[[[131.2664,33.57817],[131.26629,33.57799],[131.26629,33.57817],[131.2664,33.57817]]]}},{"type":"Feature","properties":{"A40_001":"大分県","A40_002":"44","A40_003":"0.3m未満"},"geometry":{"type":"Polygon","coordinates":[[[131.26629,33.57817],[131.26619,33.57799],[131.26619,33.57817],[131.26629,33.57817]]]}},{"type":"Feature","properties":{"A40_001":"大分県","A40_002":"44","A40_003":"0.3m未満"},"geometry":{"type":"Polygon","coordinates":[[[131.26349,33.57827],[131.26339,33.57818],[131.26339,33.57827],[131.26349,33.57827]]]}},{"type":"Feature","properties":{"A40_001":"大分県","A40_002":"44","A40_003":"0.3m以上 〜 1m未満"},"geometry":{"type":"Polygon","coordinates":[[[131.26694,33.57835],[131.26683,33.57817],[131.26683,33.57835],[131.26694,33.57835]]]}},{"type":"Feature","properties":{"A40_001":"大分県","A40_002":"44","A40_003":"0.3m未満"},"geometry":{"type":"Polygon","coordinates":[[[131.26532,33.57835],[131.26522,33.57826],[131.26522,33.57835],[131.26532,33.57835]]]}},{"type":"Feature","properties":{"A40_001":"大分県","A40_002":"44","A40_003":"0.3m未満"},"geometry":{"type":"Polygon","coordinates":[[[131.26597,33.57844],[131.26586,33.57835],[131.26586,33.57844],[131.26597,33.57844]]]}},{"type":"Feature","properties":{"A40_001":"大分県","A40_002":"44","A40_003":"0.3m未満"},"geometry":{"type":"Polygon","coordinates":[[[131.26716,33.57808],[131.26673,33.57844],[131.26673,33.57889],[131.26791,33.5788],[131.26791,33.57835],[131.26748,33.57862],[131.26716,33.57808]]]}},{"type":"Feature","properties":{"A40_001":"大分県","A40_002":"44","A40_003":"1m以上 〜 2m未満"},"geometry":{"type":"Polygon","coordinates":[[[131.2664,33.57853],[131.26629,33.57844],[131.26629,33.57853],[131.2664,33.57853]]]}},{"type":"Feature","properties":{"A40_001":"大分県","A40_002":"44","A40_003":"0.3m未満"},"geometry":{"type":"Polygon","coordinates":[[[131.26629,33.57853],[131.26619,33.57844],[131.26619,33.57853],[131.26629,33.57853]]]}},{"type":"Feature","properties":{"A40_001":"大分県","A40_002":"44","A40_003":"0.3m以上 〜 1m未満"},"geometry":{"type":"Polygon","coordinates":[[[131.26597,33.57853],[131.26586,33.57844],[131.26586,33.57853],[131.26597,33.57853]]]}},{"type":"Feature","properties":{"A40_001":"大分県","A40_002":"44","A40_003":"1m以上 〜 2m未満"},"geometry":{"type":"Polygon","coordinates":[[[131.26683,33.57862],[131.26673,33.57853],[131.26673,33.57862],[131.26683,33.57862]]]}},{"type":"Feature","properties":{"A40_001":"大分県","A40_002":"44","A40_003":"0.3m以上 〜 1m未満"},"geometry":{"type":"Polygon","coordinates":[[[131.26683,33.57871],[131.26673,33.57862],[131.26673,33.57871],[131.26683,33.57871]]]}},{"type":"Feature","properties":{"A40_001":"大分県","A40_002":"44","A40_003":"2m以上 〜 3m未満"},"geometry":{"type":"Polygon","coordinates":[[[131.26608,33.57871],[131.26597,33.57862],[131.26597,33.57871],[131.26608,33.57871]]]}},{"type":"Feature","properties":{"A40_001":"大分県","A40_002":"44","A40_003":"0.3m以上 〜 1m未満"},"geometry":{"type":"Polygon","coordinates":[[[131.26554,33.57871],[131.26543,33.57862],[131.26543,33.57871],[131.26554,33.57871]]]}},{"type":"Feature","properties":{"A40_001":"大分県","A40_002":"44","A40_003":"1m以上 〜 2m未満"},"geometry":{"type":"Polygon","coordinates":[[[131.26608,33.5788],[131.26597,33.57871],[131.26597,33.5788],[131.26608,33.5788]]]}},{"type":"Feature","properties":{"A40_001":"大分県","A40_002":"44","A40_003":"0.3m未満"},"geometry":{"type":"Polygon","coordinates":[[[131.26705,33.57898],[131.26694,33.57889],[131.26694,33.57898],[131.26705,33.57898]]]}},{"type":"Feature","properties":{"A40_001":"大分県","A40_002":"44","A40_003":"0.3m未満"},"geometry":{"type":"Polygon","coordinates":[[[131.26565,33.57898],[131.26554,33.57889],[131.26554,33.57898],[131.26565,33.57898]]]}},{"type":"Feature","properties":{"A40_001":"大分県","A40_002":"44","A40_003":"0.3m以上 〜 1m未満"},"geometry":{"type":"Polygon","coordinates":[[[131.26565,33.57907],[131.26554,33.57898],[131.26554,33.57907],[131.26565,33.57907]]]}},{"type":"Feature","properties":{"A40_001":"大分県","A40_002":"44","A40_003":"0.3m未満"},"geometry":{"type":"Polygon","coordinates":[[[131.26554,33.57907],[131.26543,33.57898],[131.26543,33.57907],[131.26554,33.57907]]]}},{"type":"Feature","properties":{"A40_001":"大分県","A40_002":"44","A40_003":"0.3m以上 〜 1m未満"},"geometry":{"type":"Polygon","coordinates":[[[131.26576,33.57925],[131.26565,33.57916],[131.26565,33.57925],[131.26576,33.57925]]]}},{"type":"Feature","properties":{"A40_001":"大分県","A40_002":"44","A40_003":"0.3m未満"},"geometry":{"type":"Polygon","coordinates":[[[131.26727,33.57934],[131.26716,33.57925],[131.26716,33.57934],[131.26727,33.57934]]]}},{"type":"Feature","properties":{"A40_001":"大分県","A40_002":"44","A40_003":"1m以上 〜 2m未満"},"geometry":{"type":"Polygon","coordinates":[[[131.26576,33.57943],[131.26565,33.57925],[131.26565,33.57943],[131.26576,33.57943]]]}},{"type":"Feature","properties":{"A40_001":"大分県","A40_002":"44","A40_003":"0.3m未満"},"geometry":{"type":"Polygon","coordinates":[[[131.26576,33.57979],[131.26544,33.57925],[131.26544,33.5798],[131.26576,33.57979]]]}},{"type":"Feature","properties":{"A40_001":"大分県","A40_002":"44","A40_003":"0.3m以上 〜 1m未満"},"geometry":{"type":"Polygon","coordinates":[[[131.26576,33.5797],[131.26565,33.57943],[131.26565,33.5797],[131.26576,33.5797]]]}},{"type":"Feature","properties":{"A40_001":"大分県","A40_002":"44","A40_003":"0.3m未満"},"geometry":{"type":"Polygon","coordinates":[[[131.26694,33.57934],[131.26662,33.5797],[131.26684,33.58051],[131.26759,33.5806],[131.26748,33.57979],[131.26802,33.57961],[131.26759,33.57925],[131.26705,33.57943],[131.26748,33.5797],[131.26684,33.57979],[131.26694,33.57934]]]}},{"type":"Feature","properties":{"A40_001":"大分県","A40_002":"44","A40_003":"0.3m未満"},"geometry":{"type":"Polygon","coordinates":[[[131.26457,33.57962],[131.26447,33.58025],[131.26479,33.58034],[131.2649,33.57989],[131.26457,33.57962]]]}},{"type":"Feature","properties":{"A40_001":"大分県","A40_002":"44","A40_003":"0.3m未満"},"geometry":{"type":"Polygon","coordinates":[[[131.26555,33.58007],[131.26533,33.57998],[131.26533,33.58007],[131.26555,33.58007]]]}},{"type":"Feature","properties":{"A40_001":"大分県","A40_002":"44","A40_003":"0.3m以上 〜 1m未満"},"geometry":{"type":"Polygon","coordinates":[[[131.26479,33.58007],[131.26468,33.58016],[131.2649,33.58016],[131.26479,33.58007]]]}},{"type":"Feature","properties":{"A40_001":"大分県","A40_002":"44","A40_003":"0.3m以上 〜 1m未満"},"geometry":{"type":"Polygon","coordinates":[[[131.26555,33.58016],[131.26533,33.58007],[131.26533,33.58016],[131.26555,33.58016]]]}},{"type":"Feature","properties":{"A40_001":"大分県","A40_002":"44","A40_003":"0.3m未満"},"geometry":{"type":"Polygon","coordinates":[[[131.26533,33.58007],[131.26511,33.58016],[131.26533,33.58016],[131.26533,33.58007]]]}},{"type":"Feature","properties":{"A40_001":"大分県","A40_002":"44","A40_003":"0.3m以上 〜 1m未満"},"geometry":{"type":"Polygon","coordinates":[[[131.26511,33.58016],[131.26501,33.58007],[131.26501,33.58016],[131.26511,33.58016]]]}},{"type":"Feature","properties":{"A40_001":"大分県","A40_002":"44","A40_003":"0.3m未満"},"geometry":{"type":"Polygon","coordinates":[[[131.26501,33.58016],[131.2649,33.58007],[131.2649,33.58016],[131.26501,33.58016]]]}},{"type":"Feature","properties":{"A40_001":"大分県","A40_002":"44","A40_003":"0.3m未満"},"geometry":{"type":"Polygon","coordinates":[[[131.26512,33.58025],[131.26501,33.58016],[131.26501,33.58025],[131.26512,33.58025]]]}},{"type":"Feature","properties":{"A40_001":"大分県","A40_002":"44","A40_003":"0.3m以上 〜 1m未満"},"geometry":{"type":"Polygon","coordinates":[[[131.26501,33.58025],[131.2649,33.58016],[131.2649,33.58025],[131.26501,33.58025]]]}},{"type":"Feature","properties":{"A40_001":"大分県","A40_002":"44","A40_003":"0.3m未満"},"geometry":{"type":"Polygon","coordinates":[[[131.26555,33.58043],[131.26533,33.58025],[131.26544,33.58043],[131.26555,33.58043]]]}},{"type":"Feature","properties":{"A40_001":"大分県","A40_002":"44","A40_003":"0.3m以上 〜 1m未満"},"geometry":{"type":"Polygon","coordinates":[[[131.26651,33.57997],[131.26662,33.5806],[131.26716,33.58069],[131.26684,33.57997],[131.26651,33.57997]]]}},{"type":"Feature","properties":{"A40_001":"大分県","A40_002":"44","A40_003":"0.3m未満"},"geometry":{"type":"Polygon","coordinates":[[[131.26695,33.58078],[131.26684,33.58069],[131.26684,33.58078],[131.26695,33.58078]]]}},{"type":"Feature","properties":{"A40_001":"大分県","A40_002":"44","A40_003":"0.3m以上 〜 1m未満"},"geometry":{"type":"Polygon","coordinates":[[[131.26684,33.58078],[131.26673,33.58069],[131.26673,33.58078],[131.26684,33.58078]]]}},{"type":"Feature","properties":{"A40_001":"大分県","A40_002":"44","A40_003":"0.3m未満"},"geometry":{"type":"Polygon","coordinates":[[[131.26566,33.58133],[131.26544,33.58124],[131.26544,33.58133],[131.26566,33.58133]]]}},{"type":"Feature","properties":{"A40_001":"大分県","A40_002":"44","A40_003":"1m以上 〜 2m未満"},"geometry":{"type":"Polygon","coordinates":[[[131.26717,33.58141],[131.26706,33.58132],[131.26706,33.58141],[131.26717,33.58141]]]}},{"type":"Feature","properties":{"A40_001":"大分県","A40_002":"44","A40_003":"0.3m未満"},"geometry":{"type":"Polygon","coordinates":[[[131.26523,33.58142],[131.26512,33.58133],[131.26512,33.58142],[131.26523,33.58142]]]}},{"type":"Feature","properties":{"A40_001":"大分県","A40_002":"44","A40_003":"0.3m以上 〜 1m未満"},"geometry":{"type":"Polygon","coordinates":[[[131.26512,33.58142],[131.26501,33.58133],[131.26501,33.58142],[131.26512,33.58142]]]}},{"type":"Feature","properties":{"A40_001":"大分県","A40_002":"44","A40_003":"0.3m以上 〜 1m未満"},"geometry":{"type":"Polygon","coordinates":[[[131.26566,33.58151],[131.26512,33.58142],[131.26512,33.5816],[131.26566,33.58151]]]}},{"type":"Feature","properties":{"A40_001":"大分県","A40_002":"44","A40_003":"0.3m未満"},"geometry":{"type":"Polygon","coordinates":[[[131.26512,33.58142],[131.2649,33.58151],[131.26512,33.5816],[131.26512,33.58142]]]}},{"type":"Feature","properties":{"A40_001":"大分県","A40_002":"44","A40_003":"0.3m以上 〜 1m未満"},"geometry":{"type":"Polygon","coordinates":[[[131.26383,33.58151],[131.26372,33.58142],[131.26372,33.58151],[131.26383,33.58151]]]}},{"type":"Feature","properties":{"A40_001":"大分県","A40_002":"44","A40_003":"0.3m未満"},"geometry":{"type":"Polygon","coordinates":[[[131.26372,33.58142],[131.2635,33.58151],[131.26372,33.58151],[131.26372,33.58142]]]}},{"type":"Feature","properties":{"A40_001":"大分県","A40_002":"44","A40_003":"0.3m未満"},"geometry":{"type":"Polygon","coordinates":[[[131.26544,33.5816],[131.26533,33.58142],[131.26533,33.5816],[131.26544,33.5816]]]}},{"type":"Feature","properties":{"A40_001":"大分県","A40_002":"44","A40_003":"0.3m未満"},"geometry":{"type":"Polygon","coordinates":[[[131.26458,33.5816],[131.26372,33.58151],[131.26372,33.5816],[131.26458,33.5816]]]}},{"type":"Feature","properties":{"A40_001":"大分県","A40_002":"44","A40_003":"0.3m未満"},"geometry":{"type":"Polygon","coordinates":[[[131.26738,33.58159],[131.26717,33.58168],[131.26738,33.58168],[131.26738,33.58159]]]}},{"type":"Feature","properties":{"A40_001":"大分県","A40_002":"44","A40_003":"0.3m未満"},"geometry":{"type":"Polygon","coordinates":[[[131.26361,33.5816],[131.2634,33.58169],[131.26361,33.58169],[131.26361,33.5816]]]}},{"type":"Feature","properties":{"A40_001":"大分県","A40_002":"44","A40_003":"0.3m未満"},"geometry":{"type":"Polygon","coordinates":[[[131.30626,33.57898],[131.30637,33.57907],[131.30637,33.57898],[131.30626,33.57898]]]}},{"type":"Feature","properties":{"A40_001":"大分県","A40_002":"44","A40_003":"0.3m以上 〜 1m未満"},"geometry":{"type":"Polygon","coordinates":[[[131.30185,33.57899],[131.30195,33.57908],[131.30195,33.57899],[131.30185,33.57899]]]}},{"type":"Feature","properties":{"A40_001":"大分県","A40_002":"44","A40_003":"0.3m以上 〜 1m未満"},"geometry":{"type":"Polygon","coordinates":[[[131.29808,33.57909],[131.29797,33.579],[131.29797,33.57909],[131.29808,33.57909]]]}},{"type":"Feature","properties":{"A40_001":"大分県","A40_002":"44","A40_003":"1m以上 〜 2m未満"},"geometry":{"type":"Polygon","coordinates":[[[131.29786,33.57909],[131.29775,33.579],[131.29775,33.57909],[131.29786,33.57909]]]}},{"type":"Feature","properties":{"A40_001":"大分県","A40_002":"44","A40_003":"0.3m未満"},"geometry":{"type":"Polygon","coordinates":[[[131.29452,33.5791],[131.29441,33.57901],[131.29441,33.5791],[131.29452,33.5791]]]}},{"type":"Feature","properties":{"A40_001":"大分県","A40_002":"44","A40_003":"1m以上 〜 2m未満"},"geometry":{"type":"Polygon","coordinates":[[[131.2914,33.57911],[131.29129,33.57902],[131.29129,33.57911],[131.2914,33.57911]]]}},{"type":"Feature","properties":{"A40_001":"大分県","A40_002":"44","A40_003":"1m以上 〜 2m未満"},"geometry":{"type":"Polygon","coordinates":[[[131.2901,33.57902],[131.28978,33.57911],[131.2901,33.57911],[131.2901,33.57902]]]}},{"type":"Feature","properties":{"A40_001":"大分県","A40_002":"44","A40_003":"1m以上 〜 2m未満"},"geometry":{"type":"Polygon","coordinates":[[[131.28967,33.57902],[131.28881,33.57911],[131.28967,33.57911],[131.28967,33.57902]]]}},{"type":"Feature","properties":{"A40_001":"大分県","A40_002":"44","A40_003":"0.3m未満"},"geometry":{"type":"Polygon","coordinates":[[[131.28623,33.57903],[131.28633,33.57912],[131.28633,33.57903],[131.28623,33.57903]]]}},{"type":"Feature","properties":{"A40_001":"大分県","A40_002":"44","A40_003":"1m以上 〜 2m未満"},"geometry":{"type":"Polygon","coordinates":[[[131.28493,33.57912],[131.28515,33.57903],[131.28493,33.57903],[131.28493,33.57912]]]}},{"type":"Feature","properties":{"A40_001":"大分県","A40_002":"44","A40_003":"1m以上 〜 2m未満"},"geometry":{"type":"Polygon","coordinates":[[[131.28461,33.57903],[131.28472,33.57912],[131.28472,33.57903],[131.28461,33.57903]]]}},{"type":"Feature","properties":{"A40_001":"大分県","A40_002":"44","A40_003":"1m以上 〜 2m未満"},"geometry":{"type":"Polygon","coordinates":[[[131.28375,33.57903],[131.28396,33.57912],[131.28396,33.57903],[131.28375,33.57903]]]}},{"type":"Feature","properties":{"A40_001":"大分県","A40_002":"44","A40_003":"0.3m以上 〜 1m未満"},"geometry":{"type":"Polygon","coordinates":[[[131.3026,33.57899],[131.30249,33.57917],[131.30271,33.57917],[131.3026,33.57899]]]}},{"type":"Feature","properties":{"A40_001":"大分県","A40_002":"44","A40_003":"0.3m以上 〜 1m未満"},"geometry":{"type":"Polygon","coordinates":[[[131.30044,33.5789],[131.29958,33.57918],[131.30034,33.57944],[131.30044,33.5789]]]}},{"type":"Feature","properties":{"A40_001":"大分県","A40_002":"44","A40_003":"2m以上 〜 3m未満"},"geometry":{"type":"Polygon","coordinates":[[[131.29689,33.57918],[131.29678,33.579],[131.29678,33.57918],[131.29689,33.57918]]]}},{"type":"Feature","properties":{"A40_001":"大分県","A40_002":"44","A40_003":"0.3m未満"},"geometry":{"type":"Polygon","coordinates":[[[131.30831,33.57906],[131.30842,33.57915],[131.30842,33.57906],[131.30831,33.57906]]]}},{"type":"Feature","properties":{"A40_001":"大分県","A40_002":"44","A40_003":"0.3m未満"},"geometry":{"type":"Polygon","coordinates":[[[131.30809,33.57907],[131.3082,33.57916],[131.3082,33.57906],[131.30809,33.57907]]]}},{"type":"Feature","properties":{"A40_001":"大分県","A40_002":"44","A40_003":"0.3m未満"},"geometry":{"type":"Polygon","coordinates":[[[131.30788,33.57907],[131.30799,33.57916],[131.30799,33.57907],[131.30788,33.57907]]]}},{"type":"Feature","properties":{"A40_001":"大分県","A40_002":"44","A40_003":"0.3m未満"},"geometry":{"type":"Polygon","coordinates":[[[131.30766,33.57907],[131.30777,33.57916],[131.30777,33.57907],[131.30766,33.57907]]]}},{"type":"Feature","properties":{"A40_001":"大分県","A40_002":"44","A40_003":"0.3m未満"},"geometry":{"type":"Polygon","coordinates":[[[131.26802,33.57916],[131.26791,33.57907],[131.26791,33.57916],[131.26802,33.57916]]]}},{"type":"Feature","properties":{"A40_001":"大分県","A40_002":"44","A40_003":"0.3m未満"},"geometry":{"type":"Polygon","coordinates":[[[131.30637,33.57916],[131.30659,33.57907],[131.30637,33.57907],[131.30637,33.57916]]]}},{"type":"Feature","properties":{"A40_001":"大分県","A40_002":"44","A40_003":"0.3m以上 〜 1m未満"},"geometry":{"type":"Polygon","coordinates":[[[131.30378,33.57908],[131.30389,33.57917],[131.30389,33.57908],[131.30378,33.57908]]]}},{"type":"Feature","properties":{"A40_001":"大分県","A40_002":"44","A40_003":"0.3m未満"},"geometry":{"type":"Polygon","coordinates":[[[131.30303,33.57908],[131.30314,33.57917],[131.30314,33.57908],[131.30303,33.57908]]]}},{"type":"Feature","properties":{"A40_001":"大分県","A40_002":"44","A40_003":"0.3m未満"},"geometry":{"type":"Polygon","coordinates":[[[131.27912,33.57904],[131.27901,33.57922],[131.27912,33.57922],[131.27912,33.57904]]]}},{"type":"Feature","properties":{"A40_001":"大分県","A40_002":"44","A40_003":"0.3m未満"},"geometry":{"type":"Polygon","coordinates":[[[131.27825,33.57905],[131.27815,33.57923],[131.27825,33.57923],[131.27825,33.57905]]]}},{"type":"Feature","properties":{"A40_001":"大分県","A40_002":"44","A40_003":"0.3m未満"},"geometry":{"type":"Polygon","coordinates":[[[131.29474,33.5791],[131.29452,33.57919],[131.29474,33.57919],[131.29474,33.5791]]]}},{"type":"Feature","properties":{"A40_001":"大分県","A40_002":"44","A40_003":"0.3m未満"},"geometry":{"type":"Polygon","coordinates":[[[131.29258,33.57919],[131.29247,33.5791],[131.29247,33.57919],[131.29258,33.57919]]]}},{"type":"Feature","properties":{"A40_001":"大分県","A40_002":"44","A40_003":"0.3m未満"},"geometry":{"type":"Polygon","coordinates":[[[131.29172,33.57919],[131.29161,33.57911],[131.29161,33.5792],[131.29172,33.57919]]]}},{"type":"Feature","properties":{"A40_001":"大分県","A40_002":"44","A40_003":"1m以上 〜 2m未満"},"geometry":{"type":"Polygon","coordinates":[[[131.29161,33.5792],[131.2914,33.57911],[131.2914,33.5792],[131.29161,33.5792]]]}},{"type":"Feature","properties":{"A40_001":"大分県","A40_002":"44","A40_003":"1m以上 〜 2m未満"},"geometry":{"type":"Polygon","coordinates":[[[131.28881,33.5792],[131.28827,33.57911],[131.28827,33.5792],[131.28881,33.5792]]]}},{"type":"Feature","properties":{"A40_001":"大分県","A40_002":"44","A40_003":"0.3m以上 〜 1m未満"},"geometry":{"type":"Polygon","coordinates":[[[131.30691,33.57925],[131.30712,33.57907],[131.3068,33.57907],[131.30691,33.57925]]]}},{"type":"Feature","properties":{"A40_001":"大分県","A40_002":"44","A40_003":"0.3m以上 〜 1m未満"},"geometry":{"type":"Polygon","coordinates":[[[131.28806,33.57911],[131.28827,33.5792],[131.28827,33.57911],[131.28806,33.57911]]]}},{"type":"Feature","properties":{"A40_001":"大分県","A40_002":"44","A40_003":"0.3m未満"},"geometry":{"type":"Polygon","coordinates":[[[131.28795,33.57911],[131.28806,33.5792],[131.28806,33.57911],[131.28795,33.57911]]]}},{"type":"Feature","properties":{"A40_001":"大分県","A40_002":"44","A40_003":"1m以上 〜 2m未満"},"geometry":{"type":"Polygon","coordinates":[[[131.28612,33.57903],[131.28601,33.5793],[131.28623,33.57921],[131.28612,33.57903]]]}},{"type":"Feature","properties":{"A40_001":"大分県","A40_002":"44","A40_003":"1m以上 〜 2m未満"},"geometry":{"type":"Polygon","coordinates":[[[131.28569,33.57912],[131.2858,33.57921],[131.28579,33.57912],[131.28569,33.57912]]]}},{"type":"Feature","properties":{"A40_001":"大分県","A40_002":"44","A40_003":"0.3m以上 〜 1m未満"},"geometry":{"type":"Polygon","coordinates":[[[131.297,33.57927],[131.29689,33.57909],[131.29689,33.57927],[131.297,33.57927]]]}},{"type":"Feature","properties":{"A40_001":"大分県","A40_002":"44","A40_003":"0.3m未満"},"geometry":{"type":"Polygon","coordinates":[[[131.26781,33.57925],[131.2677,33.57916],[131.2677,33.57925],[131.26781,33.57925]]]}},{"type":"Feature","properties":{"A40_001":"大分県","A40_002":"44","A40_003":"0.3m以上 〜 1m未満"},"geometry":{"type":"Polygon","coordinates":[[[131.30271,33.57917],[131.30282,33.57926],[131.30282,33.57917],[131.30271,33.57917]]]}},{"type":"Feature","properties":{"A40_001":"大分県","A40_002":"44","A40_003":"0.3m未満"},"geometry":{"type":"Polygon","coordinates":[[[131.29711,33.57927],[131.297,33.57918],[131.297,33.57927],[131.29711,33.57927]]]}},{"type":"Feature","properties":{"A40_001":"大分県","A40_002":"44","A40_003":"1m以上 〜 2m未満"},"geometry":{"type":"Polygon","coordinates":[[[131.29172,33.57929],[131.29161,33.5792],[131.29161,33.57929],[131.29172,33.57929]]]}},{"type":"Feature","properties":{"A40_001":"大分県","A40_002":"44","A40_003":"1m以上 〜 2m未満"},"geometry":{"type":"Polygon","coordinates":[[[131.28784,33.5792],[131.28817,33.57929],[131.28817,33.5792],[131.28784,33.5792]]]}},{"type":"Feature","properties":{"A40_001":"大分県","A40_002":"44","A40_003":"0.3m以上 〜 1m未満"},"geometry":{"type":"Polygon","coordinates":[[[131.28741,33.5793],[131.28784,33.5792],[131.28741,33.57921],[131.28741,33.5793]]]}},{"type":"Feature","properties":{"A40_001":"大分県","A40_002":"44","A40_003":"0.3m未満"},"geometry":{"type":"Polygon","coordinates":[[[131.2873,33.57921],[131.28741,33.5793],[131.28741,33.57921],[131.2873,33.57921]]]}},{"type":"Feature","properties":{"A40_001":"大分県","A40_002":"44","A40_003":"1m以上 〜 2m未満"},"geometry":{"type":"Polygon","coordinates":[[[131.28547,33.57921],[131.28558,33.5793],[131.28558,33.57921],[131.28547,33.57921]]]}},{"type":"Feature","properties":{"A40_001":"大分県","A40_002":"44","A40_003":"1m以上 〜 2m未満"},"geometry":{"type":"Polygon","coordinates":[[[131.28504,33.57921],[131.28515,33.5793],[131.28515,33.57921],[131.28504,33.57921]]]}},{"type":"Feature","properties":{"A40_001":"大分県","A40_002":"44","A40_003":"1m以上 〜 2m未満"},"geometry":{"type":"Polygon","coordinates":[[[131.28332,33.57921],[131.28343,33.5793],[131.28343,33.57921],[131.28332,33.57921]]]}},{"type":"Feature","properties":{"A40_001":"大分県","A40_002":"44","A40_003":"0.3m未満"},"geometry":{"type":"Polygon","coordinates":[[[131.27782,33.57923],[131.27804,33.57932],[131.27804,33.57923],[131.27782,33.57923]]]}},{"type":"Feature","properties":{"A40_001":"大分県","A40_002":"44","A40_003":"0.3m未満"},"geometry":{"type":"Polygon","coordinates":[[[131.30562,33.57925],[131.30572,33.57934],[131.30572,33.57925],[131.30562,33.57925]]]}},{"type":"Feature","properties":{"A40_001":"大分県","A40_002":"44","A40_003":"0.3m以上 〜 1m未満"},"geometry":{"type":"Polygon","coordinates":[[[131.30389,33.57926],[131.304,33.57935],[131.304,33.57926],[131.30389,33.57926]]]}},{"type":"Feature","properties":{"A40_001":"大分県","A40_002":"44","A40_003":"0.3m未満"},"geometry":{"type":"Polygon","coordinates":[[[131.30314,33.57935],[131.30335,33.57926],[131.30314,33.57926],[131.30314,33.57935]]]}},{"type":"Feature","properties":{"A40_001":"大分県","A40_002":"44","A40_003":"0.3m未満"},"geometry":{"type":"Polygon","coordinates":[[[131.30271,33.57926],[131.30282,33.57935],[131.30282,33.57926],[131.30271,33.57926]]]}},{"type":"Feature","properties":{"A40_001":"大分県","A40_002":"44","A40_003":"0.3m以上 〜 1m未満"},"geometry":{"type":"Polygon","coordinates":[[[131.29958,33.57927],[131.29926,33.57927],[131.29883,33.57945],[131.29958,33.57927]]]}},{"type":"Feature","properties":{"A40_001":"大分県","A40_002":"44","A40_003":"0.3m以上 〜 1m未満"},"geometry":{"type":"Polygon","coordinates":[[[131.29301,33.57838],[131.29247,33.57928],[131.29194,33.5791],[131.29226,33.58001],[131.29377,33.58027],[131.29388,33.57982],[131.29528,33.57991],[131.29301,33.57838]]]}},{"type":"Feature","properties":{"A40_001":"大分県","A40_002":"44","A40_003":"1m以上 〜 2m未満"},"geometry":{"type":"Polygon","coordinates":[[[131.2873,33.5793],[131.28741,33.57939],[131.28741,33.5793],[131.2873,33.5793]]]}},{"type":"Feature","properties":{"A40_001":"大分県","A40_002":"44","A40_003":"0.3m以上 〜 1m未満"},"geometry":{"type":"Polygon","coordinates":[[[131.28698,33.5793],[131.2873,33.57939],[131.2873,33.5793],[131.28698,33.5793]]]}},{"type":"Feature","properties":{"A40_001":"大分県","A40_002":"44","A40_003":"0.3m未満"},"geometry":{"type":"Polygon","coordinates":[[[131.28687,33.5793],[131.28698,33.57939],[131.28698,33.5793],[131.28687,33.5793]]]}},{"type":"Feature","properties":{"A40_001":"大分県","A40_002":"44","A40_003":"1m以上 〜 2m未満"},"geometry":{"type":"Polygon","coordinates":[[[131.2858,33.5793],[131.2859,33.57939],[131.2859,33.5793],[131.2858,33.5793]]]}},{"type":"Feature","properties":{"A40_001":"大分県","A40_002":"44","A40_003":"0.3m以上 〜 1m未満"},"geometry":{"type":"Polygon","coordinates":[[[131.30239,33.57926],[131.30249,33.57944],[131.3026,33.57926],[131.30239,33.57926]]]}},{"type":"Feature","properties":{"A40_001":"大分県","A40_002":"44","A40_003":"0.3m以上 〜 1m未満"},"geometry":{"type":"Polygon","coordinates":[[[131.30228,33.57926],[131.30217,33.57944],[131.30228,33.57944],[131.30228,33.57926]]]}},{"type":"Feature","properties":{"A40_001":"大分県","A40_002":"44","A40_003":"0.3m未満"},"geometry":{"type":"Polygon","coordinates":[[[131.29485,33.57946],[131.29474,33.57928],[131.29474,33.57946],[131.29485,33.57946]]]}},{"type":"Feature","properties":{"A40_001":"大分県","A40_002":"44","A40_003":"0.3m未満"},"geometry":{"type":"Polygon","coordinates":[[[131.30389,33.57935],[131.304,33.57944],[131.304,33.57935],[131.30389,33.57935]]]}},{"type":"Feature","properties":{"A40_001":"大分県","A40_002":"44","A40_003":"0.3m未満"},"geometry":{"type":"Polygon","coordinates":[[[131.30368,33.57935],[131.30379,33.57944],[131.30379,33.57935],[131.30368,33.57935]]]}},{"type":"Feature","properties":{"A40_001":"大分県","A40_002":"44","A40_003":"1m以上 〜 2m未満"},"geometry":{"type":"Polygon","coordinates":[[[131.29851,33.57945],[131.2984,33.57936],[131.2984,33.57945],[131.29851,33.57945]]]}},{"type":"Feature","properties":{"A40_001":"大分県","A40_002":"44","A40_003":"0.3m未満"},"geometry":{"type":"Polygon","coordinates":[[[131.29204,33.57946],[131.29194,33.57937],[131.29194,33.57946],[131.29204,33.57946]]]}},{"type":"Feature","properties":{"A40_001":"大分県","A40_002":"44","A40_003":"0.3m以上 〜 1m未満"},"geometry":{"type":"Polygon","coordinates":[[[131.29183,33.57947],[131.29172,33.57938],[131.29172,33.57947],[131.29183,33.57947]]]}},{"type":"Feature","properties":{"A40_001":"大分県","A40_002":"44","A40_003":"1m以上 〜 2m未満"},"geometry":{"type":"Polygon","coordinates":[[[131.28698,33.57939],[131.2873,33.57948],[131.2873,33.57939],[131.28698,33.57939]]]}},{"type":"Feature","properties":{"A40_001":"大分県","A40_002":"44","A40_003":"0.3m未満"},"geometry":{"type":"Polygon","coordinates":[[[131.28633,33.57939],[131.28655,33.57948],[131.28655,33.57939],[131.28633,33.57939]]]}},{"type":"Feature","properties":{"A40_001":"大分県","A40_002":"44","A40_003":"0.3m未満"},"geometry":{"type":"Polygon","coordinates":[[[131.2858,33.57939],[131.2859,33.57948],[131.2859,33.57939],[131.2858,33.57939]]]}},{"type":"Feature","properties":{"A40_001":"大分県","A40_002":"44","A40_003":"0.3m未満"},"geometry":{"type":"Polygon","coordinates":[[[131.27912,33.5794],[131.27922,33.57949],[131.27922,33.5794],[131.27912,33.5794]]]}},{"type":"Feature","properties":{"A40_001":"大分県","A40_002":"44","A40_003":"0.3m以上 〜 1m未満"},"geometry":{"type":"Polygon","coordinates":[[[131.28677,33.57957],[131.28655,33.57939],[131.28623,33.57957],[131.28677,33.57957]]]}},{"type":"Feature","properties":{"A40_001":"大分県","A40_002":"44","A40_003":"0.3m未満"},"geometry":{"type":"Polygon","coordinates":[[[131.30239,33.57944],[131.30249,33.57953],[131.30249,33.57944],[131.30239,33.57944]]]}},{"type":"Feature","properties":{"A40_001":"大分県","A40_002":"44","A40_003":"0.3m以上 〜 1m未満"},"geometry":{"type":"Polygon","coordinates":[[[131.27901,33.57886],[131.27793,33.57932],[131.27826,33.58004],[131.27761,33.5804],[131.27804,33.58094],[131.28074,33.58057],[131.28181,33.57994],[131.28537,33.5802],[131.28601,33.57903],[131.28644,33.57903],[131.2873,33.57848],[131.28644,33.57822],[131.28623,33.57894],[131.28601,33.57804],[131.28525,33.57804],[131.27922,33.57877],[131.27912,33.57922],[131.27901,33.57886]],[[131.27987,33.57994],[131.27998,33.57985],[131.2802,33.57994],[131.27987,33.57994]],[[131.27998,33.57976],[131.28009,33.57967],[131.28009,33.57976],[131.27998,33.57976]],[[131.27966,33.57976],[131.27976,33.57967],[131.27976,33.57976],[131.27966,33.57976]],[[131.28332,33.57921],[131.28343,33.5793],[131.28332,33.5793],[131.28332,33.57921]],[[131.28504,33.5793],[131.28515,33.57921],[131.28515,33.5793],[131.28504,33.5793]],[[131.28547,33.57921],[131.28558,33.5793],[131.28547,33.5793],[131.28547,33.57921]],[[131.28461,33.57903],[131.28472,33.57912],[131.28461,33.57912],[131.28461,33.57903]],[[131.28493,33.57912],[131.28515,33.57903],[131.28515,33.57912],[131.28493,33.57912]],[[131.28569,33.57912],[131.2858,33.57921],[131.28569,33.57921],[131.28569,33.57912]],[[131.28375,33.57912],[131.28396,33.57903],[131.28396,33.57912],[131.28375,33.57912]],[[131.27912,33.5794],[131.27922,33.57949],[131.27912,33.57949],[131.27912,33.5794]],[[131.28073,33.57958],[131.28084,33.57949],[131.28084,33.57958],[131.28073,33.57958]],[[131.28052,33.57958],[131.28041,33.57967],[131.28041,33.57958],[131.28052,33.57958]],[[131.2802,33.57967],[131.2803,33.57958],[131.2803,33.57967],[131.2802,33.57967]],[[131.27944,33.58049],[131.27966,33.58021],[131.27966,33.58039],[131.27944,33.58049]],[[131.27987,33.58039],[131.27998,33.5803],[131.27998,33.58039],[131.27987,33.58039]],[[131.28009,33.58039],[131.2803,33.5803],[131.28031,33.58039],[131.28009,33.58039]],[[131.27933,33.58004],[131.27944,33.57985],[131.27944,33.58003],[131.27933,33.58004]],[[131.27955,33.58003],[131.27966,33.57985],[131.27966,33.58003],[131.27955,33.58003]],[[131.27933,33.58013],[131.27944,33.58022],[131.27934,33.58022],[131.27933,33.58013]]]}},{"type":"Feature","properties":{"A40_001":"大分県","A40_002":"44","A40_003":"1m以上 〜 2m未満"},"geometry":{"type":"Polygon","coordinates":[[[131.29818,33.57954],[131.29808,33.57945],[131.29808,33.57954],[131.29818,33.57954]]]}},{"type":"Feature","properties":{"A40_001":"大分県","A40_002":"44","A40_003":"0.3m未満"},"geometry":{"type":"Polygon","coordinates":[[[131.27793,33.57941],[131.27782,33.57959],[131.27793,33.57959],[131.27793,33.57941]]]}},{"type":"Feature","properties":{"A40_001":"大分県","A40_002":"44","A40_003":"1m以上 〜 2m未満"},"geometry":{"type":"Polygon","coordinates":[[[131.28677,33.57948],[131.28687,33.57957],[131.28687,33.57948],[131.28677,33.57948]]]}},{"type":"Feature","properties":{"A40_001":"大分県","A40_002":"44","A40_003":"0.3m未満"},"geometry":{"type":"Polygon","coordinates":[[[131.28601,33.57948],[131.28623,33.57957],[131.28623,33.57948],[131.28601,33.57948]]]}},{"type":"Feature","properties":{"A40_001":"大分県","A40_002":"44","A40_003":"0.3m未満"},"geometry":{"type":"Polygon","coordinates":[[[131.28569,33.57948],[131.2858,33.57957],[131.2858,33.57948],[131.28569,33.57948]]]}},{"type":"Feature","properties":{"A40_001":"大分県","A40_002":"44","A40_003":"1m以上 〜 2m未満"},"geometry":{"type":"Polygon","coordinates":[[[131.28073,33.57949],[131.28084,33.57958],[131.28084,33.57949],[131.28073,33.57949]]]}},{"type":"Feature","properties":{"A40_001":"大分県","A40_002":"44","A40_003":"0.3m未満"},"geometry":{"type":"Polygon","coordinates":[[[131.29808,33.57936],[131.29829,33.57972],[131.29851,33.57972],[131.29851,33.57954],[131.29808,33.57936]]]}},{"type":"Feature","properties":{"A40_001":"大分県","A40_002":"44","A40_003":"0.3m以上 〜 1m未満"},"geometry":{"type":"Polygon","coordinates":[[[131.304,33.57953],[131.30411,33.57962],[131.30411,33.57953],[131.304,33.57953]]]}},{"type":"Feature","properties":{"A40_001":"大分県","A40_002":"44","A40_003":"0.3m以上 〜 1m未満"},"geometry":{"type":"Polygon","coordinates":[[[131.31542,33.57941],[131.31553,33.5795],[131.31553,33.57941],[131.31542,33.57941]]]}},{"type":"Feature","properties":{"A40_001":"大分県","A40_002":"44","A40_003":"1m以上 〜 2m未満"},"geometry":{"type":"Polygon","coordinates":[[[131.3137,33.57941],[131.3138,33.5795],[131.3138,33.57941],[131.3137,33.57941]]]}},{"type":"Feature","properties":{"A40_001":"大分県","A40_002":"44","A40_003":"0.3m以上 〜 1m未満"},"geometry":{"type":"Polygon","coordinates":[[[131.31607,33.57959],[131.31553,33.57932],[131.31542,33.57977],[131.31607,33.57959]]]}},{"type":"Feature","properties":{"A40_001":"大分県","A40_002":"44","A40_003":"1m以上 〜 2m未満"},"geometry":{"type":"Polygon","coordinates":[[[131.31628,33.57941],[131.31607,33.57959],[131.31585,33.57968],[131.31618,33.57968],[131.31628,33.57941]]]}},{"type":"Feature","properties":{"A40_001":"大分県","A40_002":"44","A40_003":"0.3m未満"},"geometry":{"type":"Polygon","coordinates":[[[131.31391,33.5795],[131.31413,33.57959],[131.31413,33.5795],[131.31391,33.5795]]]}},{"type":"Feature","properties":{"A40_001":"大分県","A40_002":"44","A40_003":"0.3m以上 〜 1m未満"},"geometry":{"type":"Polygon","coordinates":[[[131.30163,33.57953],[131.30185,33.57962],[131.30185,33.57953],[131.30163,33.57953]]]}},{"type":"Feature","properties":{"A40_001":"大分県","A40_002":"44","A40_003":"0.3m以上 〜 1m未満"},"geometry":{"type":"Polygon","coordinates":[[[131.29829,33.57963],[131.29818,33.57954],[131.29819,33.57963],[131.29829,33.57963]]]}},{"type":"Feature","properties":{"A40_001":"大分県","A40_002":"44","A40_003":"0.3m未満"},"geometry":{"type":"Polygon","coordinates":[[[131.30691,33.57943],[131.3068,33.57979],[131.30691,33.57979],[131.30691,33.57943]]]}},{"type":"Feature","properties":{"A40_001":"大分県","A40_002":"44","A40_003":"0.3m以上 〜 1m未満"},"geometry":{"type":"Polygon","coordinates":[[[131.26748,33.5797],[131.26738,33.57952],[131.26738,33.5797],[131.26748,33.5797]]]}},{"type":"Feature","properties":{"A40_001":"大分県","A40_002":"44","A40_003":"0.3m未満"},"geometry":{"type":"Polygon","coordinates":[[[131.30583,33.57961],[131.30551,33.57979],[131.30573,33.57979],[131.30583,33.57961]]]}},{"type":"Feature","properties":{"A40_001":"大分県","A40_002":"44","A40_003":"0.3m以上 〜 1m未満"},"geometry":{"type":"Polygon","coordinates":[[[131.2859,33.57957],[131.28601,33.57966],[131.28601,33.57957],[131.2859,33.57957]]]}},{"type":"Feature","properties":{"A40_001":"大分県","A40_002":"44","A40_003":"1m以上 〜 2m未満"},"geometry":{"type":"Polygon","coordinates":[[[131.28569,33.57948],[131.28558,33.57975],[131.28569,33.57975],[131.28569,33.57948]]]}},{"type":"Feature","properties":{"A40_001":"大分県","A40_002":"44","A40_003":"1m以上 〜 2m未満"},"geometry":{"type":"Polygon","coordinates":[[[131.28041,33.57958],[131.28052,33.57967],[131.28052,33.57958],[131.28041,33.57958]]]}},{"type":"Feature","properties":{"A40_001":"大分県","A40_002":"44","A40_003":"1m以上 〜 2m未満"},"geometry":{"type":"Polygon","coordinates":[[[131.28019,33.57958],[131.2803,33.57967],[131.2803,33.57958],[131.28019,33.57958]]]}},{"type":"Feature","properties":{"A40_001":"大分県","A40_002":"44","A40_003":"1m以上 〜 2m未満"},"geometry":{"type":"Polygon","coordinates":[[[131.28601,33.57957],[131.28644,33.57975],[131.28677,33.57975],[131.28601,33.57957]]]}},{"type":"Feature","properties":{"A40_001":"大分県","A40_002":"44","A40_003":"0.3m以上 〜 1m未満"},"geometry":{"type":"Polygon","coordinates":[[[131.30454,33.57961],[131.30465,33.5797],[131.30465,33.57961],[131.30454,33.57961]]]}},{"type":"Feature","properties":{"A40_001":"大分県","A40_002":"44","A40_003":"0.3m以上 〜 1m未満"},"geometry":{"type":"Polygon","coordinates":[[[131.30411,33.57962],[131.30422,33.57971],[131.30422,33.57962],[131.30411,33.57962]]]}},{"type":"Feature","properties":{"A40_001":"大分県","A40_002":"44","A40_003":"0.3m以上 〜 1m未満"},"geometry":{"type":"Polygon","coordinates":[[[131.30131,33.57962],[131.30152,33.57971],[131.30152,33.57962],[131.30131,33.57962]]]}},{"type":"Feature","properties":{"A40_001":"大分県","A40_002":"44","A40_003":"0.3m未満"},"geometry":{"type":"Polygon","coordinates":[[[131.29517,33.57973],[131.29506,33.57964],[131.29506,33.57973],[131.29517,33.57973]]]}},{"type":"Feature","properties":{"A40_001":"大分県","A40_002":"44","A40_003":"1m以上 〜 2m未満"},"geometry":{"type":"Polygon","coordinates":[[[131.2858,33.57966],[131.2859,33.57975],[131.2859,33.57966],[131.2858,33.57966]]]}},{"type":"Feature","properties":{"A40_001":"大分県","A40_002":"44","A40_003":"1m以上 〜 2m未満"},"geometry":{"type":"Polygon","coordinates":[[[131.27998,33.57967],[131.28009,33.57976],[131.28009,33.57967],[131.27998,33.57967]]]}},{"type":"Feature","properties":{"A40_001":"大分県","A40_002":"44","A40_003":"1m以上 〜 2m未満"},"geometry":{"type":"Polygon","coordinates":[[[131.27966,33.57967],[131.27976,33.57976],[131.27976,33.57967],[131.27966,33.57967]]]}},{"type":"Feature","properties":{"A40_001":"大分県","A40_002":"44","A40_003":"0.3m未満"},"geometry":{"type":"Polygon","coordinates":[[[131.29215,33.57992],[131.29204,33.57955],[131.29194,33.57992],[131.29215,33.57992]]]}},{"type":"Feature","properties":{"A40_001":"大分県","A40_002":"44","A40_003":"0.3m以上 〜 1m未満"},"geometry":{"type":"Polygon","coordinates":[[[131.30507,33.57754],[131.30584,33.58069],[131.30982,33.58113],[131.31004,33.58023],[131.3109,33.58194],[131.31273,33.58149],[131.31327,33.58086],[131.31392,33.58085],[131.3137,33.58167],[131.31521,33.58175],[131.31521,33.58121],[131.31661,33.5813],[131.3179,33.58003],[131.31779,33.57868],[131.31585,33.57814],[131.31294,33.57815],[131.31251,33.57833],[131.31251,33.57905],[131.31229,33.57833],[131.31154,33.57834],[131.31165,33.5787],[131.31035,33.5787],[131.31014,33.57933],[131.31014,33.57861],[131.30982,33.57915],[131.30863,33.57915],[131.30885,33.57852],[131.30734,33.57853],[131.30745,33.57916],[131.30691,33.57943],[131.30583,33.57889],[131.30604,33.57772],[131.30561,33.57799],[131.30507,33.57754]],[[131.30832,33.58096],[131.30853,33.58087],[131.30853,33.58096],[131.30832,33.58096]],[[131.31273,33.58104],[131.31262,33.58086],[131.31273,33.58086],[131.31273,33.58104]],[[131.31262,33.58086],[131.31252,33.58068],[131.31262,33.58068],[131.31262,33.58086]],[[131.31511,33.58157],[131.315,33.58112],[131.3151,33.58112],[131.31511,33.58157]],[[131.315,33.58103],[131.31478,33.58112],[131.31478,33.58103],[131.315,33.58103]],[[131.3068,33.57943],[131.30691,33.57979],[131.3068,33.57979],[131.3068,33.57943]],[[131.30627,33.57997],[131.3068,33.58006],[131.30627,33.58015],[131.30627,33.57997]],[[131.30551,33.57817],[131.30561,33.57826],[131.30551,33.57826],[131.30551,33.57817]],[[131.30561,33.57826],[131.30572,33.57835],[131.30561,33.57835],[131.30561,33.57826]],[[131.30572,33.57826],[131.30594,33.57817],[131.30594,33.57826],[131.30572,33.57826]],[[131.30561,33.57835],[131.30551,33.57844],[131.30551,33.57835],[131.30561,33.57835]],[[131.31359,33.57959],[131.31456,33.5795],[131.31435,33.58031],[131.31381,33.5804],[131.31359,33.57959]],[[131.31413,33.58049],[131.31456,33.58085],[131.31456,33.58103],[131.31413,33.58103],[131.31413,33.58049]],[[131.31381,33.5804],[131.3137,33.58049],[131.3137,33.5804],[131.31381,33.5804]],[[131.31575,33.58112],[131.31586,33.58121],[131.31575,33.58121],[131.31575,33.58112]],[[131.31586,33.58112],[131.31596,33.58094],[131.31597,33.58112],[131.31586,33.58112]],[[131.31597,33.58112],[131.31607,33.58121],[131.31597,33.58121],[131.31597,33.58112]],[[131.31639,33.5804],[131.31715,33.58048],[131.31639,33.58076],[131.31639,33.5804]],[[131.31683,33.58067],[131.31693,33.58076],[131.31683,33.58076],[131.31683,33.58067]],[[131.31639,33.58076],[131.31629,33.58094],[131.31618,33.58076],[131.31639,33.58076]],[[131.3164,33.58094],[131.3165,33.58103],[131.3164,33.58103],[131.3164,33.58094]],[[131.31521,33.58085],[131.31564,33.58094],[131.31521,33.58103],[131.31521,33.58085]],[[131.31575,33.58085],[131.31575,33.58058],[131.31586,33.58085],[131.31575,33.58085]],[[131.30562,33.57934],[131.30572,33.57925],[131.30572,33.57934],[131.30562,33.57934]],[[131.31467,33.57968],[131.31478,33.57977],[131.31467,33.57977],[131.31467,33.57968]],[[131.3151,33.58058],[131.31477,33.57905],[131.31628,33.57922],[131.31585,33.57968],[131.31607,33.5804],[131.31521,33.58004],[131.3151,33.58058]],[[131.31165,33.57888],[131.31176,33.57879],[131.31176,33.57888],[131.31165,33.57888]],[[131.30766,33.57916],[131.30777,33.57907],[131.30777,33.57916],[131.30766,33.57916]],[[131.30809,33.57916],[131.3082,33.57906],[131.3082,33.57916],[131.30809,33.57916]],[[131.30831,33.57915],[131.30842,33.57906],[131.30842,33.57915],[131.30831,33.57915]],[[131.30788,33.57916],[131.30799,33.57907],[131.30799,33.57916],[131.30788,33.57916]],[[131.31402,33.57941],[131.31466,33.57896],[131.31467,33.57932],[131.31402,33.57941]],[[131.31165,33.57906],[131.31176,33.57897],[131.31176,33.57906],[131.31165,33.57906]],[[131.3137,33.57941],[131.3138,33.5795],[131.3137,33.5795],[131.3137,33.57941]],[[131.31359,33.57932],[131.3137,33.57923],[131.3137,33.57932],[131.31359,33.57932]],[[131.31629,33.58112],[131.31618,33.58103],[131.31629,33.58103],[131.31629,33.58112]],[[131.31435,33.58049],[131.31478,33.58013],[131.31467,33.58058],[131.31435,33.58049]],[[131.31467,33.57995],[131.31478,33.57986],[131.31478,33.57995],[131.31467,33.57995]],[[131.31305,33.58032],[131.31295,33.58041],[131.31295,33.58032],[131.31305,33.58032]],[[131.31262,33.58059],[131.31284,33.5805],[131.31284,33.58059],[131.31262,33.58059]],[[131.31284,33.58068],[131.31295,33.58077],[131.31284,33.58077],[131.31284,33.58068]],[[131.31295,33.5805],[131.31305,33.58059],[131.31295,33.58059],[131.31295,33.5805]],[[131.31252,33.5805],[131.31241,33.58059],[131.31241,33.5805],[131.31252,33.5805]],[[131.31596,33.58067],[131.31607,33.58076],[131.31596,33.58076],[131.31596,33.58067]],[[131.31618,33.58049],[131.31629,33.58058],[131.31618,33.58058],[131.31618,33.58049]],[[131.3109,33.58158],[131.31112,33.58149],[131.31112,33.58158],[131.3109,33.58158]],[[131.31198,33.58149],[131.31209,33.58131],[131.31209,33.58149],[131.31198,33.58149]]]}},{"type":"Feature","properties":{"A40_001":"大分県","A40_002":"44","A40_003":"0.3m以上 〜 1m未満"},"geometry":{"type":"Polygon","coordinates":[[[131.26802,33.57979],[131.26791,33.5797],[131.26791,33.57979],[131.26802,33.57979]]]}},{"type":"Feature","properties":{"A40_001":"大分県","A40_002":"44","A40_003":"0.3m未満"},"geometry":{"type":"Polygon","coordinates":[[[131.31456,33.5795],[131.31445,33.57977],[131.31456,33.57977],[131.31456,33.5795]]]}},{"type":"Feature","properties":{"A40_001":"大分県","A40_002":"44","A40_003":"0.3m未満"},"geometry":{"type":"Polygon","coordinates":[[[131.31359,33.57977],[131.31381,33.57959],[131.31359,33.57959],[131.31359,33.57977]]]}},{"type":"Feature","properties":{"A40_001":"大分県","A40_002":"44","A40_003":"0.3m未満"},"geometry":{"type":"Polygon","coordinates":[[[131.31768,33.57967],[131.31779,33.57976],[131.31779,33.57967],[131.31768,33.57967]]]}},{"type":"Feature","properties":{"A40_001":"大分県","A40_002":"44","A40_003":"1m以上 〜 2m未満"},"geometry":{"type":"Polygon","coordinates":[[[131.31467,33.57968],[131.31478,33.57977],[131.31477,33.57968],[131.31467,33.57968]]]}},{"type":"Feature","properties":{"A40_001":"大分県","A40_002":"44","A40_003":"1m以上 〜 2m未満"},"geometry":{"type":"Polygon","coordinates":[[[131.31542,33.57977],[131.31628,33.57922],[131.31477,33.57905],[131.3151,33.58058],[131.31521,33.58004],[131.31607,33.5804],[131.31618,33.57986],[131.31542,33.57977]],[[131.31553,33.57941],[131.31542,33.5795],[131.31542,33.57941],[131.31553,33.57941]],[[131.31531,33.57914],[131.31542,33.57932],[131.31531,33.57932],[131.31531,33.57914]],[[131.31585,33.57995],[131.31575,33.57986],[131.31585,33.57986],[131.31585,33.57995]],[[131.3151,33.57977],[131.31521,33.57986],[131.3151,33.57986],[131.3151,33.57977]]]}},{"type":"Feature","properties":{"A40_001":"大分県","A40_002":"44","A40_003":"0.3m以上 〜 1m未満"},"geometry":{"type":"Polygon","coordinates":[[[131.3053,33.5797],[131.30551,33.57979],[131.30551,33.5797],[131.3053,33.5797]]]}},{"type":"Feature","properties":{"A40_001":"大分県","A40_002":"44","A40_003":"0.3m未満"},"geometry":{"type":"Polygon","coordinates":[[[131.30411,33.57971],[131.30422,33.5798],[131.30422,33.57971],[131.30411,33.57971]]]}},{"type":"Feature","properties":{"A40_001":"大分県","A40_002":"44","A40_003":"0.3m以上 〜 1m未満"},"geometry":{"type":"Polygon","coordinates":[[[131.30109,33.57971],[131.30131,33.5798],[131.30131,33.57971],[131.30109,33.57971]]]}},{"type":"Feature","properties":{"A40_001":"大分県","A40_002":"44","A40_003":"1m以上 〜 2m未満"},"geometry":{"type":"Polygon","coordinates":[[[131.2984,33.57981],[131.29829,33.57972],[131.29829,33.57981],[131.2984,33.57981]]]}},{"type":"Feature","properties":{"A40_001":"大分県","A40_002":"44","A40_003":"0.3m以上 〜 1m未満"},"geometry":{"type":"Polygon","coordinates":[[[131.30497,33.5797],[131.30508,33.57988],[131.30519,33.5797],[131.30497,33.5797]]]}},{"type":"Feature","properties":{"A40_001":"大分県","A40_002":"44","A40_003":"0.3m未満"},"geometry":{"type":"Polygon","coordinates":[[[131.29614,33.57973],[131.29582,33.57991],[131.29614,33.57982],[131.29614,33.57973]]]}},{"type":"Feature","properties":{"A40_001":"大分県","A40_002":"44","A40_003":"0.3m以上 〜 1m未満"},"geometry":{"type":"Polygon","coordinates":[[[131.30088,33.5798],[131.30099,33.57989],[131.30099,33.5798],[131.30088,33.5798]]]}},{"type":"Feature","properties":{"A40_001":"大分県","A40_002":"44","A40_003":"1m以上 〜 2m未満"},"geometry":{"type":"Polygon","coordinates":[[[131.27998,33.57976],[131.27987,33.57994],[131.2802,33.57994],[131.27998,33.57976]]]}},{"type":"Feature","properties":{"A40_001":"大分県","A40_002":"44","A40_003":"1m以上 〜 2m未満"},"geometry":{"type":"Polygon","coordinates":[[[131.29851,33.5799],[131.2984,33.57981],[131.2984,33.5799],[131.29851,33.5799]]]}},{"type":"Feature","properties":{"A40_001":"大分県","A40_002":"44","A40_003":"0.3m未満"},"geometry":{"type":"Polygon","coordinates":[[[131.29646,33.57981],[131.29625,33.57991],[131.29646,33.57991],[131.29646,33.57981]]]}},{"type":"Feature","properties":{"A40_001":"大分県","A40_002":"44","A40_003":"0.3m以上 〜 1m未満"},"geometry":{"type":"Polygon","coordinates":[[[131.3151,33.57977],[131.31521,33.57986],[131.31521,33.57977],[131.3151,33.57977]]]}},{"type":"Feature","properties":{"A40_001":"大分県","A40_002":"44","A40_003":"0.3m未満"},"geometry":{"type":"Polygon","coordinates":[[[131.31445,33.57977],[131.31435,33.57995],[131.31445,33.57995],[131.31445,33.57977]]]}},{"type":"Feature","properties":{"A40_001":"大分県","A40_002":"44","A40_003":"0.3m以上 〜 1m未満"},"geometry":{"type":"Polygon","coordinates":[[[131.31575,33.57986],[131.31585,33.57995],[131.31585,33.57986],[131.31575,33.57986]]]}},{"type":"Feature","properties":{"A40_001":"大分県","A40_002":"44","A40_003":"1m以上 〜 2m未満"},"geometry":{"type":"Polygon","coordinates":[[[131.31467,33.57986],[131.31478,33.57995],[131.31478,33.57986],[131.31467,33.57986]]]}},{"type":"Feature","properties":{"A40_001":"大分県","A40_002":"44","A40_003":"0.3m未満"},"geometry":{"type":"Polygon","coordinates":[[[131.31359,33.57986],[131.3137,33.57995],[131.3137,33.57986],[131.31359,33.57986]]]}},{"type":"Feature","properties":{"A40_001":"大分県","A40_002":"44","A40_003":"0.3m未満"},"geometry":{"type":"Polygon","coordinates":[[[131.29485,33.57982],[131.29463,33.57991],[131.29485,33.57991],[131.29485,33.57982]]]}},{"type":"Feature","properties":{"A40_001":"大分県","A40_002":"44","A40_003":"0.3m以上 〜 1m未満"},"geometry":{"type":"Polygon","coordinates":[[[131.30465,33.57998],[131.30422,33.57989],[131.30422,33.58007],[131.30465,33.57998]]]}},{"type":"Feature","properties":{"A40_001":"大分県","A40_002":"44","A40_003":"1m以上 〜 2m未満"},"geometry":{"type":"Polygon","coordinates":[[[131.27966,33.57985],[131.27955,33.58003],[131.27966,33.58003],[131.27966,33.57985]]]}},{"type":"Feature","properties":{"A40_001":"大分県","A40_002":"44","A40_003":"1m以上 〜 2m未満"},"geometry":{"type":"Polygon","coordinates":[[[131.27944,33.57985],[131.27933,33.58004],[131.27944,33.58003],[131.27944,33.57985]]]}},{"type":"Feature","properties":{"A40_001":"大分県","A40_002":"44","A40_003":"0.3m以上 〜 1m未満"},"geometry":{"type":"Polygon","coordinates":[[[131.29862,33.57972],[131.29862,33.58017],[131.29873,33.58017],[131.29862,33.57972]]]}},{"type":"Feature","properties":{"A40_001":"大分県","A40_002":"44","A40_003":"0.3m以上 〜 1m未満"},"geometry":{"type":"Polygon","coordinates":[[[131.29776,33.58008],[131.29711,33.57981],[131.29776,33.58026],[131.29776,33.58008]]]}},{"type":"Feature","properties":{"A40_001":"大分県","A40_002":"44","A40_003":"0.3m未満"},"geometry":{"type":"Polygon","coordinates":[[[131.27826,33.58004],[131.27729,33.57977],[131.27729,33.58031],[131.27826,33.58004]]]}},{"type":"Feature","properties":{"A40_001":"大分県","A40_002":"44","A40_003":"0.3m未満"},"geometry":{"type":"Polygon","coordinates":[[[131.29528,33.58],[131.29506,33.57991],[131.29506,33.58],[131.29528,33.58]]]}},{"type":"Feature","properties":{"A40_001":"大分県","A40_002":"44","A40_003":"0.3m未満"},"geometry":{"type":"Polygon","coordinates":[[[131.3068,33.58006],[131.30627,33.57997],[131.30627,33.58015],[131.3068,33.58006]]]}},{"type":"Feature","properties":{"A40_001":"大分県","A40_002":"44","A40_003":"1m以上 〜 2m未満"},"geometry":{"type":"Polygon","coordinates":[[[131.28224,33.57994],[131.28235,33.58003],[131.28235,33.57994],[131.28224,33.57994]]]}},{"type":"Feature","properties":{"A40_001":"大分県","A40_002":"44","A40_003":"1m以上 〜 2m未満"},"geometry":{"type":"Polygon","coordinates":[[[131.28181,33.57994],[131.28192,33.58003],[131.28192,33.57994],[131.28181,33.57994]]]}},{"type":"Feature","properties":{"A40_001":"大分県","A40_002":"44","A40_003":"1m以上 〜 2m未満"},"geometry":{"type":"Polygon","coordinates":[[[131.29991,33.57918],[131.29851,33.57972],[131.29883,33.58026],[131.30045,33.58089],[131.30077,33.58035],[131.29991,33.57918]],[[131.29948,33.58035],[131.2997,33.58026],[131.2997,33.58035],[131.29948,33.58035]],[[131.30002,33.58017],[131.30023,33.58008],[131.30023,33.58017],[131.30002,33.58017]],[[131.30002,33.58017],[131.2998,33.58026],[131.2998,33.58017],[131.30002,33.58017]]]}},{"type":"Feature","properties":{"A40_001":"大分県","A40_002":"44","A40_003":"1m以上 〜 2m未満"},"geometry":{"type":"Polygon","coordinates":[[[131.28558,33.57993],[131.28537,33.58011],[131.28558,33.58011],[131.28558,33.57993]]]}},{"type":"Feature","properties":{"A40_001":"大分県","A40_002":"44","A40_003":"1m以上 〜 2m未満"},"geometry":{"type":"Polygon","coordinates":[[[131.30433,33.57998],[131.30443,33.58007],[131.30443,33.57998],[131.30433,33.57998]]]}},{"type":"Feature","properties":{"A40_001":"大分県","A40_002":"44","A40_003":"1m以上 〜 2m未満"},"geometry":{"type":"Polygon","coordinates":[[[131.29862,33.58008],[131.29851,33.57999],[131.29851,33.58008],[131.29862,33.58008]]]}},{"type":"Feature","properties":{"A40_001":"大分県","A40_002":"44","A40_003":"0.3m未満"},"geometry":{"type":"Polygon","coordinates":[[[131.29409,33.57982],[131.29377,33.58018],[131.29452,33.58027],[131.29463,33.58],[131.29409,33.57982]],[[131.29431,33.58009],[131.29442,33.58],[131.29442,33.58009],[131.29431,33.58009]]]}},{"type":"Feature","properties":{"A40_001":"大分県","A40_002":"44","A40_003":"0.3m未満"},"geometry":{"type":"Polygon","coordinates":[[[131.30551,33.58006],[131.30497,33.58006],[131.30443,33.58007],[131.30497,33.58034],[131.30551,33.58006]],[[131.30497,33.58006],[131.30508,33.58015],[131.30497,33.58015],[131.30497,33.58006]]]}},{"type":"Feature","properties":{"A40_001":"大分県","A40_002":"44","A40_003":"1m以上 〜 2m未満"},"geometry":{"type":"Polygon","coordinates":[[[131.28429,33.58002],[131.2844,33.58011],[131.2844,33.58002],[131.28429,33.58002]]]}},{"type":"Feature","properties":{"A40_001":"大分県","A40_002":"44","A40_003":"1m以上 〜 2m未満"},"geometry":{"type":"Polygon","coordinates":[[[131.28354,33.58003],[131.28418,33.58011],[131.28418,33.58002],[131.28354,33.58003]]]}},{"type":"Feature","properties":{"A40_001":"大分県","A40_002":"44","A40_003":"0.3m未満"},"geometry":{"type":"Polygon","coordinates":[[[131.30303,33.57971],[131.3026,33.58043],[131.304,33.58007],[131.304,33.5798],[131.30293,33.58007],[131.30303,33.57971]],[[131.30357,33.57998],[131.30368,33.58007],[131.30357,33.58007],[131.30357,33.57998]]]}},{"type":"Feature","properties":{"A40_001":"大分県","A40_002":"44","A40_003":"0.3m以上 〜 1m未満"},"geometry":{"type":"Polygon","coordinates":[[[131.30249,33.5798],[131.30239,33.58034],[131.3025,33.58034],[131.30249,33.5798]]]}},{"type":"Feature","properties":{"A40_001":"大分県","A40_002":"44","A40_003":"0.3m未満"},"geometry":{"type":"Polygon","coordinates":[[[131.28267,33.58003],[131.28278,33.58012],[131.28278,33.58003],[131.28267,33.58003]]]}},{"type":"Feature","properties":{"A40_001":"大分県","A40_002":"44","A40_003":"1m以上 〜 2m未満"},"geometry":{"type":"Polygon","coordinates":[[[131.28149,33.58003],[131.2817,33.58012],[131.2817,33.58003],[131.28149,33.58003]]]}},{"type":"Feature","properties":{"A40_001":"大分県","A40_002":"44","A40_003":"0.3m以上 〜 1m未満"},"geometry":{"type":"Polygon","coordinates":[[[131.30034,33.57954],[131.30034,33.58008],[131.30099,33.58071],[131.30077,33.57989],[131.30034,33.57954]]]}},{"type":"Feature","properties":{"A40_001":"大分県","A40_002":"44","A40_003":"0.3m以上 〜 1m未満"},"geometry":{"type":"Polygon","coordinates":[[[131.29592,33.57982],[131.29582,33.58036],[131.29657,33.58009],[131.29657,33.5799],[131.29592,33.57982]]]}},{"type":"Feature","properties":{"A40_001":"大分県","A40_002":"44","A40_003":"0.3m未満"},"geometry":{"type":"Polygon","coordinates":[[[131.29248,33.58009],[131.29226,33.5801],[131.2928,33.58018],[131.29248,33.58009]]]}},{"type":"Feature","properties":{"A40_001":"大分県","A40_002":"44","A40_003":"0.3m以上 〜 1m未満"},"geometry":{"type":"Polygon","coordinates":[[[131.30497,33.58006],[131.30508,33.58015],[131.30508,33.58006],[131.30497,33.58006]]]}},{"type":"Feature","properties":{"A40_001":"大分県","A40_002":"44","A40_003":"0.3m以上 〜 1m未満"},"geometry":{"type":"Polygon","coordinates":[[[131.30002,33.58008],[131.30023,33.58017],[131.30023,33.58008],[131.30002,33.58008]]]}},{"type":"Feature","properties":{"A40_001":"大分県","A40_002":"44","A40_003":"2m以上 〜 3m未満"},"geometry":{"type":"Polygon","coordinates":[[[131.29711,33.58017],[131.297,33.58008],[131.297,33.58017],[131.29711,33.58017]]]}},{"type":"Feature","properties":{"A40_001":"大分県","A40_002":"44","A40_003":"0.3m以上 〜 1m未満"},"geometry":{"type":"Polygon","coordinates":[[[131.29237,33.58019],[131.29226,33.5801],[131.29226,33.58019],[131.29237,33.58019]]]}},{"type":"Feature","properties":{"A40_001":"大分県","A40_002":"44","A40_003":"1m以上 〜 2m未満"},"geometry":{"type":"Polygon","coordinates":[[[131.28515,33.58011],[131.28526,33.5802],[131.28526,33.58011],[131.28515,33.58011]]]}},{"type":"Feature","properties":{"A40_001":"大分県","A40_002":"44","A40_003":"0.3m未満"},"geometry":{"type":"Polygon","coordinates":[[[131.28429,33.58011],[131.28472,33.5802],[131.28472,33.58011],[131.28429,33.58011]]]}},{"type":"Feature","properties":{"A40_001":"大分県","A40_002":"44","A40_003":"0.3m未満"},"geometry":{"type":"Polygon","coordinates":[[[131.28332,33.58012],[131.28343,33.58021],[131.28343,33.58012],[131.28332,33.58012]]]}},{"type":"Feature","properties":{"A40_001":"大分県","A40_002":"44","A40_003":"0.3m以上 〜 1m未満"},"geometry":{"type":"Polygon","coordinates":[[[131.28203,33.58021],[131.28246,33.58012],[131.28203,33.58012],[131.28203,33.58021]]]}},{"type":"Feature","properties":{"A40_001":"大分県","A40_002":"44","A40_003":"0.3m未満"},"geometry":{"type":"Polygon","coordinates":[[[131.28192,33.58012],[131.28203,33.58021],[131.28203,33.58012],[131.28192,33.58012]]]}},{"type":"Feature","properties":{"A40_001":"大分県","A40_002":"44","A40_003":"1m以上 〜 2m未満"},"geometry":{"type":"Polygon","coordinates":[[[131.27933,33.58013],[131.27944,33.58022],[131.27944,33.58012],[131.27933,33.58013]]]}},{"type":"Feature","properties":{"A40_001":"大分県","A40_002":"44","A40_003":"0.3m未満"},"geometry":{"type":"Polygon","coordinates":[[[131.26835,33.58024],[131.26824,33.58015],[131.26824,33.58024],[131.26835,33.58024]]]}},{"type":"Feature","properties":{"A40_001":"大分県","A40_002":"44","A40_003":"0.3m未満"},"geometry":{"type":"Polygon","coordinates":[[[131.26813,33.57979],[131.2677,33.57997],[131.26781,33.5806],[131.26824,33.5806],[131.26813,33.57979]]]}},{"type":"Feature","properties":{"A40_001":"大分県","A40_002":"44","A40_003":"0.3m未満"},"geometry":{"type":"Polygon","coordinates":[[[131.30573,33.58033],[131.30551,33.58006],[131.30562,33.58033],[131.30573,33.58033]]]}},{"type":"Feature","properties":{"A40_001":"大分県","A40_002":"44","A40_003":"0.3m以上 〜 1m未満"},"geometry":{"type":"Polygon","coordinates":[[[131.30519,33.58015],[131.3053,33.58024],[131.3053,33.58015],[131.30519,33.58015]]]}},{"type":"Feature","properties":{"A40_001":"大分県","A40_002":"44","A40_003":"0.3m未満"},"geometry":{"type":"Polygon","coordinates":[[[131.31768,33.58003],[131.31779,33.58012],[131.31779,33.58003],[131.31768,33.58003]]]}},{"type":"Feature","properties":{"A40_001":"大分県","A40_002":"44","A40_003":"0.3m未満"},"geometry":{"type":"Polygon","coordinates":[[[131.31779,33.58012],[131.3179,33.58021],[131.3179,33.58012],[131.31779,33.58012]]]}},{"type":"Feature","properties":{"A40_001":"大分県","A40_002":"44","A40_003":"1m以上 〜 2m未満"},"geometry":{"type":"Polygon","coordinates":[[[131.31758,33.58021],[131.31769,33.5803],[131.31769,33.58021],[131.31758,33.58021]]]}},{"type":"Feature","properties":{"A40_001":"大分県","A40_002":"44","A40_003":"0.3m以上 〜 1m未満"},"geometry":{"type":"Polygon","coordinates":[[[131.2998,33.58026],[131.30002,33.58017],[131.2998,33.58017],[131.2998,33.58026]]]}},{"type":"Feature","properties":{"A40_001":"大分県","A40_002":"44","A40_003":"0.3m以上 〜 1m未満"},"geometry":{"type":"Polygon","coordinates":[[[131.29883,33.58026],[131.29873,33.58017],[131.29873,33.58026],[131.29883,33.58026]]]}},{"type":"Feature","properties":{"A40_001":"大分県","A40_002":"44","A40_003":"0.3m以上 〜 1m未満"},"geometry":{"type":"Polygon","coordinates":[[[131.26824,33.58069],[131.26748,33.57979],[131.26727,33.58069],[131.26824,33.58069]]]}},{"type":"Feature","properties":{"A40_001":"大分県","A40_002":"44","A40_003":"0.3m以上 〜 1m未満"},"geometry":{"type":"Polygon","coordinates":[[[131.2844,33.5802],[131.28451,33.58029],[131.28451,33.5802],[131.2844,33.5802]]]}},{"type":"Feature","properties":{"A40_001":"大分県","A40_002":"44","A40_003":"0.3m未満"},"geometry":{"type":"Polygon","coordinates":[[[131.28375,33.5803],[131.28397,33.5802],[131.28375,33.58021],[131.28375,33.5803]]]}},{"type":"Feature","properties":{"A40_001":"大分県","A40_002":"44","A40_003":"1m以上 〜 2m未満"},"geometry":{"type":"Polygon","coordinates":[[[131.28181,33.5803],[131.28214,33.58021],[131.28181,33.58021],[131.28181,33.5803]]]}},{"type":"Feature","properties":{"A40_001":"大分県","A40_002":"44","A40_003":"0.3m以上 〜 1m未満"},"geometry":{"type":"Polygon","coordinates":[[[131.2817,33.58021],[131.28181,33.5803],[131.28181,33.58021],[131.2817,33.58021]]]}},{"type":"Feature","properties":{"A40_001":"大分県","A40_002":"44","A40_003":"0.3m未満"},"geometry":{"type":"Polygon","coordinates":[[[131.2816,33.58021],[131.28171,33.5803],[131.2817,33.58021],[131.2816,33.58021]]]}},{"type":"Feature","properties":{"A40_001":"大分県","A40_002":"44","A40_003":"1m以上 〜 2m未満"},"geometry":{"type":"Polygon","coordinates":[[[131.28117,33.58021],[131.28127,33.5803],[131.28127,33.58021],[131.28117,33.58021]]]}},{"type":"Feature","properties":{"A40_001":"大分県","A40_002":"44","A40_003":"0.3m以上 〜 1m未満"},"geometry":{"type":"Polygon","coordinates":[[[131.30508,33.58024],[131.30519,33.58033],[131.30519,33.58024],[131.30508,33.58024]]]}},{"type":"Feature","properties":{"A40_001":"大分県","A40_002":"44","A40_003":"1m以上 〜 2m未満"},"geometry":{"type":"Polygon","coordinates":[[[131.31467,33.58058],[131.31445,33.58004],[131.31435,33.58049],[131.31467,33.58058]]]}},{"type":"Feature","properties":{"A40_001":"大分県","A40_002":"44","A40_003":"0.3m未満"},"geometry":{"type":"Polygon","coordinates":[[[131.31758,33.5803],[131.31769,33.58039],[131.31769,33.5803],[131.31758,33.5803]]]}},{"type":"Feature","properties":{"A40_001":"大分県","A40_002":"44","A40_003":"0.3m未満"},"geometry":{"type":"Polygon","coordinates":[[[131.31381,33.58031],[131.31392,33.5804],[131.31392,33.58031],[131.31381,33.58031]]]}},{"type":"Feature","properties":{"A40_001":"大分県","A40_002":"44","A40_003":"1m以上 〜 2m未満"},"geometry":{"type":"Polygon","coordinates":[[[131.31295,33.58032],[131.31305,33.58041],[131.31305,33.58032],[131.31295,33.58032]]]}},{"type":"Feature","properties":{"A40_001":"大分県","A40_002":"44","A40_003":"0.3m未満"},"geometry":{"type":"Polygon","coordinates":[[[131.31392,33.5804],[131.31402,33.58049],[131.31402,33.5804],[131.31392,33.5804]]]}},{"type":"Feature","properties":{"A40_001":"大分県","A40_002":"44","A40_003":"0.3m以上 〜 1m未満"},"geometry":{"type":"Polygon","coordinates":[[[131.29948,33.58026],[131.2997,33.58035],[131.2997,33.58026],[131.29948,33.58026]]]}},{"type":"Feature","properties":{"A40_001":"大分県","A40_002":"44","A40_003":"0.3m以上 〜 1m未満"},"geometry":{"type":"Polygon","coordinates":[[[131.29916,33.58044],[131.29905,33.58017],[131.29905,33.58044],[131.29916,33.58044]]]}},{"type":"Feature","properties":{"A40_001":"大分県","A40_002":"44","A40_003":"0.3m未満"},"geometry":{"type":"Polygon","coordinates":[[[131.29905,33.58035],[131.29894,33.58026],[131.29894,33.58035],[131.29905,33.58035]]]}},{"type":"Feature","properties":{"A40_001":"大分県","A40_002":"44","A40_003":"1m以上 〜 2m未満"},"geometry":{"type":"Polygon","coordinates":[[[131.29786,33.58035],[131.29765,33.58026],[131.29765,33.58035],[131.29786,33.58035]]]}},{"type":"Feature","properties":{"A40_001":"大分県","A40_002":"44","A40_003":"0.3m未満"},"geometry":{"type":"Polygon","coordinates":[[[131.29711,33.58017],[131.29582,33.58036],[131.2956,33.57991],[131.2955,33.58054],[131.29679,33.58072],[131.29711,33.58017]],[[131.29582,33.58036],[131.29571,33.58045],[131.29571,33.58036],[131.29582,33.58036]],[[131.29614,33.58054],[131.29625,33.58045],[131.29625,33.58054],[131.29614,33.58054]]]}},{"type":"Feature","properties":{"A40_001":"大分県","A40_002":"44","A40_003":"0.3m未満"},"geometry":{"type":"Polygon","coordinates":[[[131.29377,33.58027],[131.29302,33.58045],[131.29377,33.58036],[131.29377,33.58027]]]}},{"type":"Feature","properties":{"A40_001":"大分県","A40_002":"44","A40_003":"1m以上 〜 2m未満"},"geometry":{"type":"Polygon","coordinates":[[[131.29259,33.58037],[131.29248,33.58028],[131.29248,33.58037],[131.29259,33.58037]]]}},{"type":"Feature","properties":{"A40_001":"大分県","A40_002":"44","A40_003":"0.3m未満"},"geometry":{"type":"Polygon","coordinates":[[[131.28138,33.5803],[131.28149,33.58039],[131.28149,33.5803],[131.28138,33.5803]]]}},{"type":"Feature","properties":{"A40_001":"大分県","A40_002":"44","A40_003":"1m以上 〜 2m未満"},"geometry":{"type":"Polygon","coordinates":[[[131.28009,33.58039],[131.2803,33.5803],[131.28009,33.5803],[131.28009,33.58039]]]}},{"type":"Feature","properties":{"A40_001":"大分県","A40_002":"44","A40_003":"0.3m未満"},"geometry":{"type":"Polygon","coordinates":[[[131.29927,33.58044],[131.29916,33.58026],[131.29916,33.58044],[131.29927,33.58044]]]}},{"type":"Feature","properties":{"A40_001":"大分県","A40_002":"44","A40_003":"1m以上 〜 2m未満"},"geometry":{"type":"Polygon","coordinates":[[[131.27987,33.5803],[131.27998,33.58039],[131.27998,33.5803],[131.27987,33.5803]]]}},{"type":"Feature","properties":{"A40_001":"大分県","A40_002":"44","A40_003":"1m以上 〜 2m未満"},"geometry":{"type":"Polygon","coordinates":[[[131.27966,33.58021],[131.27944,33.58031],[131.27944,33.58049],[131.27966,33.58021]]]}},{"type":"Feature","properties":{"A40_001":"大分県","A40_002":"44","A40_003":"0.3m以上 〜 1m未満"},"geometry":{"type":"Polygon","coordinates":[[[131.26878,33.5806],[131.26813,33.58033],[131.26824,33.5806],[131.26878,33.5806]]]}},{"type":"Feature","properties":{"A40_001":"大分県","A40_002":"44","A40_003":"0.3m以上 〜 1m未満"},"geometry":{"type":"Polygon","coordinates":[[[131.30562,33.58051],[131.30551,33.58042],[131.30541,33.5806],[131.30562,33.58051]]]}},{"type":"Feature","properties":{"A40_001":"大分県","A40_002":"44","A40_003":"0.3m未満"},"geometry":{"type":"Polygon","coordinates":[[[131.30239,33.58034],[131.3025,33.58043],[131.3025,33.58034],[131.30239,33.58034]]]}},{"type":"Feature","properties":{"A40_001":"大分県","A40_002":"44","A40_003":"1m以上 〜 2m未満"},"geometry":{"type":"Polygon","coordinates":[[[131.2816,33.5803],[131.28138,33.58048],[131.2816,33.58048],[131.2816,33.5803]]]}},{"type":"Feature","properties":{"A40_001":"大分県","A40_002":"44","A40_003":"0.3m以上 〜 1m未満"},"geometry":{"type":"Polygon","coordinates":[[[131.29366,33.58045],[131.29356,33.58036],[131.29356,33.58045],[131.29366,33.58045]]]}},{"type":"Feature","properties":{"A40_001":"大分県","A40_002":"44","A40_003":"0.3m未満"},"geometry":{"type":"Polygon","coordinates":[[[131.3054,33.58024],[131.30497,33.58034],[131.30519,33.5807],[131.30541,33.58069],[131.3054,33.58024]]]}},{"type":"Feature","properties":{"A40_001":"大分県","A40_002":"44","A40_003":"0.3m以上 〜 1m未満"},"geometry":{"type":"Polygon","coordinates":[[[131.28127,33.58039],[131.28138,33.58048],[131.28138,33.58039],[131.28127,33.58039]]]}},{"type":"Feature","properties":{"A40_001":"大分県","A40_002":"44","A40_003":"0.3m未満"},"geometry":{"type":"Polygon","coordinates":[[[131.28117,33.58039],[131.28127,33.58048],[131.28127,33.58039],[131.28117,33.58039]]]}},{"type":"Feature","properties":{"A40_001":"大分県","A40_002":"44","A40_003":"1m以上 〜 2m未満"},"geometry":{"type":"Polygon","coordinates":[[[131.3137,33.5804],[131.31381,33.58049],[131.31381,33.5804],[131.3137,33.5804]]]}},{"type":"Feature","properties":{"A40_001":"大分県","A40_002":"44","A40_003":"1m以上 〜 2m未満"},"geometry":{"type":"Polygon","coordinates":[[[131.31715,33.58048],[131.31639,33.5804],[131.31639,33.58076],[131.31715,33.58048]]]}},{"type":"Feature","properties":{"A40_001":"大分県","A40_002":"44","A40_003":"0.3m未満"},"geometry":{"type":"Polygon","coordinates":[[[131.31736,33.58048],[131.31747,33.58057],[131.31747,33.58048],[131.31736,33.58048]]]}},{"type":"Feature","properties":{"A40_001":"大分県","A40_002":"44","A40_003":"0.3m未満"},"geometry":{"type":"Polygon","coordinates":[[[131.31618,33.58049],[131.31629,33.58058],[131.31629,33.58049],[131.31618,33.58049]]]}},{"type":"Feature","properties":{"A40_001":"大分県","A40_002":"44","A40_003":"1m以上 〜 2m未満"},"geometry":{"type":"Polygon","coordinates":[[[131.31295,33.5805],[131.31305,33.58059],[131.31305,33.5805],[131.31295,33.5805]]]}},{"type":"Feature","properties":{"A40_001":"大分県","A40_002":"44","A40_003":"1m以上 〜 2m未満"},"geometry":{"type":"Polygon","coordinates":[[[131.31262,33.5805],[131.31284,33.58059],[131.31284,33.5805],[131.31262,33.5805]]]}},{"type":"Feature","properties":{"A40_001":"大分県","A40_002":"44","A40_003":"0.3m未満"},"geometry":{"type":"Polygon","coordinates":[[[131.31241,33.5805],[131.31252,33.58059],[131.31252,33.5805],[131.31241,33.5805]]]}},{"type":"Feature","properties":{"A40_001":"大分県","A40_002":"44","A40_003":"0.3m以上 〜 1m未満"},"geometry":{"type":"Polygon","coordinates":[[[131.29948,33.58035],[131.29937,33.58053],[131.29948,33.58053],[131.29948,33.58035]]]}},{"type":"Feature","properties":{"A40_001":"大分県","A40_002":"44","A40_003":"0.3m未満"},"geometry":{"type":"Polygon","coordinates":[[[131.26846,33.58051],[131.26835,33.58042],[131.26835,33.58051],[131.26846,33.58051]]]}},{"type":"Feature","properties":{"A40_001":"大分県","A40_002":"44","A40_003":"0.3m以上 〜 1m未満"},"geometry":{"type":"Polygon","coordinates":[[[131.30497,33.58043],[131.30508,33.58052],[131.30508,33.58043],[131.30497,33.58043]]]}},{"type":"Feature","properties":{"A40_001":"大分県","A40_002":"44","A40_003":"1m以上 〜 2m未満"},"geometry":{"type":"Polygon","coordinates":[[[131.29916,33.58053],[131.29905,33.58044],[131.29905,33.58053],[131.29916,33.58053]]]}},{"type":"Feature","properties":{"A40_001":"大分県","A40_002":"44","A40_003":"0.3m未満"},"geometry":{"type":"Polygon","coordinates":[[[131.29334,33.58054],[131.29323,33.58045],[131.29323,33.58054],[131.29334,33.58054]]]}},{"type":"Feature","properties":{"A40_001":"大分県","A40_002":"44","A40_003":"0.3m未満"},"geometry":{"type":"Polygon","coordinates":[[[131.31004,33.58023],[131.30993,33.58077],[131.31004,33.58077],[131.31004,33.58023]]]}},{"type":"Feature","properties":{"A40_001":"大分県","A40_002":"44","A40_003":"0.3m未満"},"geometry":{"type":"Polygon","coordinates":[[[131.30584,33.58033],[131.30573,33.58069],[131.30584,33.58069],[131.30584,33.58033]]]}},{"type":"Feature","properties":{"A40_001":"大分県","A40_002":"44","A40_003":"1m以上 〜 2m未満"},"geometry":{"type":"Polygon","coordinates":[[[131.28117,33.58048],[131.28128,33.58057],[131.28127,33.58048],[131.28117,33.58048]]]}},{"type":"Feature","properties":{"A40_001":"大分県","A40_002":"44","A40_003":"0.3m以上 〜 1m未満"},"geometry":{"type":"Polygon","coordinates":[[[131.28106,33.58048],[131.28117,33.58057],[131.28117,33.58048],[131.28106,33.58048]]]}},{"type":"Feature","properties":{"A40_001":"大分県","A40_002":"44","A40_003":"0.3m以上 〜 1m未満"},"geometry":{"type":"Polygon","coordinates":[[[131.2998,33.58044],[131.2997,33.58062],[131.2998,33.58062],[131.2998,33.58044]]]}},{"type":"Feature","properties":{"A40_001":"大分県","A40_002":"44","A40_003":"0.3m未満"},"geometry":{"type":"Polygon","coordinates":[[[131.2997,33.58044],[131.29959,33.58062],[131.2997,33.58062],[131.2997,33.58044]]]}},{"type":"Feature","properties":{"A40_001":"大分県","A40_002":"44","A40_003":"1m以上 〜 2m未満"},"geometry":{"type":"Polygon","coordinates":[[[131.27987,33.58048],[131.28041,33.58057],[131.28041,33.58048],[131.27987,33.58048]]]}},{"type":"Feature","properties":{"A40_001":"大分県","A40_002":"44","A40_003":"0.3m未満"},"geometry":{"type":"Polygon","coordinates":[[[131.26878,33.58051],[131.26889,33.5806],[131.26889,33.58051],[131.26878,33.58051]]]}},{"type":"Feature","properties":{"A40_001":"大分県","A40_002":"44","A40_003":"0.3m未満"},"geometry":{"type":"Polygon","coordinates":[[[131.30551,33.58051],[131.30562,33.5806],[131.30562,33.58051],[131.30551,33.58051]]]}},{"type":"Feature","properties":{"A40_001":"大分県","A40_002":"44","A40_003":"0.3m未満"},"geometry":{"type":"Polygon","coordinates":[[[131.30497,33.58052],[131.30508,33.58061],[131.30508,33.58052],[131.30497,33.58052]]]}},{"type":"Feature","properties":{"A40_001":"大分県","A40_002":"44","A40_003":"0.3m以上 〜 1m未満"},"geometry":{"type":"Polygon","coordinates":[[[131.30487,33.58052],[131.30498,33.58061],[131.30497,33.58052],[131.30487,33.58052]]]}},{"type":"Feature","properties":{"A40_001":"大分県","A40_002":"44","A40_003":"0.3m未満"},"geometry":{"type":"Polygon","coordinates":[[[131.30401,33.58061],[131.30444,33.58052],[131.30401,33.58052],[131.30401,33.58061]]]}},{"type":"Feature","properties":{"A40_001":"大分県","A40_002":"44","A40_003":"0.3m以上 〜 1m未満"},"geometry":{"type":"Polygon","coordinates":[[[131.29927,33.58071],[131.29916,33.58044],[131.29916,33.58071],[131.29927,33.58071]]]}},{"type":"Feature","properties":{"A40_001":"大分県","A40_002":"44","A40_003":"0.3m以上 〜 1m未満"},"geometry":{"type":"Polygon","coordinates":[[[131.30217,33.58052],[131.30207,33.5807],[131.30217,33.5807],[131.30217,33.58052]]]}},{"type":"Feature","properties":{"A40_001":"大分県","A40_002":"44","A40_003":"0.3m未満"},"geometry":{"type":"Polygon","coordinates":[[[131.27977,33.58058],[131.27988,33.58066],[131.27987,33.58057],[131.27977,33.58058]]]}},{"type":"Feature","properties":{"A40_001":"大分県","A40_002":"44","A40_003":"1m以上 〜 2m未満"},"geometry":{"type":"Polygon","coordinates":[[[131.27923,33.58067],[131.27966,33.58058],[131.27923,33.58058],[131.27923,33.58067]]]}},{"type":"Feature","properties":{"A40_001":"大分県","A40_002":"44","A40_003":"0.3m未満"},"geometry":{"type":"Polygon","coordinates":[[[131.26835,33.58069],[131.26824,33.5806],[131.26824,33.58069],[131.26835,33.58069]]]}},{"type":"Feature","properties":{"A40_001":"大分県","A40_002":"44","A40_003":"0.3m未満"},"geometry":{"type":"Polygon","coordinates":[[[131.30454,33.58061],[131.30465,33.5807],[131.30465,33.58061],[131.30454,33.58061]]]}},{"type":"Feature","properties":{"A40_001":"大分県","A40_002":"44","A40_003":"0.3m未満"},"geometry":{"type":"Polygon","coordinates":[[[131.30293,33.58061],[131.30314,33.5807],[131.30314,33.58061],[131.30293,33.58061]]]}},{"type":"Feature","properties":{"A40_001":"大分県","A40_002":"44","A40_003":"0.3m以上 〜 1m未満"},"geometry":{"type":"Polygon","coordinates":[[[131.30282,33.58061],[131.30261,33.58088],[131.30271,33.58088],[131.30282,33.58061]]]}},{"type":"Feature","properties":{"A40_001":"大分県","A40_002":"44","A40_003":"0.3m未満"},"geometry":{"type":"Polygon","coordinates":[[[131.29377,33.58072],[131.29366,33.58063],[131.29366,33.58072],[131.29377,33.58072]]]}},{"type":"Feature","properties":{"A40_001":"大分県","A40_002":"44","A40_003":"0.3m以上 〜 1m未満"},"geometry":{"type":"Polygon","coordinates":[[[131.30314,33.58061],[131.30476,33.58079],[131.30454,33.58061],[131.30314,33.58061]]]}},{"type":"Feature","properties":{"A40_001":"大分県","A40_002":"44","A40_003":"0.3m以上 〜 1m未満"},"geometry":{"type":"Polygon","coordinates":[[[131.30174,33.58079],[131.30142,33.58061],[131.30142,33.5807],[131.30174,33.58079]]]}},{"type":"Feature","properties":{"A40_001":"大分県","A40_002":"44","A40_003":"0.3m未満"},"geometry":{"type":"Polygon","coordinates":[[[131.30013,33.58062],[131.30002,33.5808],[131.30013,33.5808],[131.30013,33.58062]]]}},{"type":"Feature","properties":{"A40_001":"大分県","A40_002":"44","A40_003":"0.3m未満"},"geometry":{"type":"Polygon","coordinates":[[[131.28009,33.58066],[131.2802,33.58075],[131.2802,33.58066],[131.28009,33.58066]]]}},{"type":"Feature","properties":{"A40_001":"大分県","A40_002":"44","A40_003":"0.3m未満"},"geometry":{"type":"Polygon","coordinates":[[[131.31726,33.58057],[131.31736,33.58066],[131.31736,33.58057],[131.31726,33.58057]]]}},{"type":"Feature","properties":{"A40_001":"大分県","A40_002":"44","A40_003":"0.3m未満"},"geometry":{"type":"Polygon","coordinates":[[[131.31683,33.58067],[131.31693,33.58076],[131.31693,33.58067],[131.31683,33.58067]]]}},{"type":"Feature","properties":{"A40_001":"大分県","A40_002":"44","A40_003":"1m以上 〜 2m未満"},"geometry":{"type":"Polygon","coordinates":[[[131.31575,33.58085],[131.31575,33.58067],[131.31564,33.58058],[131.31575,33.58085]]]}},{"type":"Feature","properties":{"A40_001":"大分県","A40_002":"44","A40_003":"1m以上 〜 2m未満"},"geometry":{"type":"Polygon","coordinates":[[[131.31284,33.58068],[131.31295,33.58077],[131.31295,33.58068],[131.31284,33.58068]]]}},{"type":"Feature","properties":{"A40_001":"大分県","A40_002":"44","A40_003":"1m以上 〜 2m未満"},"geometry":{"type":"Polygon","coordinates":[[[131.31424,33.58049],[131.31413,33.58103],[131.31456,33.58103],[131.31424,33.58049]]]}},{"type":"Feature","properties":{"A40_001":"大分県","A40_002":"44","A40_003":"0.3m以上 〜 1m未満"},"geometry":{"type":"Polygon","coordinates":[[[131.29722,33.5808],[131.297,33.58072],[131.297,33.58081],[131.29722,33.5808]]]}},{"type":"Feature","properties":{"A40_001":"大分県","A40_002":"44","A40_003":"0.3m未満"},"geometry":{"type":"Polygon","coordinates":[[[131.30648,33.58069],[131.30659,33.58078],[131.30659,33.58069],[131.30648,33.58069]]]}},{"type":"Feature","properties":{"A40_001":"大分県","A40_002":"44","A40_003":"1m以上 〜 2m未満"},"geometry":{"type":"Polygon","coordinates":[[[131.3039,33.5807],[131.30422,33.58079],[131.30422,33.5807],[131.3039,33.5807]]]}},{"type":"Feature","properties":{"A40_001":"大分県","A40_002":"44","A40_003":"1m以上 〜 2m未満"},"geometry":{"type":"Polygon","coordinates":[[[131.30293,33.5807],[131.30304,33.58079],[131.30304,33.5807],[131.30293,33.5807]]]}},{"type":"Feature","properties":{"A40_001":"大分県","A40_002":"44","A40_003":"0.3m以上 〜 1m未満"},"geometry":{"type":"Polygon","coordinates":[[[131.30282,33.5807],[131.30293,33.58079],[131.30293,33.5807],[131.30282,33.5807]]]}},{"type":"Feature","properties":{"A40_001":"大分県","A40_002":"44","A40_003":"0.3m未満"},"geometry":{"type":"Polygon","coordinates":[[[131.30077,33.58071],[131.30088,33.5808],[131.30088,33.58071],[131.30077,33.58071]]]}},{"type":"Feature","properties":{"A40_001":"大分県","A40_002":"44","A40_003":"0.3m以上 〜 1m未満"},"geometry":{"type":"Polygon","coordinates":[[[131.30024,33.58062],[131.30024,33.58089],[131.30034,33.58089],[131.30024,33.58062]]]}},{"type":"Feature","properties":{"A40_001":"大分県","A40_002":"44","A40_003":"2m以上 〜 3m未満"},"geometry":{"type":"Polygon","coordinates":[[[131.29927,33.5808],[131.29916,33.58071],[131.29916,33.5808],[131.29927,33.5808]]]}},{"type":"Feature","properties":{"A40_001":"大分県","A40_002":"44","A40_003":"0.3m未満"},"geometry":{"type":"Polygon","coordinates":[[[131.27923,33.58067],[131.27912,33.58085],[131.27923,33.58085],[131.27923,33.58067]]]}},{"type":"Feature","properties":{"A40_001":"大分県","A40_002":"44","A40_003":"0.3m以上 〜 1m未満"},"geometry":{"type":"Polygon","coordinates":[[[131.29679,33.58081],[131.29668,33.58072],[131.29668,33.58081],[131.29679,33.58081]]]}},{"type":"Feature","properties":{"A40_001":"大分県","A40_002":"44","A40_003":"0.3m未満"},"geometry":{"type":"Polygon","coordinates":[[[131.2942,33.58081],[131.2941,33.58072],[131.2941,33.58081],[131.2942,33.58081]]]}},{"type":"Feature","properties":{"A40_001":"大分県","A40_002":"44","A40_003":"0.3m以上 〜 1m未満"},"geometry":{"type":"Polygon","coordinates":[[[131.2941,33.58072],[131.29388,33.58081],[131.2941,33.58081],[131.2941,33.58072]]]}},{"type":"Feature","properties":{"A40_001":"大分県","A40_002":"44","A40_003":"1m以上 〜 2m未満"},"geometry":{"type":"Polygon","coordinates":[[[131.29388,33.58081],[131.29377,33.58072],[131.29377,33.58081],[131.29388,33.58081]]]}},{"type":"Feature","properties":{"A40_001":"大分県","A40_002":"44","A40_003":"0.3m以上 〜 1m未満"},"geometry":{"type":"Polygon","coordinates":[[[131.30131,33.5807],[131.30099,33.58089],[131.30131,33.58089],[131.30131,33.5807]]]}},{"type":"Feature","properties":{"A40_001":"大分県","A40_002":"44","A40_003":"0.3m以上 〜 1m未満"},"geometry":{"type":"Polygon","coordinates":[[[131.30045,33.58089],[131.30077,33.58071],[131.30045,33.58071],[131.30045,33.58089]]]}},{"type":"Feature","properties":{"A40_001":"大分県","A40_002":"44","A40_003":"0.3m未満"},"geometry":{"type":"Polygon","coordinates":[[[131.31004,33.58077],[131.31015,33.58086],[131.31015,33.58077],[131.31004,33.58077]]]}},{"type":"Feature","properties":{"A40_001":"大分県","A40_002":"44","A40_003":"0.3m未満"},"geometry":{"type":"Polygon","coordinates":[[[131.3067,33.58078],[131.30692,33.58087],[131.30691,33.58078],[131.3067,33.58078]]]}},{"type":"Feature","properties":{"A40_001":"大分県","A40_002":"44","A40_003":"0.3m以上 〜 1m未満"},"geometry":{"type":"Polygon","coordinates":[[[131.30476,33.58079],[131.30487,33.58088],[131.30487,33.58079],[131.30476,33.58079]]]}},{"type":"Feature","properties":{"A40_001":"大分県","A40_002":"44","A40_003":"1m以上 〜 2m未満"},"geometry":{"type":"Polygon","coordinates":[[[131.30422,33.58079],[131.30476,33.58088],[131.30476,33.58079],[131.30422,33.58079]]]}},{"type":"Feature","properties":{"A40_001":"大分県","A40_002":"44","A40_003":"1m以上 〜 2m未満"},"geometry":{"type":"Polygon","coordinates":[[[131.30282,33.5807],[131.30261,33.58097],[131.30282,33.58097],[131.30282,33.5807]]]}},{"type":"Feature","properties":{"A40_001":"大分県","A40_002":"44","A40_003":"0.3m未満"},"geometry":{"type":"Polygon","coordinates":[[[131.31262,33.58068],[131.31252,33.58086],[131.31262,33.58086],[131.31262,33.58068]]]}},{"type":"Feature","properties":{"A40_001":"大分県","A40_002":"44","A40_003":"0.3m未満"},"geometry":{"type":"Polygon","coordinates":[[[131.31736,33.58075],[131.31747,33.58084],[131.31747,33.58075],[131.31736,33.58075]]]}},{"type":"Feature","properties":{"A40_001":"大分県","A40_002":"44","A40_003":"0.3m未満"},"geometry":{"type":"Polygon","coordinates":[[[131.31704,33.58076],[131.31715,33.58085],[131.31715,33.58076],[131.31704,33.58076]]]}},{"type":"Feature","properties":{"A40_001":"大分県","A40_002":"44","A40_003":"0.3m未満"},"geometry":{"type":"Polygon","coordinates":[[[131.3164,33.58094],[131.31618,33.58076],[131.31618,33.58085],[131.3164,33.58094]]]}},{"type":"Feature","properties":{"A40_001":"大分県","A40_002":"44","A40_003":"1m以上 〜 2m未満"},"geometry":{"type":"Polygon","coordinates":[[[131.31564,33.58094],[131.31532,33.58067],[131.31521,33.58103],[131.31564,33.58094]]]}},{"type":"Feature","properties":{"A40_001":"大分県","A40_002":"44","A40_003":"1m以上 〜 2m未満"},"geometry":{"type":"Polygon","coordinates":[[[131.29625,33.5809],[131.29614,33.58081],[131.29614,33.5809],[131.29625,33.5809]]]}},{"type":"Feature","properties":{"A40_001":"大分県","A40_002":"44","A40_003":"0.3m以上 〜 1m未満"},"geometry":{"type":"Polygon","coordinates":[[[131.29614,33.5809],[131.29603,33.58081],[131.29603,33.5809],[131.29614,33.5809]]]}},{"type":"Feature","properties":{"A40_001":"大分県","A40_002":"44","A40_003":"0.3m未満"},"geometry":{"type":"Polygon","coordinates":[[[131.29603,33.5809],[131.29593,33.58081],[131.29593,33.5809],[131.29603,33.5809]]]}},{"type":"Feature","properties":{"A40_001":"大分県","A40_002":"44","A40_003":"0.3m以上 〜 1m未満"},"geometry":{"type":"Polygon","coordinates":[[[131.29453,33.5809],[131.29431,33.58081],[131.29431,33.5809],[131.29453,33.5809]]]}},{"type":"Feature","properties":{"A40_001":"大分県","A40_002":"44","A40_003":"0.3m以上 〜 1m未満"},"geometry":{"type":"Polygon","coordinates":[[[131.27869,33.58085],[131.2788,33.58094],[131.2788,33.58085],[131.27869,33.58085]]]}},{"type":"Feature","properties":{"A40_001":"大分県","A40_002":"44","A40_003":"0.3m未満"},"geometry":{"type":"Polygon","coordinates":[[[131.2775,33.5804],[131.27675,33.58076],[131.27718,33.58148],[131.27804,33.58103],[131.2775,33.5804]]]}},{"type":"Feature","properties":{"A40_001":"大分県","A40_002":"44","A40_003":"0.3m未満"},"geometry":{"type":"Polygon","coordinates":[[[131.31015,33.58086],[131.31026,33.58095],[131.31025,33.58086],[131.31015,33.58086]]]}},{"type":"Feature","properties":{"A40_001":"大分県","A40_002":"44","A40_003":"0.3m未満"},"geometry":{"type":"Polygon","coordinates":[[[131.30832,33.58096],[131.30853,33.58087],[131.30832,33.58087],[131.30832,33.58096]]]}},{"type":"Feature","properties":{"A40_001":"大分県","A40_002":"44","A40_003":"0.3m未満"},"geometry":{"type":"Polygon","coordinates":[[[131.30724,33.58096],[131.30756,33.58087],[131.30724,33.58087],[131.30724,33.58096]]]}},{"type":"Feature","properties":{"A40_001":"大分県","A40_002":"44","A40_003":"1m以上 〜 2m未満"},"geometry":{"type":"Polygon","coordinates":[[[131.30487,33.58088],[131.30498,33.58097],[131.30498,33.58088],[131.30487,33.58088]]]}},{"type":"Feature","properties":{"A40_001":"大分県","A40_002":"44","A40_003":"0.3m以上 〜 1m未満"},"geometry":{"type":"Polygon","coordinates":[[[131.31758,33.58093],[131.3178,33.58084],[131.31758,33.58084],[131.31758,33.58093]]]}},{"type":"Feature","properties":{"A40_001":"大分県","A40_002":"44","A40_003":"1m以上 〜 2m未満"},"geometry":{"type":"Polygon","coordinates":[[[131.31747,33.58084],[131.31758,33.58093],[131.31758,33.58084],[131.31747,33.58084]]]}},{"type":"Feature","properties":{"A40_001":"大分県","A40_002":"44","A40_003":"0.3m未満"},"geometry":{"type":"Polygon","coordinates":[[[131.31327,33.58086],[131.31338,33.58095],[131.31338,33.58086],[131.31327,33.58086]]]}},{"type":"Feature","properties":{"A40_001":"大分県","A40_002":"44","A40_003":"0.3m未満"},"geometry":{"type":"Polygon","coordinates":[[[131.31273,33.58086],[131.31263,33.58104],[131.31273,33.58104],[131.31273,33.58086]]]}},{"type":"Feature","properties":{"A40_001":"大分県","A40_002":"44","A40_003":"0.3m未満"},"geometry":{"type":"Polygon","coordinates":[[[131.31801,33.58093],[131.31823,33.58102],[131.31823,33.58093],[131.31801,33.58093]]]}},{"type":"Feature","properties":{"A40_001":"大分県","A40_002":"44","A40_003":"0.3m以上 〜 1m未満"},"geometry":{"type":"Polygon","coordinates":[[[131.3178,33.58093],[131.31801,33.58102],[131.31801,33.58093],[131.3178,33.58093]]]}},{"type":"Feature","properties":{"A40_001":"大分県","A40_002":"44","A40_003":"1m以上 〜 2m未満"},"geometry":{"type":"Polygon","coordinates":[[[131.31758,33.58102],[131.3178,33.58093],[131.31758,33.58093],[131.31758,33.58102]]]}},{"type":"Feature","properties":{"A40_001":"大分県","A40_002":"44","A40_003":"0.3m以上 〜 1m未満"},"geometry":{"type":"Polygon","coordinates":[[[131.31715,33.58094],[131.31726,33.58103],[131.31726,33.58094],[131.31715,33.58094]]]}},{"type":"Feature","properties":{"A40_001":"大分県","A40_002":"44","A40_003":"2m以上 〜 3m未満"},"geometry":{"type":"Polygon","coordinates":[[[131.29937,33.58098],[131.29927,33.58089],[131.29927,33.58098],[131.29937,33.58098]]]}},{"type":"Feature","properties":{"A40_001":"大分県","A40_002":"44","A40_003":"1m以上 〜 2m未満"},"geometry":{"type":"Polygon","coordinates":[[[131.29603,33.5809],[131.29582,33.58099],[131.29604,33.58099],[131.29603,33.5809]]]}},{"type":"Feature","properties":{"A40_001":"大分県","A40_002":"44","A40_003":"0.3m以上 〜 1m未満"},"geometry":{"type":"Polygon","coordinates":[[[131.29582,33.58099],[131.29571,33.5809],[131.29571,33.58099],[131.29582,33.58099]]]}},{"type":"Feature","properties":{"A40_001":"大分県","A40_002":"44","A40_003":"0.3m未満"},"geometry":{"type":"Polygon","coordinates":[[[131.29496,33.58099],[131.29485,33.5809],[131.29485,33.58099],[131.29496,33.58099]]]}},{"type":"Feature","properties":{"A40_001":"大分県","A40_002":"44","A40_003":"0.3m以上 〜 1m未満"},"geometry":{"type":"Polygon","coordinates":[[[131.29485,33.5809],[131.29463,33.58099],[131.29485,33.58099],[131.29485,33.5809]]]}},{"type":"Feature","properties":{"A40_001":"大分県","A40_002":"44","A40_003":"0.3m以上 〜 1m未満"},"geometry":{"type":"Polygon","coordinates":[[[131.27826,33.58094],[131.27858,33.58103],[131.27858,33.58094],[131.27826,33.58094]]]}},{"type":"Feature","properties":{"A40_001":"大分県","A40_002":"44","A40_003":"0.3m以上 〜 1m未満"},"geometry":{"type":"Polygon","coordinates":[[[131.27783,33.58094],[131.27794,33.58103],[131.27794,33.58094],[131.27783,33.58094]]]}},{"type":"Feature","properties":{"A40_001":"大分県","A40_002":"44","A40_003":"0.3m未満"},"geometry":{"type":"Polygon","coordinates":[[[131.30821,33.58096],[131.30832,33.58105],[131.30832,33.58096],[131.30821,33.58096]]]}},{"type":"Feature","properties":{"A40_001":"大分県","A40_002":"44","A40_003":"0.3m未満"},"geometry":{"type":"Polygon","coordinates":[[[131.26856,33.58096],[131.26867,33.58105],[131.26867,33.58096],[131.26856,33.58096]]]}},{"type":"Feature","properties":{"A40_001":"大分県","A40_002":"44","A40_003":"0.3m未満"},"geometry":{"type":"Polygon","coordinates":[[[131.3025,33.58097],[131.30261,33.58106],[131.30261,33.58097],[131.3025,33.58097]]]}},{"type":"Feature","properties":{"A40_001":"大分県","A40_002":"44","A40_003":"0.3m未満"},"geometry":{"type":"Polygon","coordinates":[[[131.31683,33.58094],[131.31693,33.58103],[131.31693,33.58094],[131.31683,33.58094]]]}},{"type":"Feature","properties":{"A40_001":"大分県","A40_002":"44","A40_003":"1m以上 〜 2m未満"},"geometry":{"type":"Polygon","coordinates":[[[131.3164,33.58094],[131.3165,33.58103],[131.3165,33.58094],[131.3164,33.58094]]]}},{"type":"Feature","properties":{"A40_001":"大分県","A40_002":"44","A40_003":"1m以上 〜 2m未満"},"geometry":{"type":"Polygon","coordinates":[[[131.31392,33.58112],[131.31349,33.58095],[131.31349,33.58104],[131.31392,33.58112]]]}},{"type":"Feature","properties":{"A40_001":"大分県","A40_002":"44","A40_003":"1m以上 〜 2m未満"},"geometry":{"type":"Polygon","coordinates":[[[131.31596,33.58094],[131.31586,33.58112],[131.31597,33.58112],[131.31596,33.58094]]]}},{"type":"Feature","properties":{"A40_001":"大分県","A40_002":"44","A40_003":"0.3m以上 〜 1m未満"},"geometry":{"type":"Polygon","coordinates":[[[131.31338,33.58095],[131.31327,33.58113],[131.31338,33.58113],[131.31338,33.58095]]]}},{"type":"Feature","properties":{"A40_001":"大分県","A40_002":"44","A40_003":"0.3m未満"},"geometry":{"type":"Polygon","coordinates":[[[131.31855,33.58102],[131.31866,33.58111],[131.31866,33.58102],[131.31855,33.58102]]]}},{"type":"Feature","properties":{"A40_001":"大分県","A40_002":"44","A40_003":"0.3m以上 〜 1m未満"},"geometry":{"type":"Polygon","coordinates":[[[131.31823,33.58102],[131.31855,33.58111],[131.31855,33.58102],[131.31823,33.58102]]]}},{"type":"Feature","properties":{"A40_001":"大分県","A40_002":"44","A40_003":"1m以上 〜 2m未満"},"geometry":{"type":"Polygon","coordinates":[[[131.3179,33.58111],[131.31823,33.58102],[131.3179,33.58102],[131.3179,33.58111]]]}},{"type":"Feature","properties":{"A40_001":"大分県","A40_002":"44","A40_003":"2m以上 〜 3m未満"},"geometry":{"type":"Polygon","coordinates":[[[131.29937,33.58098],[131.29948,33.58107],[131.29948,33.58098],[131.29937,33.58098]]]}},{"type":"Feature","properties":{"A40_001":"大分県","A40_002":"44","A40_003":"1m以上 〜 2m未満"},"geometry":{"type":"Polygon","coordinates":[[[131.29582,33.58108],[131.29571,33.58099],[131.29571,33.58108],[131.29582,33.58108]]]}},{"type":"Feature","properties":{"A40_001":"大分県","A40_002":"44","A40_003":"0.3m以上 〜 1m未満"},"geometry":{"type":"Polygon","coordinates":[[[131.29571,33.58108],[131.2956,33.58099],[131.2956,33.58108],[131.29571,33.58108]]]}},{"type":"Feature","properties":{"A40_001":"大分県","A40_002":"44","A40_003":"0.3m未満"},"geometry":{"type":"Polygon","coordinates":[[[131.2956,33.58108],[131.2955,33.58099],[131.2955,33.58108],[131.2956,33.58108]]]}},{"type":"Feature","properties":{"A40_001":"大分県","A40_002":"44","A40_003":"0.3m未満"},"geometry":{"type":"Polygon","coordinates":[[[131.29539,33.58108],[131.29528,33.58099],[131.29528,33.58108],[131.29539,33.58108]]]}},{"type":"Feature","properties":{"A40_001":"大分県","A40_002":"44","A40_003":"0.3m以上 〜 1m未満"},"geometry":{"type":"Polygon","coordinates":[[[131.29528,33.58099],[131.29507,33.58108],[131.29528,33.58108],[131.29528,33.58099]]]}},{"type":"Feature","properties":{"A40_001":"大分県","A40_002":"44","A40_003":"1m以上 〜 2m未満"},"geometry":{"type":"Polygon","coordinates":[[[131.29507,33.58099],[131.29485,33.58108],[131.29507,33.58108],[131.29507,33.58099]]]}},{"type":"Feature","properties":{"A40_001":"大分県","A40_002":"44","A40_003":"0.3m未満"},"geometry":{"type":"Polygon","coordinates":[[[131.30918,33.58105],[131.30929,33.58114],[131.30929,33.58105],[131.30918,33.58105]]]}},{"type":"Feature","properties":{"A40_001":"大分県","A40_002":"44","A40_003":"0.3m未満"},"geometry":{"type":"Polygon","coordinates":[[[131.30885,33.58105],[131.30896,33.58114],[131.30896,33.58105],[131.30885,33.58105]]]}},{"type":"Feature","properties":{"A40_001":"大分県","A40_002":"44","A40_003":"0.3m以上 〜 1m未満"},"geometry":{"type":"Polygon","coordinates":[[[131.26824,33.58105],[131.26803,33.58114],[131.26824,33.58114],[131.26824,33.58105]]]}},{"type":"Feature","properties":{"A40_001":"大分県","A40_002":"44","A40_003":"0.3m未満"},"geometry":{"type":"Polygon","coordinates":[[[131.31672,33.58103],[131.31683,33.58112],[131.31683,33.58103],[131.31672,33.58103]]]}},{"type":"Feature","properties":{"A40_001":"大分県","A40_002":"44","A40_003":"1m以上 〜 2m未満"},"geometry":{"type":"Polygon","coordinates":[[[131.31618,33.58103],[131.31629,33.58112],[131.31629,33.58103],[131.31618,33.58103]]]}},{"type":"Feature","properties":{"A40_001":"大分県","A40_002":"44","A40_003":"1m以上 〜 2m未満"},"geometry":{"type":"Polygon","coordinates":[[[131.31478,33.58103],[131.315,33.58112],[131.315,33.58103],[131.31478,33.58103]]]}},{"type":"Feature","properties":{"A40_001":"大分県","A40_002":"44","A40_003":"0.3m以上 〜 1m未満"},"geometry":{"type":"Polygon","coordinates":[[[131.31349,33.58104],[131.3136,33.58113],[131.31359,33.58103],[131.31349,33.58104]]]}},{"type":"Feature","properties":{"A40_001":"大分県","A40_002":"44","A40_003":"1m以上 〜 2m未満"},"geometry":{"type":"Polygon","coordinates":[[[131.31327,33.58095],[131.31295,33.58122],[131.31338,33.58122],[131.31327,33.58095]]]}},{"type":"Feature","properties":{"A40_001":"大分県","A40_002":"44","A40_003":"0.3m未満"},"geometry":{"type":"Polygon","coordinates":[[[131.30681,33.58105],[131.30692,33.58114],[131.30692,33.58105],[131.30681,33.58105]]]}},{"type":"Feature","properties":{"A40_001":"大分県","A40_002":"44","A40_003":"0.3m未満"},"geometry":{"type":"Polygon","coordinates":[[[131.26803,33.58114],[131.26792,33.58105],[131.26792,33.58114],[131.26803,33.58114]]]}},{"type":"Feature","properties":{"A40_001":"大分県","A40_002":"44","A40_003":"0.3m以上 〜 1m未満"},"geometry":{"type":"Polygon","coordinates":[[[131.3067,33.58105],[131.30681,33.58114],[131.30681,33.58105],[131.3067,33.58105]]]}},{"type":"Feature","properties":{"A40_001":"大分県","A40_002":"44","A40_003":"1m以上 〜 2m未満"},"geometry":{"type":"Polygon","coordinates":[[[131.30659,33.58105],[131.3067,33.58114],[131.3067,33.58105],[131.30659,33.58105]]]}},{"type":"Feature","properties":{"A40_001":"大分県","A40_002":"44","A40_003":"0.3m以上 〜 1m未満"},"geometry":{"type":"Polygon","coordinates":[[[131.30648,33.58105],[131.30659,33.58114],[131.30659,33.58105],[131.30648,33.58105]]]}},{"type":"Feature","properties":{"A40_001":"大分県","A40_002":"44","A40_003":"1m以上 〜 2m未満"},"geometry":{"type":"Polygon","coordinates":[[[131.30616,33.58114],[131.30648,33.58105],[131.30616,33.58105],[131.30616,33.58114]]]}},{"type":"Feature","properties":{"A40_001":"大分県","A40_002":"44","A40_003":"1m以上 〜 2m未満"},"geometry":{"type":"Polygon","coordinates":[[[131.30541,33.58115],[131.30573,33.58105],[131.30541,33.58106],[131.30541,33.58115]]]}},{"type":"Feature","properties":{"A40_001":"大分県","A40_002":"44","A40_003":"0.3m以上 〜 1m未満"},"geometry":{"type":"Polygon","coordinates":[[[131.3053,33.58106],[131.30541,33.58115],[131.30541,33.58106],[131.3053,33.58106]]]}},{"type":"Feature","properties":{"A40_001":"大分県","A40_002":"44","A40_003":"1m以上 〜 2m未満"},"geometry":{"type":"Polygon","coordinates":[[[131.30508,33.58106],[131.3053,33.58115],[131.3053,33.58106],[131.30508,33.58106]]]}},{"type":"Feature","properties":{"A40_001":"大分県","A40_002":"44","A40_003":"0.3m以上 〜 1m未満"},"geometry":{"type":"Polygon","coordinates":[[[131.3025,33.58106],[131.30261,33.58115],[131.30261,33.58106],[131.3025,33.58106]]]}},{"type":"Feature","properties":{"A40_001":"大分県","A40_002":"44","A40_003":"3m以上 〜 4m未満"},"geometry":{"type":"Polygon","coordinates":[[[131.30078,33.58107],[131.30088,33.58116],[131.30088,33.58107],[131.30078,33.58107]]]}},{"type":"Feature","properties":{"A40_001":"大分県","A40_002":"44","A40_003":"2m以上 〜 3m未満"},"geometry":{"type":"Polygon","coordinates":[[[131.29948,33.58107],[131.29959,33.58116],[131.29959,33.58107],[131.29948,33.58107]]]}},{"type":"Feature","properties":{"A40_001":"大分県","A40_002":"44","A40_003":"1m以上 〜 2m未満"},"geometry":{"type":"Polygon","coordinates":[[[131.27826,33.58103],[131.27815,33.58121],[131.27826,33.58121],[131.27826,33.58103]]]}},{"type":"Feature","properties":{"A40_001":"大分県","A40_002":"44","A40_003":"0.3m以上 〜 1m未満"},"geometry":{"type":"Polygon","coordinates":[[[131.27761,33.58103],[131.27772,33.58121],[131.27783,33.58103],[131.27761,33.58103]]]}},{"type":"Feature","properties":{"A40_001":"大分県","A40_002":"44","A40_003":"0.3m以上 〜 1m未満"},"geometry":{"type":"Polygon","coordinates":[[[131.27805,33.58112],[131.27815,33.58121],[131.27815,33.58112],[131.27805,33.58112]]]}},{"type":"Feature","properties":{"A40_001":"大分県","A40_002":"44","A40_003":"0.3m未満"},"geometry":{"type":"Polygon","coordinates":[[[131.27794,33.58112],[131.27805,33.58121],[131.27805,33.58112],[131.27794,33.58112]]]}},{"type":"Feature","properties":{"A40_001":"大分県","A40_002":"44","A40_003":"0.3m未満"},"geometry":{"type":"Polygon","coordinates":[[[131.269,33.58114],[131.2691,33.58123],[131.2691,33.58114],[131.269,33.58114]]]}},{"type":"Feature","properties":{"A40_001":"大分県","A40_002":"44","A40_003":"0.3m以上 〜 1m未満"},"geometry":{"type":"Polygon","coordinates":[[[131.30756,33.58114],[131.30789,33.58123],[131.30789,33.58114],[131.30756,33.58114]]]}},{"type":"Feature","properties":{"A40_001":"大分県","A40_002":"44","A40_003":"1m以上 〜 2m未満"},"geometry":{"type":"Polygon","coordinates":[[[131.30735,33.58114],[131.30756,33.58123],[131.30756,33.58114],[131.30735,33.58114]]]}},{"type":"Feature","properties":{"A40_001":"大分県","A40_002":"44","A40_003":"0.3m以上 〜 1m未満"},"geometry":{"type":"Polygon","coordinates":[[[131.26857,33.58114],[131.26867,33.58123],[131.26867,33.58114],[131.26857,33.58114]]]}},{"type":"Feature","properties":{"A40_001":"大分県","A40_002":"44","A40_003":"1m以上 〜 2m未満"},"geometry":{"type":"Polygon","coordinates":[[[131.31844,33.5812],[131.31866,33.58111],[131.31844,33.58111],[131.31844,33.5812]]]}},{"type":"Feature","properties":{"A40_001":"大分県","A40_002":"44","A40_003":"0.3m未満"},"geometry":{"type":"Polygon","coordinates":[[[131.31661,33.58112],[131.31672,33.58121],[131.31672,33.58112],[131.31661,33.58112]]]}},{"type":"Feature","properties":{"A40_001":"大分県","A40_002":"44","A40_003":"0.3m未満"},"geometry":{"type":"Polygon","coordinates":[[[131.31597,33.58112],[131.31607,33.58121],[131.31607,33.58112],[131.31597,33.58112]]]}},{"type":"Feature","properties":{"A40_001":"大分県","A40_002":"44","A40_003":"1m以上 〜 2m未満"},"geometry":{"type":"Polygon","coordinates":[[[131.31575,33.58112],[131.31586,33.58121],[131.31586,33.58112],[131.31575,33.58112]]]}},{"type":"Feature","properties":{"A40_001":"大分県","A40_002":"44","A40_003":"0.3m未満"},"geometry":{"type":"Polygon","coordinates":[[[131.31349,33.58113],[131.3136,33.58122],[131.3136,33.58113],[131.31349,33.58113]]]}},{"type":"Feature","properties":{"A40_001":"大分県","A40_002":"44","A40_003":"0.3m未満"},"geometry":{"type":"Polygon","coordinates":[[[131.31273,33.58122],[131.31295,33.58113],[131.31273,33.58113],[131.31273,33.58122]]]}},{"type":"Feature","properties":{"A40_001":"大分県","A40_002":"44","A40_003":"1m以上 〜 2m未満"},"geometry":{"type":"Polygon","coordinates":[[[131.26867,33.58114],[131.26792,33.58114],[131.26792,33.58132],[131.26867,33.58114]]]}},{"type":"Feature","properties":{"A40_001":"大分県","A40_002":"44","A40_003":"0.3m未満"},"geometry":{"type":"Polygon","coordinates":[[[131.3025,33.58115],[131.30261,33.58124],[131.30261,33.58115],[131.3025,33.58115]]]}},{"type":"Feature","properties":{"A40_001":"大分県","A40_002":"44","A40_003":"3m以上 〜 4m未満"},"geometry":{"type":"Polygon","coordinates":[[[131.30067,33.58116],[131.30078,33.58125],[131.30078,33.58116],[131.30067,33.58116]]]}},{"type":"Feature","properties":{"A40_001":"大分県","A40_002":"44","A40_003":"0.3m未満"},"geometry":{"type":"Polygon","coordinates":[[[131.30002,33.58116],[131.30013,33.58125],[131.30013,33.58116],[131.30002,33.58116]]]}},{"type":"Feature","properties":{"A40_001":"大分県","A40_002":"44","A40_003":"1m以上 〜 2m未満"},"geometry":{"type":"Polygon","coordinates":[[[131.29948,33.58116],[131.29959,33.58125],[131.29959,33.58116],[131.29948,33.58116]]]}},{"type":"Feature","properties":{"A40_001":"大分県","A40_002":"44","A40_003":"0.3m未満"},"geometry":{"type":"Polygon","coordinates":[[[131.2704,33.58078],[131.26932,33.58078],[131.26932,33.58105],[131.27094,33.58168],[131.2704,33.58078]],[[131.27007,33.58123],[131.27018,33.58114],[131.27018,33.58123],[131.27007,33.58123]]]}},{"type":"Feature","properties":{"A40_001":"大分県","A40_002":"44","A40_003":"1m以上 〜 2m未満"},"geometry":{"type":"Polygon","coordinates":[[[131.27805,33.58121],[131.27815,33.5813],[131.27815,33.58121],[131.27805,33.58121]]]}},{"type":"Feature","properties":{"A40_001":"大分県","A40_002":"44","A40_003":"0.3m以上 〜 1m未満"},"geometry":{"type":"Polygon","coordinates":[[[131.27794,33.58121],[131.27805,33.5813],[131.27805,33.58121],[131.27794,33.58121]]]}},{"type":"Feature","properties":{"A40_001":"大分県","A40_002":"44","A40_003":"0.3m以上 〜 1m未満"},"geometry":{"type":"Polygon","coordinates":[[[131.30821,33.58132],[131.30875,33.58123],[131.30821,33.58123],[131.30821,33.58132]]]}},{"type":"Feature","properties":{"A40_001":"大分県","A40_002":"44","A40_003":"3m以上 〜 4m未満"},"geometry":{"type":"Polygon","coordinates":[[[131.30045,33.58125],[131.30056,33.58134],[131.30056,33.58125],[131.30045,33.58125]]]}},{"type":"Feature","properties":{"A40_001":"大分県","A40_002":"44","A40_003":"0.3m以上 〜 1m未満"},"geometry":{"type":"Polygon","coordinates":[[[131.31866,33.58111],[131.31887,33.58129],[131.3192,33.58129],[131.31866,33.58111]]]}},{"type":"Feature","properties":{"A40_001":"大分県","A40_002":"44","A40_003":"0.3m未満"},"geometry":{"type":"Polygon","coordinates":[[[131.3192,33.5812],[131.31941,33.58129],[131.31941,33.5812],[131.3192,33.5812]]]}},{"type":"Feature","properties":{"A40_001":"大分県","A40_002":"44","A40_003":"0.3m未満"},"geometry":{"type":"Polygon","coordinates":[[[131.31327,33.58122],[131.31338,33.58131],[131.31338,33.58122],[131.31327,33.58122]]]}},{"type":"Feature","properties":{"A40_001":"大分県","A40_002":"44","A40_003":"0.3m以上 〜 1m未満"},"geometry":{"type":"Polygon","coordinates":[[[131.31295,33.58131],[131.31327,33.58122],[131.31295,33.58122],[131.31295,33.58131]]]}},{"type":"Feature","properties":{"A40_001":"大分県","A40_002":"44","A40_003":"1m以上 〜 2m未満"},"geometry":{"type":"Polygon","coordinates":[[[131.31553,33.58112],[131.31521,33.58139],[131.31575,33.58157],[131.31554,33.58148],[131.31553,33.58112]]]}},{"type":"Feature","properties":{"A40_001":"大分県","A40_002":"44","A40_003":"0.3m未満"},"geometry":{"type":"Polygon","coordinates":[[[131.31952,33.58129],[131.31963,33.58138],[131.31963,33.58129],[131.31952,33.58129]]]}},{"type":"Feature","properties":{"A40_001":"大分県","A40_002":"44","A40_003":"0.3m以上 〜 1m未満"},"geometry":{"type":"Polygon","coordinates":[[[131.3192,33.58138],[131.31952,33.58129],[131.3192,33.58129],[131.3192,33.58138]]]}},{"type":"Feature","properties":{"A40_001":"大分県","A40_002":"44","A40_003":"1m以上 〜 2m未満"},"geometry":{"type":"Polygon","coordinates":[[[131.31909,33.58129],[131.3192,33.58138],[131.3192,33.58129],[131.31909,33.58129]]]}},{"type":"Feature","properties":{"A40_001":"大分県","A40_002":"44","A40_003":"1m以上 〜 2m未満"},"geometry":{"type":"Polygon","coordinates":[[[131.3151,33.58112],[131.315,33.58157],[131.31511,33.58157],[131.3151,33.58112]]]}},{"type":"Feature","properties":{"A40_001":"大分県","A40_002":"44","A40_003":"0.3m未満"},"geometry":{"type":"Polygon","coordinates":[[[131.30013,33.58125],[131.30024,33.58134],[131.30024,33.58125],[131.30013,33.58125]]]}},{"type":"Feature","properties":{"A40_001":"大分県","A40_002":"44","A40_003":"0.3m以上 〜 1m未満"},"geometry":{"type":"Polygon","coordinates":[[[131.29991,33.58125],[131.30002,33.58134],[131.30002,33.58125],[131.29991,33.58125]]]}},{"type":"Feature","properties":{"A40_001":"大分県","A40_002":"44","A40_003":"2m以上 〜 3m未満"},"geometry":{"type":"Polygon","coordinates":[[[131.29959,33.58125],[131.2997,33.58134],[131.2997,33.58125],[131.29959,33.58125]]]}},{"type":"Feature","properties":{"A40_001":"大分県","A40_002":"44","A40_003":"1m以上 〜 2m未満"},"geometry":{"type":"Polygon","coordinates":[[[131.30767,33.58123],[131.3081,33.58141],[131.30832,33.58141],[131.30767,33.58123]]]}},{"type":"Feature","properties":{"A40_001":"大分県","A40_002":"44","A40_003":"1m以上 〜 2m未満"},"geometry":{"type":"Polygon","coordinates":[[[131.27794,33.5813],[131.27805,33.58139],[131.27805,33.5813],[131.27794,33.5813]]]}},{"type":"Feature","properties":{"A40_001":"大分県","A40_002":"44","A40_003":"0.3m以上 〜 1m未満"},"geometry":{"type":"Polygon","coordinates":[[[131.27783,33.5813],[131.27794,33.58139],[131.27794,33.5813],[131.27783,33.5813]]]}},{"type":"Feature","properties":{"A40_001":"大分県","A40_002":"44","A40_003":"0.3m未満"},"geometry":{"type":"Polygon","coordinates":[[[131.30886,33.58132],[131.30896,33.58141],[131.30896,33.58132],[131.30886,33.58132]]]}},{"type":"Feature","properties":{"A40_001":"大分県","A40_002":"44","A40_003":"0.3m以上 〜 1m未満"},"geometry":{"type":"Polygon","coordinates":[[[131.30875,33.58132],[131.30886,33.58141],[131.30886,33.58132],[131.30875,33.58132]]]}},{"type":"Feature","properties":{"A40_001":"大分県","A40_002":"44","A40_003":"0.3m未満"},"geometry":{"type":"Polygon","coordinates":[[[131.26986,33.58132],[131.26997,33.58141],[131.26997,33.58132],[131.26986,33.58132]]]}},{"type":"Feature","properties":{"A40_001":"大分県","A40_002":"44","A40_003":"0.3m未満"},"geometry":{"type":"Polygon","coordinates":[[[131.26878,33.58132],[131.26889,33.58141],[131.26889,33.58132],[131.26878,33.58132]]]}},{"type":"Feature","properties":{"A40_001":"大分県","A40_002":"44","A40_003":"0.3m未満"},"geometry":{"type":"Polygon","coordinates":[[[131.31306,33.58131],[131.31317,33.5814],[131.31316,33.58131],[131.31306,33.58131]]]}},{"type":"Feature","properties":{"A40_001":"大分県","A40_002":"44","A40_003":"1m以上 〜 2m未満"},"geometry":{"type":"Polygon","coordinates":[[[131.31607,33.58148],[131.31597,33.5813],[131.31575,33.58148],[131.31607,33.58148]]]}},{"type":"Feature","properties":{"A40_001":"大分県","A40_002":"44","A40_003":"0.3m未満"},"geometry":{"type":"Polygon","coordinates":[[[131.26857,33.58132],[131.26867,33.58141],[131.26867,33.58132],[131.26857,33.58132]]]}},{"type":"Feature","properties":{"A40_001":"大分県","A40_002":"44","A40_003":"0.3m未満"},"geometry":{"type":"Polygon","coordinates":[[[131.26824,33.58141],[131.26813,33.58132],[131.26814,33.58141],[131.26824,33.58141]]]}},{"type":"Feature","properties":{"A40_001":"大分県","A40_002":"44","A40_003":"0.3m未満"},"geometry":{"type":"Polygon","coordinates":[[[131.3011,33.58134],[131.30121,33.58143],[131.30121,33.58134],[131.3011,33.58134]]]}},{"type":"Feature","properties":{"A40_001":"大分県","A40_002":"44","A40_003":"3m以上 〜 4m未満"},"geometry":{"type":"Polygon","coordinates":[[[131.30035,33.58134],[131.30045,33.58143],[131.30045,33.58134],[131.30035,33.58134]]]}},{"type":"Feature","properties":{"A40_001":"大分県","A40_002":"44","A40_003":"3m以上 〜 4m未満"},"geometry":{"type":"Polygon","coordinates":[[[131.29991,33.58134],[131.30002,33.58143],[131.30002,33.58134],[131.29991,33.58134]]]}},{"type":"Feature","properties":{"A40_001":"大分県","A40_002":"44","A40_003":"2m以上 〜 3m未満"},"geometry":{"type":"Polygon","coordinates":[[[131.2997,33.58134],[131.29981,33.58143],[131.29981,33.58134],[131.2997,33.58134]]]}},{"type":"Feature","properties":{"A40_001":"大分県","A40_002":"44","A40_003":"1m以上 〜 2m未満"},"geometry":{"type":"Polygon","coordinates":[[[131.31209,33.58131],[131.31198,33.58149],[131.31209,33.58149],[131.31209,33.58131]]]}},{"type":"Feature","properties":{"A40_001":"大分県","A40_002":"44","A40_003":"0.3m未満"},"geometry":{"type":"Polygon","coordinates":[[[131.27762,33.58139],[131.27772,33.58148],[131.27772,33.58139],[131.27762,33.58139]]]}},{"type":"Feature","properties":{"A40_001":"大分県","A40_002":"44","A40_003":"0.3m未満"},"geometry":{"type":"Polygon","coordinates":[[[131.30918,33.58141],[131.30929,33.5815],[131.30929,33.58141],[131.30918,33.58141]]]}},{"type":"Feature","properties":{"A40_001":"大分県","A40_002":"44","A40_003":"0.3m以上 〜 1m未満"},"geometry":{"type":"Polygon","coordinates":[[[131.30907,33.58141],[131.30918,33.5815],[131.30918,33.58141],[131.30907,33.58141]]]}},{"type":"Feature","properties":{"A40_001":"大分県","A40_002":"44","A40_003":"0.3m以上 〜 1m未満"},"geometry":{"type":"Polygon","coordinates":[[[131.31952,33.58138],[131.31974,33.58147],[131.31974,33.58138],[131.31952,33.58138]]]}},{"type":"Feature","properties":{"A40_001":"大分県","A40_002":"44","A40_003":"1m以上 〜 2m未満"},"geometry":{"type":"Polygon","coordinates":[[[131.31931,33.58147],[131.31952,33.58138],[131.31931,33.58138],[131.31931,33.58147]]]}},{"type":"Feature","properties":{"A40_001":"大分県","A40_002":"44","A40_003":"0.3m未満"},"geometry":{"type":"Polygon","coordinates":[[[131.31618,33.58139],[131.31629,33.58148],[131.31629,33.58139],[131.31618,33.58139]]]}},{"type":"Feature","properties":{"A40_001":"大分県","A40_002":"44","A40_003":"0.3m以上 〜 1m未満"},"geometry":{"type":"Polygon","coordinates":[[[131.31607,33.58139],[131.31618,33.58148],[131.31618,33.58139],[131.31607,33.58139]]]}},{"type":"Feature","properties":{"A40_001":"大分県","A40_002":"44","A40_003":"0.3m以上 〜 1m未満"},"geometry":{"type":"Polygon","coordinates":[[[131.31974,33.58147],[131.31985,33.58156],[131.31984,33.58147],[131.31974,33.58147]]]}},{"type":"Feature","properties":{"A40_001":"大分県","A40_002":"44","A40_003":"2m以上 〜 3m未満"},"geometry":{"type":"Polygon","coordinates":[[[131.30896,33.58141],[131.30907,33.5815],[131.30907,33.58141],[131.30896,33.58141]]]}},{"type":"Feature","properties":{"A40_001":"大分県","A40_002":"44","A40_003":"0.3m未満"},"geometry":{"type":"Polygon","coordinates":[[[131.26867,33.58141],[131.26878,33.5815],[131.26878,33.58141],[131.26867,33.58141]]]}},{"type":"Feature","properties":{"A40_001":"大分県","A40_002":"44","A40_003":"0.3m以上 〜 1m未満"},"geometry":{"type":"Polygon","coordinates":[[[131.27783,33.58139],[131.27762,33.58157],[131.27783,33.58157],[131.27783,33.58139]]]}},{"type":"Feature","properties":{"A40_001":"大分県","A40_002":"44","A40_003":"0.3m未満"},"geometry":{"type":"Polygon","coordinates":[[[131.27751,33.58148],[131.27762,33.58157],[131.27762,33.58148],[131.27751,33.58148]]]}},{"type":"Feature","properties":{"A40_001":"大分県","A40_002":"44","A40_003":"0.3m以上 〜 1m未満"},"geometry":{"type":"Polygon","coordinates":[[[131.27718,33.58148],[131.27729,33.58157],[131.27729,33.58148],[131.27718,33.58148]]]}},{"type":"Feature","properties":{"A40_001":"大分県","A40_002":"44","A40_003":"1m以上 〜 2m未満"},"geometry":{"type":"Polygon","coordinates":[[[131.3109,33.58158],[131.31112,33.58149],[131.3109,33.58149],[131.3109,33.58158]]]}},{"type":"Feature","properties":{"A40_001":"大分県","A40_002":"44","A40_003":"0.3m未満"},"geometry":{"type":"Polygon","coordinates":[[[131.30961,33.5815],[131.30972,33.58159],[131.30972,33.5815],[131.30961,33.5815]]]}},{"type":"Feature","properties":{"A40_001":"大分県","A40_002":"44","A40_003":"0.3m以上 〜 1m未満"},"geometry":{"type":"Polygon","coordinates":[[[131.3095,33.5815],[131.30961,33.58159],[131.30961,33.5815],[131.3095,33.5815]]]}},{"type":"Feature","properties":{"A40_001":"大分県","A40_002":"44","A40_003":"1m以上 〜 2m未満"},"geometry":{"type":"Polygon","coordinates":[[[131.30929,33.58159],[131.3095,33.5815],[131.30929,33.5815],[131.30929,33.58159]]]}},{"type":"Feature","properties":{"A40_001":"大分県","A40_002":"44","A40_003":"0.3m未満"},"geometry":{"type":"Polygon","coordinates":[[[131.26997,33.5815],[131.27007,33.58159],[131.27007,33.5815],[131.26997,33.5815]]]}},{"type":"Feature","properties":{"A40_001":"大分県","A40_002":"44","A40_003":"0.3m以上 〜 1m未満"},"geometry":{"type":"Polygon","coordinates":[[[131.2676,33.58159],[131.26749,33.5815],[131.26749,33.58159],[131.2676,33.58159]]]}},{"type":"Feature","properties":{"A40_001":"大分県","A40_002":"44","A40_003":"0.3m未満"},"geometry":{"type":"Polygon","coordinates":[[[131.3025,33.58151],[131.30261,33.5816],[131.30261,33.58151],[131.3025,33.58151]]]}},{"type":"Feature","properties":{"A40_001":"大分県","A40_002":"44","A40_003":"3m以上 〜 4m未満"},"geometry":{"type":"Polygon","coordinates":[[[131.30121,33.58152],[131.30132,33.58161],[131.30132,33.58152],[131.30121,33.58152]]]}},{"type":"Feature","properties":{"A40_001":"大分県","A40_002":"44","A40_003":"0.3m以上 〜 1m未満"},"geometry":{"type":"Polygon","coordinates":[[[131.29992,33.58152],[131.30002,33.58161],[131.30002,33.58152],[131.29992,33.58152]]]}},{"type":"Feature","properties":{"A40_001":"大分県","A40_002":"44","A40_003":"1m以上 〜 2m未満"},"geometry":{"type":"Polygon","coordinates":[[[131.27794,33.58139],[131.27783,33.58175],[131.27794,33.58175],[131.27794,33.58139]]]}},{"type":"Feature","properties":{"A40_001":"大分県","A40_002":"44","A40_003":"0.3m以上 〜 1m未満"},"geometry":{"type":"Polygon","coordinates":[[[131.27729,33.58157],[131.2774,33.58166],[131.2774,33.58157],[131.27729,33.58157]]]}},{"type":"Feature","properties":{"A40_001":"大分県","A40_002":"44","A40_003":"0.3m未満"},"geometry":{"type":"Polygon","coordinates":[[[131.3122,33.58158],[131.3123,33.58167],[131.3123,33.58158],[131.3122,33.58158]]]}},{"type":"Feature","properties":{"A40_001":"大分県","A40_002":"44","A40_003":"0.3m未満"},"geometry":{"type":"Polygon","coordinates":[[[131.31047,33.58158],[131.31058,33.58167],[131.31058,33.58158],[131.31047,33.58158]]]}},{"type":"Feature","properties":{"A40_001":"大分県","A40_002":"44","A40_003":"0.3m以上 〜 1m未満"},"geometry":{"type":"Polygon","coordinates":[[[131.30983,33.58159],[131.30993,33.58168],[131.30993,33.58159],[131.30983,33.58159]]]}},{"type":"Feature","properties":{"A40_001":"大分県","A40_002":"44","A40_003":"0.3m未満"},"geometry":{"type":"Polygon","coordinates":[[[131.27007,33.58159],[131.27018,33.58168],[131.27018,33.58159],[131.27007,33.58159]]]}},{"type":"Feature","properties":{"A40_001":"大分県","A40_002":"44","A40_003":"0.3m以上 〜 1m未満"},"geometry":{"type":"Polygon","coordinates":[[[131.31575,33.58157],[131.31607,33.58148],[131.31575,33.58148],[131.31575,33.58157]]]}},{"type":"Feature","properties":{"A40_001":"大分県","A40_002":"44","A40_003":"0.3m以上 〜 1m未満"},"geometry":{"type":"Polygon","coordinates":[[[131.31543,33.58148],[131.31532,33.58166],[131.31575,33.58166],[131.31543,33.58148]]]}},{"type":"Feature","properties":{"A40_001":"大分県","A40_002":"44","A40_003":"1m以上 〜 2m未満"},"geometry":{"type":"Polygon","coordinates":[[[131.31974,33.58147],[131.31974,33.58174],[131.31985,33.58174],[131.31974,33.58147]]]}},{"type":"Feature","properties":{"A40_001":"大分県","A40_002":"44","A40_003":"1m以上 〜 2m未満"},"geometry":{"type":"Polygon","coordinates":[[[131.31511,33.58157],[131.31521,33.58166],[131.31521,33.58157],[131.31511,33.58157]]]}},{"type":"Feature","properties":{"A40_001":"大分県","A40_002":"44","A40_003":"0.3m未満"},"geometry":{"type":"Polygon","coordinates":[[[131.31381,33.58167],[131.31392,33.58176],[131.31392,33.58167],[131.31381,33.58167]]]}},{"type":"Feature","properties":{"A40_001":"大分県","A40_002":"44","A40_003":"0.3m未満"},"geometry":{"type":"Polygon","coordinates":[[[131.26954,33.58159],[131.26964,33.58168],[131.26964,33.58159],[131.26954,33.58159]]]}},{"type":"Feature","properties":{"A40_001":"大分県","A40_002":"44","A40_003":"3m以上 〜 4m未満"},"geometry":{"type":"Polygon","coordinates":[[[131.30132,33.58161],[131.30142,33.5817],[131.30142,33.58161],[131.30132,33.58161]]]}},{"type":"Feature","properties":{"A40_001":"大分県","A40_002":"44","A40_003":"1m以上 〜 2m未満"},"geometry":{"type":"Polygon","coordinates":[[[131.29992,33.58161],[131.30002,33.5817],[131.30002,33.58161],[131.29992,33.58161]]]}},{"type":"Feature","properties":{"A40_001":"大分県","A40_002":"44","A40_003":"0.3m以上 〜 1m未満"},"geometry":{"type":"Polygon","coordinates":[[[131.30261,33.5816],[131.3025,33.58178],[131.30261,33.58178],[131.30261,33.5816]]]}},{"type":"Feature","properties":{"A40_001":"大分県","A40_002":"44","A40_003":"0.3m以上 〜 1m未満"},"geometry":{"type":"Polygon","coordinates":[[[131.27719,33.58166],[131.27729,33.58175],[131.27729,33.58166],[131.27719,33.58166]]]}},{"type":"Feature","properties":{"A40_001":"大分県","A40_002":"44","A40_003":"0.3m未満"},"geometry":{"type":"Polygon","coordinates":[[[131.31177,33.58167],[131.31187,33.58176],[131.31187,33.58167],[131.31177,33.58167]]]}},{"type":"Feature","properties":{"A40_001":"大分県","A40_002":"44","A40_003":"0.3m以上 〜 1m未満"},"geometry":{"type":"Polygon","coordinates":[[[131.31015,33.58176],[131.31037,33.58167],[131.31015,33.58167],[131.31015,33.58176]]]}},{"type":"Feature","properties":{"A40_001":"大分県","A40_002":"44","A40_003":"1m以上 〜 2m未満"},"geometry":{"type":"Polygon","coordinates":[[[131.31004,33.58168],[131.31015,33.58176],[131.31015,33.58167],[131.31004,33.58168]]]}},{"type":"Feature","properties":{"A40_001":"大分県","A40_002":"44","A40_003":"0.3m未満"},"geometry":{"type":"Polygon","coordinates":[[[131.26943,33.58168],[131.26954,33.58177],[131.26954,33.58168],[131.26943,33.58168]]]}},{"type":"Feature","properties":{"A40_001":"大分県","A40_002":"44","A40_003":"0.3m未満"},"geometry":{"type":"Polygon","coordinates":[[[131.27697,33.58184],[131.27665,33.58166],[131.27665,33.58175],[131.27697,33.58184]]]}},{"type":"Feature","properties":{"A40_001":"大分県","A40_002":"44","A40_003":"0.3m未満"},"geometry":{"type":"Polygon","coordinates":[[[131.27622,33.58167],[131.27579,33.58185],[131.27622,33.58194],[131.27622,33.58167]]]}},{"type":"Feature","properties":{"A40_001":"大分県","A40_002":"44","A40_003":"0.3m以上 〜 1m未満"},"geometry":{"type":"Polygon","coordinates":[[[131.27697,33.58175],[131.27708,33.58184],[131.27708,33.58175],[131.27697,33.58175]]]}},{"type":"Feature","properties":{"A40_001":"大分県","A40_002":"44","A40_003":"0.3m未満"},"geometry":{"type":"Polygon","coordinates":[[[131.27632,33.58185],[131.27654,33.58175],[131.27632,33.58175],[131.27632,33.58185]]]}},{"type":"Feature","properties":{"A40_001":"大分県","A40_002":"44","A40_003":"0.3m以上 〜 1m未満"},"geometry":{"type":"Polygon","coordinates":[[[131.27622,33.58176],[131.27632,33.58185],[131.27632,33.58175],[131.27622,33.58176]]]}},{"type":"Feature","properties":{"A40_001":"大分県","A40_002":"44","A40_003":"0.3m未満"},"geometry":{"type":"Polygon","coordinates":[[[131.31144,33.58176],[131.31155,33.58185],[131.31155,33.58176],[131.31144,33.58176]]]}},{"type":"Feature","properties":{"A40_001":"大分県","A40_002":"44","A40_003":"0.3m未満"},"geometry":{"type":"Polygon","coordinates":[[[131.27008,33.58177],[131.27018,33.58186],[131.27018,33.58177],[131.27008,33.58177]]]}},{"type":"Feature","properties":{"A40_001":"大分県","A40_002":"44","A40_003":"0.3m未満"},"geometry":{"type":"Polygon","coordinates":[[[131.26954,33.58177],[131.26964,33.58186],[131.26964,33.58177],[131.26954,33.58177]]]}},{"type":"Feature","properties":{"A40_001":"大分県","A40_002":"44","A40_003":"1m以上 〜 2m未満"},"geometry":{"type":"Polygon","coordinates":[[[131.3025,33.58178],[131.30261,33.58187],[131.30261,33.58178],[131.3025,33.58178]]]}},{"type":"Feature","properties":{"A40_001":"大分県","A40_002":"44","A40_003":"0.3m未満"},"geometry":{"type":"Polygon","coordinates":[[[131.27665,33.58184],[131.27676,33.58193],[131.27675,33.58184],[131.27665,33.58184]]]}},{"type":"Feature","properties":{"A40_001":"大分県","A40_002":"44","A40_003":"0.3m以上 〜 1m未満"},"geometry":{"type":"Polygon","coordinates":[[[131.27579,33.58194],[131.27611,33.58185],[131.27579,33.58185],[131.27579,33.58194]]]}},{"type":"Feature","properties":{"A40_001":"大分県","A40_002":"44","A40_003":"0.3m未満"},"geometry":{"type":"Polygon","coordinates":[[[131.31468,33.58193],[131.31446,33.58175],[131.31435,33.58193],[131.31468,33.58193]]]}},{"type":"Feature","properties":{"A40_001":"大分県","A40_002":"44","A40_003":"0.3m以上 〜 1m未満"},"geometry":{"type":"Polygon","coordinates":[[[131.31414,33.58194],[131.31435,33.58184],[131.31414,33.58185],[131.31414,33.58194]]]}},{"type":"Feature","properties":{"A40_001":"大分県","A40_002":"44","A40_003":"1m以上 〜 2m未満"},"geometry":{"type":"Polygon","coordinates":[[[131.31403,33.58185],[131.31414,33.58194],[131.31414,33.58185],[131.31403,33.58185]]]}},{"type":"Feature","properties":{"A40_001":"大分県","A40_002":"44","A40_003":"0.3m以上 〜 1m未満"},"geometry":{"type":"Polygon","coordinates":[[[131.31371,33.58185],[131.31403,33.58194],[131.31403,33.58185],[131.31371,33.58185]]]}},{"type":"Feature","properties":{"A40_001":"大分県","A40_002":"44","A40_003":"0.3m未満"},"geometry":{"type":"Polygon","coordinates":[[[131.3136,33.58185],[131.31371,33.58194],[131.31371,33.58185],[131.3136,33.58185]]]}},{"type":"Feature","properties":{"A40_001":"大分県","A40_002":"44","A40_003":"0.3m未満"},"geometry":{"type":"Polygon","coordinates":[[[131.31274,33.58185],[131.31295,33.58194],[131.31295,33.58185],[131.31274,33.58185]]]}},{"type":"Feature","properties":{"A40_001":"大分県","A40_002":"44","A40_003":"1m以上 〜 2m未満"},"geometry":{"type":"Polygon","coordinates":[[[131.31995,33.58183],[131.32,33.58201],[131.32,33.58183],[131.31995,33.58183]]]}},{"type":"Feature","properties":{"A40_001":"大分県","A40_002":"44","A40_003":"0.3m以上 〜 1m未満"},"geometry":{"type":"Polygon","coordinates":[[[131.31177,33.58194],[131.31274,33.58185],[131.31177,33.58185],[131.31177,33.58194]]]}},{"type":"Feature","properties":{"A40_001":"大分県","A40_002":"44","A40_003":"0.3m未満"},"geometry":{"type":"Polygon","coordinates":[[[131.31166,33.58185],[131.31177,33.58194],[131.31177,33.58185],[131.31166,33.58185]]]}},{"type":"Feature","properties":{"A40_001":"大分県","A40_002":"44","A40_003":"0.3m未満"},"geometry":{"type":"Polygon","coordinates":[[[131.26835,33.58195],[131.26824,33.58186],[131.26824,33.58195],[131.26835,33.58195]]]}},{"type":"Feature","properties":{"A40_001":"大分県","A40_002":"44","A40_003":"0.3m未満"},"geometry":{"type":"Polygon","coordinates":[[[131.26814,33.58195],[131.26803,33.58186],[131.26803,33.58195],[131.26814,33.58195]]]}},{"type":"Feature","properties":{"A40_001":"大分県","A40_002":"44","A40_003":"0.3m以上 〜 1m未満"},"geometry":{"type":"Polygon","coordinates":[[[131.30239,33.58187],[131.3025,33.58196],[131.3025,33.58187],[131.30239,33.58187]]]}},{"type":"Feature","properties":{"A40_001":"大分県","A40_002":"44","A40_003":"3m以上 〜 4m未満"},"geometry":{"type":"Polygon","coordinates":[[[131.30153,33.58188],[131.30164,33.58197],[131.30164,33.58188],[131.30153,33.58188]]]}},{"type":"Feature","properties":{"A40_001":"大分県","A40_002":"44","A40_003":"0.3m以上 〜 1m未満"},"geometry":{"type":"Polygon","coordinates":[[[131.27611,33.58203],[131.27632,33.58194],[131.27611,33.58194],[131.27611,33.58203]]]}},{"type":"Feature","properties":{"A40_001":"大分県","A40_002":"44","A40_003":"1m以上 〜 2m未満"},"geometry":{"type":"Polygon","coordinates":[[[131.31198,33.58194],[131.31231,33.58203],[131.31231,33.58194],[131.31198,33.58194]]]}},{"type":"Feature","properties":{"A40_001":"大分県","A40_002":"44","A40_003":"0.3m以上 〜 1m未満"},"geometry":{"type":"Polygon","coordinates":[[[131.31155,33.58194],[131.31166,33.58203],[131.31166,33.58194],[131.31155,33.58194]]]}},{"type":"Feature","properties":{"A40_001":"大分県","A40_002":"44","A40_003":"0.3m未満"},"geometry":{"type":"Polygon","coordinates":[[[131.31069,33.58194],[131.3108,33.58203],[131.3108,33.58194],[131.31069,33.58194]]]}},{"type":"Feature","properties":{"A40_001":"大分県","A40_002":"44","A40_003":"1m以上 〜 2m未満"},"geometry":{"type":"Polygon","coordinates":[[[131.31349,33.58203],[131.31381,33.58194],[131.31349,33.58194],[131.31349,33.58203]]]}},{"type":"Feature","properties":{"A40_001":"大分県","A40_002":"44","A40_003":"0.3m以上 〜 1m未満"},"geometry":{"type":"Polygon","coordinates":[[[131.31327,33.58194],[131.31349,33.58203],[131.31349,33.58194],[131.31327,33.58194]]]}},{"type":"Feature","properties":{"A40_001":"大分県","A40_002":"44","A40_003":"1m以上 〜 2m未満"},"geometry":{"type":"Polygon","coordinates":[[[131.31252,33.58203],[131.31327,33.58194],[131.31252,33.58194],[131.31252,33.58203]]]}},{"type":"Feature","properties":{"A40_001":"大分県","A40_002":"44","A40_003":"0.3m未満"},"geometry":{"type":"Polygon","coordinates":[[[131.26954,33.58195],[131.26965,33.58204],[131.26965,33.58195],[131.26954,33.58195]]]}},{"type":"Feature","properties":{"A40_001":"大分県","A40_002":"44","A40_003":"1m以上 〜 2m未満"},"geometry":{"type":"Polygon","coordinates":[[[131.2676,33.5815],[131.26717,33.58168],[131.26717,33.5825],[131.26792,33.58213],[131.2676,33.5815]]]}},{"type":"Feature","properties":{"A40_001":"大分県","A40_002":"44","A40_003":"0.3m以上 〜 1m未満"},"geometry":{"type":"Polygon","coordinates":[[[131.26921,33.58114],[131.26878,33.5815],[131.26857,33.58123],[131.26781,33.58132],[131.26792,33.5824],[131.26738,33.58259],[131.26771,33.58304],[131.26803,33.58258],[131.26825,33.58285],[131.26824,33.58204],[131.26868,33.58267],[131.26986,33.58285],[131.26954,33.5824],[131.27008,33.5824],[131.26965,33.58204],[131.27018,33.58168],[131.26921,33.58114]],[[131.26813,33.58132],[131.26824,33.58141],[131.26814,33.58141],[131.26813,33.58132]],[[131.26965,33.58204],[131.26954,33.58195],[131.26965,33.58195],[131.26965,33.58204]],[[131.26943,33.58168],[131.26954,33.58177],[131.26943,33.58177],[131.26943,33.58168]],[[131.26954,33.58168],[131.26964,33.58159],[131.26964,33.58168],[131.26954,33.58168]],[[131.26954,33.58177],[131.26964,33.58186],[131.26954,33.58186],[131.26954,33.58177]],[[131.26803,33.58195],[131.26814,33.58186],[131.26814,33.58195],[131.26803,33.58195]],[[131.26824,33.58186],[131.26835,33.58195],[131.26824,33.58195],[131.26824,33.58186]],[[131.26954,33.58258],[131.26965,33.58267],[131.26954,33.58267],[131.26954,33.58258]]]}},{"type":"Feature","properties":{"A40_001":"大分県","A40_002":"44","A40_003":"2m以上 〜 3m未満"},"geometry":{"type":"Polygon","coordinates":[[[131.30218,33.58197],[131.30207,33.58215],[131.30239,33.58196],[131.30218,33.58197]]]}},{"type":"Feature","properties":{"A40_001":"大分県","A40_002":"44","A40_003":"1m以上 〜 2m未満"},"geometry":{"type":"Polygon","coordinates":[[[131.27697,33.58229],[131.27675,33.58184],[131.27632,33.58203],[131.27697,33.58229]]]}},{"type":"Feature","properties":{"A40_001":"大分県","A40_002":"44","A40_003":"1m以上 〜 2m未満"},"geometry":{"type":"Polygon","coordinates":[[[131.276,33.58203],[131.27611,33.58212],[131.27611,33.58203],[131.276,33.58203]]]}},{"type":"Feature","properties":{"A40_001":"大分県","A40_002":"44","A40_003":"0.3m以上 〜 1m未満"},"geometry":{"type":"Polygon","coordinates":[[[131.27579,33.58203],[131.276,33.58212],[131.276,33.58203],[131.27579,33.58203]]]}},{"type":"Feature","properties":{"A40_001":"大分県","A40_002":"44","A40_003":"0.3m未満"},"geometry":{"type":"Polygon","coordinates":[[[131.26986,33.58204],[131.26975,33.58222],[131.26986,33.58222],[131.26986,33.58204]]]}},{"type":"Feature","properties":{"A40_001":"大分県","A40_002":"44","A40_003":"1m以上 〜 2m未満"},"geometry":{"type":"Polygon","coordinates":[[[131.27557,33.58212],[131.27579,33.58221],[131.27579,33.58212],[131.27557,33.58212]]]}},{"type":"Feature","properties":{"A40_001":"大分県","A40_002":"44","A40_003":"0.3m以上 〜 1m未満"},"geometry":{"type":"Polygon","coordinates":[[[131.27546,33.58212],[131.27557,33.58221],[131.27557,33.58212],[131.27546,33.58212]]]}},{"type":"Feature","properties":{"A40_001":"大分県","A40_002":"44","A40_003":"0.3m未満"},"geometry":{"type":"Polygon","coordinates":[[[131.2606,33.5817],[131.26038,33.5817],[131.26081,33.58179],[131.2606,33.5817]]]}},{"type":"Feature","properties":{"A40_001":"大分県","A40_002":"44","A40_003":"0.3m以上 〜 1m未満"},"geometry":{"type":"Polygon","coordinates":[[[131.26512,33.58187],[131.26447,33.58142],[131.26458,33.58205],[131.26512,33.58187]]]}},{"type":"Feature","properties":{"A40_001":"大分県","A40_002":"44","A40_003":"0.3m未満"},"geometry":{"type":"Polygon","coordinates":[[[131.2634,33.58178],[131.26329,33.58169],[131.26329,33.58178],[131.2634,33.58178]]]}},{"type":"Feature","properties":{"A40_001":"大分県","A40_002":"44","A40_003":"0.3m未満"},"geometry":{"type":"Polygon","coordinates":[[[131.26307,33.58178],[131.26286,33.58169],[131.26286,33.58178],[131.26307,33.58178]]]}},{"type":"Feature","properties":{"A40_001":"大分県","A40_002":"44","A40_003":"0.3m以上 〜 1m未満"},"geometry":{"type":"Polygon","coordinates":[[[131.26232,33.58179],[131.26221,33.5817],[131.26221,33.58179],[131.26232,33.58179]]]}},{"type":"Feature","properties":{"A40_001":"大分県","A40_002":"44","A40_003":"0.3m未満"},"geometry":{"type":"Polygon","coordinates":[[[131.26221,33.5817],[131.262,33.58179],[131.26221,33.58179],[131.26221,33.5817]]]}},{"type":"Feature","properties":{"A40_001":"大分県","A40_002":"44","A40_003":"2m以上 〜 3m未満"},"geometry":{"type":"Polygon","coordinates":[[[131.26717,33.58187],[131.26706,33.58169],[131.26706,33.58187],[131.26717,33.58187]]]}},{"type":"Feature","properties":{"A40_001":"大分県","A40_002":"44","A40_003":"0.3m未満"},"geometry":{"type":"Polygon","coordinates":[[[131.26253,33.58188],[131.26221,33.58179],[131.26221,33.58188],[131.26253,33.58188]]]}},{"type":"Feature","properties":{"A40_001":"大分県","A40_002":"44","A40_003":"0.3m未満"},"geometry":{"type":"Polygon","coordinates":[[[131.26383,33.58187],[131.26361,33.58178],[131.26361,33.58187],[131.26383,33.58187]]]}},{"type":"Feature","properties":{"A40_001":"大分県","A40_002":"44","A40_003":"1m以上 〜 2m未満"},"geometry":{"type":"Polygon","coordinates":[[[131.26491,33.58196],[131.26469,33.58178],[131.26469,33.58196],[131.26491,33.58196]]]}},{"type":"Feature","properties":{"A40_001":"大分県","A40_002":"44","A40_003":"0.3m未満"},"geometry":{"type":"Polygon","coordinates":[[[131.26458,33.58178],[131.26426,33.58196],[131.26458,33.58205],[131.26458,33.58178]]]}},{"type":"Feature","properties":{"A40_001":"大分県","A40_002":"44","A40_003":"1m以上 〜 2m未満"},"geometry":{"type":"Polygon","coordinates":[[[131.26566,33.58196],[131.26555,33.58187],[131.26555,33.58196],[131.26566,33.58196]]]}},{"type":"Feature","properties":{"A40_001":"大分県","A40_002":"44","A40_003":"0.3m未満"},"geometry":{"type":"Polygon","coordinates":[[[131.26555,33.58196],[131.26544,33.58187],[131.26544,33.58196],[131.26555,33.58196]]]}},{"type":"Feature","properties":{"A40_001":"大分県","A40_002":"44","A40_003":"0.3m未満"},"geometry":{"type":"Polygon","coordinates":[[[131.26512,33.58196],[131.2649,33.58187],[131.26491,33.58196],[131.26512,33.58196]]]}},{"type":"Feature","properties":{"A40_001":"大分県","A40_002":"44","A40_003":"1m以上 〜 2m未満"},"geometry":{"type":"Polygon","coordinates":[[[131.26157,33.58188],[131.26124,33.58197],[131.26157,33.58197],[131.26157,33.58188]]]}},{"type":"Feature","properties":{"A40_001":"大分県","A40_002":"44","A40_003":"0.3m以上 〜 1m未満"},"geometry":{"type":"Polygon","coordinates":[[[131.26728,33.58205],[131.26706,33.58187],[131.26706,33.58205],[131.26728,33.58205]]]}},{"type":"Feature","properties":{"A40_001":"大分県","A40_002":"44","A40_003":"0.3m未満"},"geometry":{"type":"Polygon","coordinates":[[[131.26221,33.58188],[131.26178,33.58197],[131.26221,33.58206],[131.26221,33.58188]]]}},{"type":"Feature","properties":{"A40_001":"大分県","A40_002":"44","A40_003":"2m以上 〜 3m未満"},"geometry":{"type":"Polygon","coordinates":[[[131.26523,33.58205],[131.26501,33.58196],[131.26501,33.58205],[131.26523,33.58205]]]}},{"type":"Feature","properties":{"A40_001":"大分県","A40_002":"44","A40_003":"1m以上 〜 2m未満"},"geometry":{"type":"Polygon","coordinates":[[[131.26415,33.58205],[131.26404,33.58196],[131.26404,33.58205],[131.26415,33.58205]]]}},{"type":"Feature","properties":{"A40_001":"大分県","A40_002":"44","A40_003":"0.3m以上 〜 1m未満"},"geometry":{"type":"Polygon","coordinates":[[[131.26501,33.58214],[131.26491,33.58205],[131.26491,33.58214],[131.26501,33.58214]]]}},{"type":"Feature","properties":{"A40_001":"大分県","A40_002":"44","A40_003":"0.3m未満"},"geometry":{"type":"Polygon","coordinates":[[[131.26178,33.58206],[131.26157,33.58224],[131.26178,33.58224],[131.26178,33.58206]]]}},{"type":"Feature","properties":{"A40_001":"大分県","A40_002":"44","A40_003":"0.3m以上 〜 1m未満"},"geometry":{"type":"Polygon","coordinates":[[[131.26038,33.58233],[131.26027,33.58224],[131.26027,33.58233],[131.26038,33.58233]]]}},{"type":"Feature","properties":{"A40_001":"大分県","A40_002":"44","A40_003":"0.3m未満"},"geometry":{"type":"Polygon","coordinates":[[[131.26297,33.58223],[131.26275,33.58242],[131.26297,33.58233],[131.26297,33.58223]]]}},{"type":"Feature","properties":{"A40_001":"大分県","A40_002":"44","A40_003":"0.3m以上 〜 1m未満"},"geometry":{"type":"Polygon","coordinates":[[[131.26738,33.5825],[131.26728,33.58241],[131.26728,33.5825],[131.26738,33.5825]]]}},{"type":"Feature","properties":{"A40_001":"大分県","A40_002":"44","A40_003":"0.3m以上 〜 1m未満"},"geometry":{"type":"Polygon","coordinates":[[[131.26437,33.5816],[131.26156,33.58179],[131.26157,33.58197],[131.26265,33.58323],[131.26308,33.58305],[131.26265,33.58296],[131.26307,33.58223],[131.26394,33.58214],[131.26469,33.58331],[131.26437,33.5816]],[[131.26221,33.58188],[131.2621,33.58206],[131.26178,33.58188],[131.26221,33.58188]],[[131.26361,33.58187],[131.26383,33.58178],[131.26383,33.58187],[131.26361,33.58187]],[[131.26404,33.58196],[131.26415,33.58205],[131.26404,33.58205],[131.26404,33.58196]],[[131.26275,33.58224],[131.26297,33.58233],[131.26275,33.58242],[131.26275,33.58224]]]}},{"type":"Feature","properties":{"A40_001":"大分県","A40_002":"44","A40_003":"0.3m未満"},"geometry":{"type":"Polygon","coordinates":[[[131.2606,33.58224],[131.26027,33.5817],[131.25866,33.58206],[131.25974,33.58242],[131.25941,33.58278],[131.25995,33.58323],[131.25984,33.58269],[131.2606,33.58224]],[[131.26038,33.58224],[131.26027,33.58233],[131.26027,33.58224],[131.26038,33.58224]]]}},{"type":"Feature","properties":{"A40_001":"大分県","A40_002":"44","A40_003":"0.3m以上 〜 1m未満"},"geometry":{"type":"Polygon","coordinates":[[[131.26027,33.5826],[131.26017,33.58251],[131.26017,33.5826],[131.26027,33.5826]]]}},{"type":"Feature","properties":{"A40_001":"大分県","A40_002":"44","A40_003":"0.3m未満"},"geometry":{"type":"Polygon","coordinates":[[[131.26738,33.58268],[131.26717,33.5825],[131.26717,33.58268],[131.26738,33.58268]]]}},{"type":"Feature","properties":{"A40_001":"大分県","A40_002":"44","A40_003":"2m以上 〜 3m未満"},"geometry":{"type":"Polygon","coordinates":[[[131.26512,33.58268],[131.26501,33.5825],[131.26501,33.58268],[131.26512,33.58268]]]}},{"type":"Feature","properties":{"A40_001":"大分県","A40_002":"44","A40_003":"1m以上 〜 2m未満"},"geometry":{"type":"Polygon","coordinates":[[[131.26028,33.58278],[131.26017,33.5826],[131.26017,33.58278],[131.26028,33.58278]]]}},{"type":"Feature","properties":{"A40_001":"大分県","A40_002":"44","A40_003":"0.3m以上 〜 1m未満"},"geometry":{"type":"Polygon","coordinates":[[[131.26049,33.58179],[131.2606,33.58242],[131.25995,33.58269],[131.26017,33.58368],[131.26049,33.58359],[131.26028,33.58305],[131.26082,33.58341],[131.2607,33.58215],[131.26157,33.58206],[131.26049,33.58179]],[[131.26017,33.5835],[131.26028,33.58341],[131.26028,33.5835],[131.26017,33.5835]]]}},{"type":"Feature","properties":{"A40_001":"大分県","A40_002":"44","A40_003":"0.3m以上 〜 1m未満"},"geometry":{"type":"Polygon","coordinates":[[[131.25963,33.58278],[131.25952,33.58269],[131.25952,33.58278],[131.25963,33.58278]]]}},{"type":"Feature","properties":{"A40_001":"大分県","A40_002":"44","A40_003":"0.3m以上 〜 1m未満"},"geometry":{"type":"Polygon","coordinates":[[[131.262,33.58287],[131.26189,33.58278],[131.26189,33.58287],[131.262,33.58287]]]}},{"type":"Feature","properties":{"A40_001":"大分県","A40_002":"44","A40_003":"0.3m以上 〜 1m未満"},"geometry":{"type":"Polygon","coordinates":[[[131.25898,33.58287],[131.25887,33.58278],[131.25887,33.58287],[131.25898,33.58287]]]}},{"type":"Feature","properties":{"A40_001":"大分県","A40_002":"44","A40_003":"0.3m未満"},"geometry":{"type":"Polygon","coordinates":[[[131.25887,33.58287],[131.25877,33.58278],[131.25877,33.58287],[131.25887,33.58287]]]}},{"type":"Feature","properties":{"A40_001":"大分県","A40_002":"44","A40_003":"1m以上 〜 2m未満"},"geometry":{"type":"Polygon","coordinates":[[[131.25974,33.58278],[131.25888,33.58296],[131.25974,33.58305],[131.25974,33.58278]]]}},{"type":"Feature","properties":{"A40_001":"大分県","A40_002":"44","A40_003":"0.3m以上 〜 1m未満"},"geometry":{"type":"Polygon","coordinates":[[[131.25963,33.58296],[131.25952,33.58287],[131.25952,33.58296],[131.25963,33.58296]]]}},{"type":"Feature","properties":{"A40_001":"大分県","A40_002":"44","A40_003":"0.3m以上 〜 1m未満"},"geometry":{"type":"Polygon","coordinates":[[[131.2592,33.58296],[131.25909,33.58287],[131.25909,33.58296],[131.2592,33.58296]]]}},{"type":"Feature","properties":{"A40_001":"大分県","A40_002":"44","A40_003":"2m以上 〜 3m未満"},"geometry":{"type":"Polygon","coordinates":[[[131.25888,33.58296],[131.25877,33.58287],[131.25877,33.58297],[131.25888,33.58296]]]}},{"type":"Feature","properties":{"A40_001":"大分県","A40_002":"44","A40_003":"1m以上 〜 2m未満"},"geometry":{"type":"Polygon","coordinates":[[[131.25877,33.58297],[131.25866,33.58288],[131.25866,33.58297],[131.25877,33.58297]]]}},{"type":"Feature","properties":{"A40_001":"大分県","A40_002":"44","A40_003":"1m以上 〜 2m未満"},"geometry":{"type":"Polygon","coordinates":[[[131.26943,33.58276],[131.26954,33.58285],[131.26954,33.58276],[131.26943,33.58276]]]}},{"type":"Feature","properties":{"A40_001":"大分県","A40_002":"44","A40_003":"0.3m以上 〜 1m未満"},"geometry":{"type":"Polygon","coordinates":[[[131.26922,33.58285],[131.26943,33.58276],[131.26922,33.58276],[131.26922,33.58285]]]}},{"type":"Feature","properties":{"A40_001":"大分県","A40_002":"44","A40_003":"0.3m以上 〜 1m未満"},"geometry":{"type":"Polygon","coordinates":[[[131.2745,33.58275],[131.27428,33.58293],[131.2745,33.58293],[131.2745,33.58275]]]}},{"type":"Feature","properties":{"A40_001":"大分県","A40_002":"44","A40_003":"0.3m未満"},"geometry":{"type":"Polygon","coordinates":[[[131.27417,33.58284],[131.27428,33.58293],[131.27428,33.58284],[131.27417,33.58284]]]}},{"type":"Feature","properties":{"A40_001":"大分県","A40_002":"44","A40_003":"0.3m以上 〜 1m未満"},"geometry":{"type":"Polygon","coordinates":[[[131.26943,33.58285],[131.26954,33.58294],[131.26954,33.58285],[131.26943,33.58285]]]}},{"type":"Feature","properties":{"A40_001":"大分県","A40_002":"44","A40_003":"0.3m以上 〜 1m未満"},"geometry":{"type":"Polygon","coordinates":[[[131.26846,33.58285],[131.26825,33.58294],[131.26846,33.58294],[131.26846,33.58285]]]}},{"type":"Feature","properties":{"A40_001":"大分県","A40_002":"44","A40_003":"1m以上 〜 2m未満"},"geometry":{"type":"Polygon","coordinates":[[[131.27417,33.58302],[131.2746,33.58293],[131.27417,33.58293],[131.27417,33.58302]]]}},{"type":"Feature","properties":{"A40_001":"大分県","A40_002":"44","A40_003":"0.3m未満"},"geometry":{"type":"Polygon","coordinates":[[[131.27407,33.58293],[131.27417,33.58302],[131.27417,33.58293],[131.27407,33.58293]]]}},{"type":"Feature","properties":{"A40_001":"大分県","A40_002":"44","A40_003":"0.3m未満"},"geometry":{"type":"Polygon","coordinates":[[[131.27094,33.58294],[131.27105,33.58303],[131.27105,33.58294],[131.27094,33.58294]]]}},{"type":"Feature","properties":{"A40_001":"大分県","A40_002":"44","A40_003":"0.3m未満"},"geometry":{"type":"Polygon","coordinates":[[[131.26771,33.58304],[131.26739,33.58295],[131.26749,33.58322],[131.26771,33.58304]]]}},{"type":"Feature","properties":{"A40_001":"大分県","A40_002":"44","A40_003":"0.3m以上 〜 1m未満"},"geometry":{"type":"Polygon","coordinates":[[[131.25866,33.58297],[131.25855,33.58288],[131.25855,33.58297],[131.25866,33.58297]]]}},{"type":"Feature","properties":{"A40_001":"大分県","A40_002":"44","A40_003":"0.3m未満"},"geometry":{"type":"Polygon","coordinates":[[[131.25855,33.58297],[131.25844,33.58288],[131.25844,33.58297],[131.25855,33.58297]]]}},{"type":"Feature","properties":{"A40_001":"大分県","A40_002":"44","A40_003":"0.3m以上 〜 1m未満"},"geometry":{"type":"Polygon","coordinates":[[[131.25985,33.58305],[131.25974,33.58287],[131.25974,33.58305],[131.25985,33.58305]]]}},{"type":"Feature","properties":{"A40_001":"大分県","A40_002":"44","A40_003":"0.3m未満"},"geometry":{"type":"Polygon","coordinates":[[[131.25888,33.58306],[131.25877,33.58297],[131.25877,33.58306],[131.25888,33.58306]]]}},{"type":"Feature","properties":{"A40_001":"大分県","A40_002":"44","A40_003":"0.3m以上 〜 1m未満"},"geometry":{"type":"Polygon","coordinates":[[[131.25877,33.58306],[131.25866,33.58297],[131.25866,33.58306],[131.25877,33.58306]]]}},{"type":"Feature","properties":{"A40_001":"大分県","A40_002":"44","A40_003":"1m以上 〜 2m未満"},"geometry":{"type":"Polygon","coordinates":[[[131.25866,33.58297],[131.25823,33.58306],[131.25866,33.58306],[131.25866,33.58297]]]}},{"type":"Feature","properties":{"A40_001":"大分県","A40_002":"44","A40_003":"0.3m未満"},"geometry":{"type":"Polygon","coordinates":[[[131.25812,33.58306],[131.25801,33.58297],[131.25801,33.58306],[131.25812,33.58306]]]}},{"type":"Feature","properties":{"A40_001":"大分県","A40_002":"44","A40_003":"0.3m以上 〜 1m未満"},"geometry":{"type":"Polygon","coordinates":[[[131.25823,33.58315],[131.25812,33.58297],[131.25812,33.58315],[131.25823,33.58315]]]}},{"type":"Feature","properties":{"A40_001":"大分県","A40_002":"44","A40_003":"0.3m以上 〜 1m未満"},"geometry":{"type":"Polygon","coordinates":[[[131.25995,33.58314],[131.25985,33.58305],[131.25985,33.58314],[131.25995,33.58314]]]}},{"type":"Feature","properties":{"A40_001":"大分県","A40_002":"44","A40_003":"0.3m以上 〜 1m未満"},"geometry":{"type":"Polygon","coordinates":[[[131.25974,33.58314],[131.25963,33.58305],[131.25963,33.58314],[131.25974,33.58314]]]}},{"type":"Feature","properties":{"A40_001":"大分県","A40_002":"44","A40_003":"1m以上 〜 2m未満"},"geometry":{"type":"Polygon","coordinates":[[[131.25812,33.58315],[131.2578,33.58306],[131.2578,33.58315],[131.25812,33.58315]]]}},{"type":"Feature","properties":{"A40_001":"大分県","A40_002":"44","A40_003":"0.3m以上 〜 1m未満"},"geometry":{"type":"Polygon","coordinates":[[[131.2578,33.58315],[131.25769,33.58306],[131.25769,33.58315],[131.2578,33.58315]]]}},{"type":"Feature","properties":{"A40_001":"大分県","A40_002":"44","A40_003":"0.3m未満"},"geometry":{"type":"Polygon","coordinates":[[[131.25758,33.58306],[131.25769,33.58315],[131.25769,33.58306],[131.25758,33.58306]]]}},{"type":"Feature","properties":{"A40_001":"大分県","A40_002":"44","A40_003":"1m以上 〜 2m未満"},"geometry":{"type":"Polygon","coordinates":[[[131.25974,33.58323],[131.25985,33.58314],[131.25974,33.58305],[131.25974,33.58323]]]}},{"type":"Feature","properties":{"A40_001":"大分県","A40_002":"44","A40_003":"0.3m未満"},"geometry":{"type":"Polygon","coordinates":[[[131.2578,33.58324],[131.25769,33.58315],[131.25769,33.58324],[131.2578,33.58324]]]}},{"type":"Feature","properties":{"A40_001":"大分県","A40_002":"44","A40_003":"0.3m以上 〜 1m未満"},"geometry":{"type":"Polygon","coordinates":[[[131.25758,33.58315],[131.25769,33.58324],[131.25769,33.58315],[131.25758,33.58315]]]}},{"type":"Feature","properties":{"A40_001":"大分県","A40_002":"44","A40_003":"1m以上 〜 2m未満"},"geometry":{"type":"Polygon","coordinates":[[[131.25748,33.58315],[131.25758,33.58324],[131.25758,33.58315],[131.25748,33.58315]]]}},{"type":"Feature","properties":{"A40_001":"大分県","A40_002":"44","A40_003":"0.3m以上 〜 1m未満"},"geometry":{"type":"Polygon","coordinates":[[[131.25715,33.58315],[131.25748,33.58324],[131.25748,33.58315],[131.25715,33.58315]]]}},{"type":"Feature","properties":{"A40_001":"大分県","A40_002":"44","A40_003":"0.3m以上 〜 1m未満"},"geometry":{"type":"Polygon","coordinates":[[[131.26006,33.58332],[131.25995,33.58323],[131.25995,33.58332],[131.26006,33.58332]]]}},{"type":"Feature","properties":{"A40_001":"大分県","A40_002":"44","A40_003":"2m以上 〜 3m未満"},"geometry":{"type":"Polygon","coordinates":[[[131.25995,33.58332],[131.25985,33.58323],[131.25985,33.58332],[131.25995,33.58332]]]}},{"type":"Feature","properties":{"A40_001":"大分県","A40_002":"44","A40_003":"0.3m以上 〜 1m未満"},"geometry":{"type":"Polygon","coordinates":[[[131.269,33.58303],[131.26911,33.58312],[131.26911,33.58303],[131.269,33.58303]]]}},{"type":"Feature","properties":{"A40_001":"大分県","A40_002":"44","A40_003":"0.3m以上 〜 1m未満"},"geometry":{"type":"Polygon","coordinates":[[[131.27094,33.58303],[131.27083,33.58321],[131.27094,33.58321],[131.27094,33.58303]]]}},{"type":"Feature","properties":{"A40_001":"大分県","A40_002":"44","A40_003":"0.3m未満"},"geometry":{"type":"Polygon","coordinates":[[[131.26782,33.58322],[131.26771,33.58304],[131.26771,33.58322],[131.26782,33.58322]]]}},{"type":"Feature","properties":{"A40_001":"大分県","A40_002":"44","A40_003":"0.3m未満"},"geometry":{"type":"Polygon","coordinates":[[[131.27374,33.58311],[131.27385,33.5832],[131.27385,33.58311],[131.27374,33.58311]]]}},{"type":"Feature","properties":{"A40_001":"大分県","A40_002":"44","A40_003":"0.3m以上 〜 1m未満"},"geometry":{"type":"Polygon","coordinates":[[[131.26793,33.58322],[131.26782,33.58313],[131.26782,33.58322],[131.26793,33.58322]]]}},{"type":"Feature","properties":{"A40_001":"大分県","A40_002":"44","A40_003":"1m以上 〜 2m未満"},"geometry":{"type":"Polygon","coordinates":[[[131.27019,33.5824],[131.26954,33.5824],[131.26976,33.58294],[131.26857,33.58258],[131.26825,33.58294],[131.26803,33.58258],[131.26793,33.58349],[131.27008,33.58402],[131.27094,33.58303],[131.27019,33.5824]],[[131.27008,33.58249],[131.26997,33.58258],[131.26997,33.58249],[131.27008,33.58249]],[[131.269,33.58312],[131.26911,33.58303],[131.26911,33.58312],[131.269,33.58312]]]}},{"type":"Feature","properties":{"A40_001":"大分県","A40_002":"44","A40_003":"0.3m未満"},"geometry":{"type":"Polygon","coordinates":[[[131.27083,33.58321],[131.27094,33.5833],[131.27094,33.58321],[131.27083,33.58321]]]}},{"type":"Feature","properties":{"A40_001":"大分県","A40_002":"44","A40_003":"0.3m以上 〜 1m未満"},"geometry":{"type":"Polygon","coordinates":[[[131.26803,33.58331],[131.26793,33.58322],[131.26793,33.58331],[131.26803,33.58331]]]}},{"type":"Feature","properties":{"A40_001":"大分県","A40_002":"44","A40_003":"0.3m未満"},"geometry":{"type":"Polygon","coordinates":[[[131.26793,33.58331],[131.26782,33.58322],[131.26782,33.58331],[131.26793,33.58331]]]}},{"type":"Feature","properties":{"A40_001":"大分県","A40_002":"44","A40_003":"0.3m以上 〜 1m未満"},"geometry":{"type":"Polygon","coordinates":[[[131.27073,33.5833],[131.27083,33.58339],[131.27083,33.5833],[131.27073,33.5833]]]}},{"type":"Feature","properties":{"A40_001":"大分県","A40_002":"44","A40_003":"0.3m以上 〜 1m未満"},"geometry":{"type":"Polygon","coordinates":[[[131.25985,33.58332],[131.25974,33.58323],[131.25974,33.58332],[131.25985,33.58332]]]}},{"type":"Feature","properties":{"A40_001":"大分県","A40_002":"44","A40_003":"0.3m未満"},"geometry":{"type":"Polygon","coordinates":[[[131.25683,33.58324],[131.25726,33.58333],[131.25726,33.58324],[131.25683,33.58324]]]}},{"type":"Feature","properties":{"A40_001":"大分県","A40_002":"44","A40_003":"0.3m未満"},"geometry":{"type":"Polygon","coordinates":[[[131.26588,33.5834],[131.26577,33.58331],[131.26577,33.5834],[131.26588,33.5834]]]}},{"type":"Feature","properties":{"A40_001":"大分県","A40_002":"44","A40_003":"0.3m以上 〜 1m未満"},"geometry":{"type":"Polygon","coordinates":[[[131.26577,33.5834],[131.26566,33.58331],[131.26566,33.5834],[131.26577,33.5834]]]}},{"type":"Feature","properties":{"A40_001":"大分県","A40_002":"44","A40_003":"1m以上 〜 2m未満"},"geometry":{"type":"Polygon","coordinates":[[[131.26006,33.58332],[131.25985,33.58341],[131.26006,33.58341],[131.26006,33.58332]]]}},{"type":"Feature","properties":{"A40_001":"大分県","A40_002":"44","A40_003":"0.3m以上 〜 1m未満"},"geometry":{"type":"Polygon","coordinates":[[[131.26513,33.58349],[131.26523,33.5834],[131.26512,33.58331],[131.26513,33.58349]]]}},{"type":"Feature","properties":{"A40_001":"大分県","A40_002":"44","A40_003":"0.3m未満"},"geometry":{"type":"Polygon","coordinates":[[[131.26545,33.58349],[131.26534,33.5834],[131.26534,33.58349],[131.26545,33.58349]]]}},{"type":"Feature","properties":{"A40_001":"大分県","A40_002":"44","A40_003":"0.3m未満"},"geometry":{"type":"Polygon","coordinates":[[[131.26028,33.5835],[131.26017,33.58341],[131.26017,33.5835],[131.26028,33.5835]]]}},{"type":"Feature","properties":{"A40_001":"大分県","A40_002":"44","A40_003":"2m以上 〜 3m未満"},"geometry":{"type":"Polygon","coordinates":[[[131.26006,33.5835],[131.25995,33.58341],[131.25995,33.5835],[131.26006,33.5835]]]}},{"type":"Feature","properties":{"A40_001":"大分県","A40_002":"44","A40_003":"0.3m以上 〜 1m未満"},"geometry":{"type":"Polygon","coordinates":[[[131.25995,33.5835],[131.25985,33.58341],[131.25985,33.5835],[131.25995,33.5835]]]}},{"type":"Feature","properties":{"A40_001":"大分県","A40_002":"44","A40_003":"1m以上 〜 2m未満"},"geometry":{"type":"Polygon","coordinates":[[[131.26157,33.58206],[131.2607,33.58215],[131.26082,33.58341],[131.26028,33.58305],[131.26049,33.58359],[131.25995,33.5835],[131.26028,33.58395],[131.26136,33.58431],[131.26114,33.58467],[131.26136,33.58494],[131.26523,33.58376],[131.26512,33.58214],[131.26447,33.58223],[131.26469,33.58313],[131.26459,33.58331],[131.26394,33.58214],[131.26307,33.58223],[131.26265,33.58296],[131.26308,33.58305],[131.26265,33.58323],[131.26157,33.58206]],[[131.26082,33.58404],[131.26093,33.58395],[131.26093,33.58404],[131.26082,33.58404]],[[131.26157,33.58458],[131.26168,33.58404],[131.26168,33.58458],[131.26157,33.58458]],[[131.26136,33.58485],[131.26147,33.58467],[131.26147,33.58485],[131.26136,33.58485]],[[131.262,33.58287],[131.26189,33.58278],[131.262,33.58278],[131.262,33.58287]]]}},{"type":"Feature","properties":{"A40_001":"大分県","A40_002":"44","A40_003":"0.3m以上 〜 1m未満"},"geometry":{"type":"Polygon","coordinates":[[[131.2661,33.58358],[131.26599,33.58349],[131.26599,33.58358],[131.2661,33.58358]]]}},{"type":"Feature","properties":{"A40_001":"大分県","A40_002":"44","A40_003":"0.3m以上 〜 1m未満"},"geometry":{"type":"Polygon","coordinates":[[[131.26513,33.58385],[131.26502,33.58376],[131.26502,33.58385],[131.26513,33.58385]]]}},{"type":"Feature","properties":{"A40_001":"大分県","A40_002":"44","A40_003":"0.3m以上 〜 1m未満"},"geometry":{"type":"Polygon","coordinates":[[[131.2647,33.58385],[131.26459,33.58376],[131.26459,33.58385],[131.2647,33.58385]]]}},{"type":"Feature","properties":{"A40_001":"大分県","A40_002":"44","A40_003":"0.3m以上 〜 1m未満"},"geometry":{"type":"Polygon","coordinates":[[[131.26028,33.58386],[131.26017,33.58377],[131.26017,33.58386],[131.26028,33.58386]]]}},{"type":"Feature","properties":{"A40_001":"大分県","A40_002":"44","A40_003":"0.3m未満"},"geometry":{"type":"Polygon","coordinates":[[[131.2648,33.58394],[131.2647,33.58385],[131.2647,33.58394],[131.2648,33.58394]]]}},{"type":"Feature","properties":{"A40_001":"大分県","A40_002":"44","A40_003":"0.3m以上 〜 1m未満"},"geometry":{"type":"Polygon","coordinates":[[[131.26459,33.58394],[131.26448,33.58385],[131.26448,33.58394],[131.26459,33.58394]]]}},{"type":"Feature","properties":{"A40_001":"大分県","A40_002":"44","A40_003":"1m以上 〜 2m未満"},"geometry":{"type":"Polygon","coordinates":[[[131.26513,33.58394],[131.26491,33.58403],[131.26513,33.58403],[131.26513,33.58394]]]}},{"type":"Feature","properties":{"A40_001":"大分県","A40_002":"44","A40_003":"1m以上 〜 2m未満"},"geometry":{"type":"Polygon","coordinates":[[[131.2648,33.58403],[131.2647,33.58394],[131.2647,33.58403],[131.2648,33.58403]]]}},{"type":"Feature","properties":{"A40_001":"大分県","A40_002":"44","A40_003":"0.3m未満"},"geometry":{"type":"Polygon","coordinates":[[[131.26437,33.58404],[131.26426,33.58395],[131.26426,33.58404],[131.26437,33.58404]]]}},{"type":"Feature","properties":{"A40_001":"大分県","A40_002":"44","A40_003":"0.3m以上 〜 1m未満"},"geometry":{"type":"Polygon","coordinates":[[[131.32,33.58246],[131.32,33.58165],[131.31985,33.58156],[131.31974,33.58237],[131.32,33.58246]]]}},{"type":"Feature","properties":{"A40_001":"大分県","A40_002":"44","A40_003":"1m以上 〜 2m未満"},"geometry":{"type":"Polygon","coordinates":[[[131.32,33.58219],[131.31996,33.58228],[131.32,33.58228],[131.32,33.58219]]]}},{"type":"Feature","properties":{"A40_001":"大分県","A40_002":"44","A40_003":"1m以上 〜 2m未満"},"geometry":{"type":"Polygon","coordinates":[[[131.31974,33.58174],[131.31953,33.58246],[131.32,33.58264],[131.31974,33.58174]]]}},{"type":"Feature","properties":{"A40_001":"大分県","A40_002":"44","A40_003":"2m以上 〜 3m未満"},"geometry":{"type":"Polygon","coordinates":[[[131.30196,33.58233],[131.30186,33.58215],[131.30175,33.58233],[131.30196,33.58233]]]}},{"type":"Feature","properties":{"A40_001":"大分県","A40_002":"44","A40_003":"0.3m以上 〜 1m未満"},"geometry":{"type":"Polygon","coordinates":[[[131.27536,33.58221],[131.27546,33.5823],[131.27546,33.58221],[131.27536,33.58221]]]}},{"type":"Feature","properties":{"A40_001":"大分県","A40_002":"44","A40_003":"0.3m未満"},"geometry":{"type":"Polygon","coordinates":[[[131.27525,33.58221],[131.27536,33.5823],[131.27536,33.58221],[131.27525,33.58221]]]}},{"type":"Feature","properties":{"A40_001":"大分県","A40_002":"44","A40_003":"1m以上 〜 2m未満"},"geometry":{"type":"Polygon","coordinates":[[[131.26975,33.58222],[131.26986,33.58231],[131.26986,33.58222],[131.26975,33.58222]]]}},{"type":"Feature","properties":{"A40_001":"大分県","A40_002":"44","A40_003":"0.3m未満"},"geometry":{"type":"Polygon","coordinates":[[[131.26846,33.58222],[131.26857,33.58231],[131.26857,33.58222],[131.26846,33.58222]]]}},{"type":"Feature","properties":{"A40_001":"大分県","A40_002":"44","A40_003":"0.3m以上 〜 1m未満"},"geometry":{"type":"Polygon","coordinates":[[[131.26846,33.58231],[131.26835,33.58222],[131.26835,33.58231],[131.26846,33.58231]]]}},{"type":"Feature","properties":{"A40_001":"大分県","A40_002":"44","A40_003":"1m以上 〜 2m未満"},"geometry":{"type":"Polygon","coordinates":[[[131.26846,33.58204],[131.26803,33.58213],[131.26803,33.5824],[131.26825,33.58249],[131.26846,33.58204]]]}},{"type":"Feature","properties":{"A40_001":"大分県","A40_002":"44","A40_003":"0.3m以上 〜 1m未満"},"geometry":{"type":"Polygon","coordinates":[[[131.30143,33.58224],[131.30153,33.58233],[131.30153,33.58224],[131.30143,33.58224]]]}},{"type":"Feature","properties":{"A40_001":"大分県","A40_002":"44","A40_003":"0.3m未満"},"geometry":{"type":"Polygon","coordinates":[[[131.26792,33.5824],[131.26771,33.58222],[131.26771,33.58241],[131.26792,33.5824]]]}},{"type":"Feature","properties":{"A40_001":"大分県","A40_002":"44","A40_003":"0.3m以上 〜 1m未満"},"geometry":{"type":"Polygon","coordinates":[[[131.27514,33.58239],[131.27536,33.5823],[131.27514,33.5823],[131.27514,33.58239]]]}},{"type":"Feature","properties":{"A40_001":"大分県","A40_002":"44","A40_003":"0.3m未満"},"geometry":{"type":"Polygon","coordinates":[[[131.27503,33.5823],[131.27514,33.58239],[131.27514,33.5823],[131.27503,33.5823]]]}},{"type":"Feature","properties":{"A40_001":"大分県","A40_002":"44","A40_003":"0.3m未満"},"geometry":{"type":"Polygon","coordinates":[[[131.27008,33.58231],[131.27019,33.5824],[131.27018,33.58231],[131.27008,33.58231]]]}},{"type":"Feature","properties":{"A40_001":"大分県","A40_002":"44","A40_003":"0.3m以上 〜 1m未満"},"geometry":{"type":"Polygon","coordinates":[[[131.26835,33.58249],[131.26825,33.58231],[131.26825,33.58249],[131.26835,33.58249]]]}},{"type":"Feature","properties":{"A40_001":"大分県","A40_002":"44","A40_003":"0.3m未満"},"geometry":{"type":"Polygon","coordinates":[[[131.27062,33.5824],[131.27072,33.58249],[131.27072,33.5824],[131.27062,33.5824]]]}},{"type":"Feature","properties":{"A40_001":"大分県","A40_002":"44","A40_003":"0.3m未満"},"geometry":{"type":"Polygon","coordinates":[[[131.27019,33.5824],[131.27029,33.58249],[131.27029,33.5824],[131.27019,33.5824]]]}},{"type":"Feature","properties":{"A40_001":"大分県","A40_002":"44","A40_003":"0.3m未満"},"geometry":{"type":"Polygon","coordinates":[[[131.26846,33.58249],[131.26835,33.5824],[131.26835,33.58249],[131.26846,33.58249]]]}},{"type":"Feature","properties":{"A40_001":"大分県","A40_002":"44","A40_003":"2m以上 〜 3m未満"},"geometry":{"type":"Polygon","coordinates":[[[131.30153,33.58242],[131.30164,33.58251],[131.30164,33.58242],[131.30153,33.58242]]]}},{"type":"Feature","properties":{"A40_001":"大分県","A40_002":"44","A40_003":"0.3m未満"},"geometry":{"type":"Polygon","coordinates":[[[131.30143,33.58242],[131.30153,33.58251],[131.30153,33.58242],[131.30143,33.58242]]]}},{"type":"Feature","properties":{"A40_001":"大分県","A40_002":"44","A40_003":"0.3m以上 〜 1m未満"},"geometry":{"type":"Polygon","coordinates":[[[131.3011,33.58242],[131.30121,33.58251],[131.30121,33.58242],[131.3011,33.58242]]]}},{"type":"Feature","properties":{"A40_001":"大分県","A40_002":"44","A40_003":"1m以上 〜 2m未満"},"geometry":{"type":"Polygon","coordinates":[[[131.301,33.58242],[131.3011,33.58251],[131.3011,33.58242],[131.301,33.58242]]]}},{"type":"Feature","properties":{"A40_001":"大分県","A40_002":"44","A40_003":"0.3m以上 〜 1m未満"},"geometry":{"type":"Polygon","coordinates":[[[131.30078,33.58242],[131.30089,33.58251],[131.30089,33.58242],[131.30078,33.58242]]]}},{"type":"Feature","properties":{"A40_001":"大分県","A40_002":"44","A40_003":"0.3m以上 〜 1m未満"},"geometry":{"type":"Polygon","coordinates":[[[131.27503,33.58257],[131.27493,33.58239],[131.27482,33.58257],[131.27503,33.58257]]]}},{"type":"Feature","properties":{"A40_001":"大分県","A40_002":"44","A40_003":"1m以上 〜 2m未満"},"geometry":{"type":"Polygon","coordinates":[[[131.27536,33.58266],[131.27482,33.58257],[131.27482,33.58266],[131.27536,33.58266]]]}},{"type":"Feature","properties":{"A40_001":"大分県","A40_002":"44","A40_003":"0.3m以上 〜 1m未満"},"geometry":{"type":"Polygon","coordinates":[[[131.27062,33.5824],[131.27029,33.58258],[131.27062,33.58267],[131.27062,33.5824]]]}},{"type":"Feature","properties":{"A40_001":"大分県","A40_002":"44","A40_003":"0.3m以上 〜 1m未満"},"geometry":{"type":"Polygon","coordinates":[[[131.26997,33.58249],[131.27008,33.58258],[131.27008,33.58249],[131.26997,33.58249]]]}},{"type":"Feature","properties":{"A40_001":"大分県","A40_002":"44","A40_003":"0.3m未満"},"geometry":{"type":"Polygon","coordinates":[[[131.26846,33.58249],[131.26857,33.58258],[131.26857,33.58249],[131.26846,33.58249]]]}},{"type":"Feature","properties":{"A40_001":"大分県","A40_002":"44","A40_003":"0.3m未満"},"geometry":{"type":"Polygon","coordinates":[[[131.26835,33.58258],[131.26825,33.58249],[131.26825,33.58258],[131.26835,33.58258]]]}},{"type":"Feature","properties":{"A40_001":"大分県","A40_002":"44","A40_003":"0.3m未満"},"geometry":{"type":"Polygon","coordinates":[[[131.30132,33.58251],[131.30143,33.5826],[131.30143,33.58251],[131.30132,33.58251]]]}},{"type":"Feature","properties":{"A40_001":"大分県","A40_002":"44","A40_003":"0.3m以上 〜 1m未満"},"geometry":{"type":"Polygon","coordinates":[[[131.27471,33.58257],[131.27482,33.58266],[131.27482,33.58257],[131.27471,33.58257]]]}},{"type":"Feature","properties":{"A40_001":"大分県","A40_002":"44","A40_003":"1m以上 〜 2m未満"},"geometry":{"type":"Polygon","coordinates":[[[131.26954,33.58258],[131.26965,33.58267],[131.26965,33.58258],[131.26954,33.58258]]]}},{"type":"Feature","properties":{"A40_001":"大分県","A40_002":"44","A40_003":"0.3m未満"},"geometry":{"type":"Polygon","coordinates":[[[131.30121,33.5826],[131.30132,33.58269],[131.30132,33.5826],[131.30121,33.5826]]]}},{"type":"Feature","properties":{"A40_001":"大分県","A40_002":"44","A40_003":"0.3m以上 〜 1m未満"},"geometry":{"type":"Polygon","coordinates":[[[131.26857,33.58258],[131.26846,33.58276],[131.26857,33.58276],[131.26857,33.58258]]]}},{"type":"Feature","properties":{"A40_001":"大分県","A40_002":"44","A40_003":"2m以上 〜 3m未満"},"geometry":{"type":"Polygon","coordinates":[[[131.301,33.5826],[131.30089,33.58278],[131.3011,33.58278],[131.301,33.5826]]]}},{"type":"Feature","properties":{"A40_001":"大分県","A40_002":"44","A40_003":"1m以上 〜 2m未満"},"geometry":{"type":"Polygon","coordinates":[[[131.27471,33.58266],[131.27482,33.58275],[131.27482,33.58266],[131.27471,33.58266]]]}},{"type":"Feature","properties":{"A40_001":"大分県","A40_002":"44","A40_003":"0.3m以上 〜 1m未満"},"geometry":{"type":"Polygon","coordinates":[[[131.2745,33.58275],[131.27471,33.58266],[131.2745,33.58266],[131.2745,33.58275]]]}},{"type":"Feature","properties":{"A40_001":"大分県","A40_002":"44","A40_003":"0.3m以上 〜 1m未満"},"geometry":{"type":"Polygon","coordinates":[[[131.27062,33.58267],[131.27072,33.58276],[131.27072,33.58267],[131.27062,33.58267]]]}},{"type":"Feature","properties":{"A40_001":"大分県","A40_002":"44","A40_003":"0.3m未満"},"geometry":{"type":"Polygon","coordinates":[[[131.26846,33.58267],[131.26836,33.58285],[131.26846,33.58285],[131.26846,33.58267]]]}},{"type":"Feature","properties":{"A40_001":"大分県","A40_002":"44","A40_003":"0.3m未満"},"geometry":{"type":"Polygon","coordinates":[[[131.26749,33.58286],[131.26738,33.58268],[131.26739,33.58286],[131.26749,33.58286]]]}},{"type":"Feature","properties":{"A40_001":"大分県","A40_002":"44","A40_003":"1m以上 〜 2m未満"},"geometry":{"type":"Polygon","coordinates":[[[131.2745,33.58275],[131.2746,33.58284],[131.2746,33.58275],[131.2745,33.58275]]]}},{"type":"Feature","properties":{"A40_001":"大分県","A40_002":"44","A40_003":"0.3m以上 〜 1m未満"},"geometry":{"type":"Polygon","coordinates":[[[131.27072,33.58276],[131.27083,33.58285],[131.27083,33.58276],[131.27072,33.58276]]]}},{"type":"Feature","properties":{"A40_001":"大分県","A40_002":"44","A40_003":"0.3m以上 〜 1m未満"},"geometry":{"type":"Polygon","coordinates":[[[131.27257,33.58573],[131.27224,33.58591],[131.27257,33.58609],[131.27257,33.58573]]]}},{"type":"Feature","properties":{"A40_001":"大分県","A40_002":"44","A40_003":"0.3m未満"},"geometry":{"type":"Polygon","coordinates":[[[131.27257,33.58591],[131.27278,33.586],[131.27278,33.58591],[131.27257,33.58591]]]}},{"type":"Feature","properties":{"A40_001":"大分県","A40_002":"44","A40_003":"0.3m以上 〜 1m未満"},"geometry":{"type":"Polygon","coordinates":[[[131.27084,33.58591],[131.27074,33.5861],[131.27084,33.5861],[131.27084,33.58591]]]}},{"type":"Feature","properties":{"A40_001":"大分県","A40_002":"44","A40_003":"0.3m未満"},"geometry":{"type":"Polygon","coordinates":[[[131.27235,33.586],[131.27246,33.58609],[131.27246,33.586],[131.27235,33.586]]]}},{"type":"Feature","properties":{"A40_001":"大分県","A40_002":"44","A40_003":"0.3m以上 〜 1m未満"},"geometry":{"type":"Polygon","coordinates":[[[131.27235,33.58609],[131.27246,33.58618],[131.27246,33.58609],[131.27235,33.58609]]]}},{"type":"Feature","properties":{"A40_001":"大分県","A40_002":"44","A40_003":"1m以上 〜 2m未満"},"geometry":{"type":"Polygon","coordinates":[[[131.27235,33.58654],[131.27289,33.58582],[131.27235,33.58618],[131.27235,33.58654]]]}},{"type":"Feature","properties":{"A40_001":"大分県","A40_002":"44","A40_003":"0.3m以上 〜 1m未満"},"geometry":{"type":"Polygon","coordinates":[[[131.27278,33.58618],[131.27289,33.58627],[131.27289,33.58618],[131.27278,33.58618]]]}},{"type":"Feature","properties":{"A40_001":"大分県","A40_002":"44","A40_003":"0.3m以上 〜 1m未満"},"geometry":{"type":"Polygon","coordinates":[[[131.27052,33.58619],[131.27074,33.58628],[131.27074,33.58619],[131.27052,33.58619]]]}},{"type":"Feature","properties":{"A40_001":"大分県","A40_002":"44","A40_003":"0.3m未満"},"geometry":{"type":"Polygon","coordinates":[[[131.27084,33.58637],[131.27074,33.58628],[131.2702,33.58646],[131.27084,33.58637]]]}},{"type":"Feature","properties":{"A40_001":"大分県","A40_002":"44","A40_003":"0.3m以上 〜 1m未満"},"geometry":{"type":"Polygon","coordinates":[[[131.273,33.58582],[131.27289,33.58645],[131.27343,33.58681],[131.27343,33.586],[131.273,33.58582]]]}},{"type":"Feature","properties":{"A40_001":"大分県","A40_002":"44","A40_003":"1m以上 〜 2m未満"},"geometry":{"type":"Polygon","coordinates":[[[131.27342,33.58338],[131.27353,33.58347],[131.27353,33.58338],[131.27342,33.58338]]]}},{"type":"Feature","properties":{"A40_001":"大分県","A40_002":"44","A40_003":"0.3m未満"},"geometry":{"type":"Polygon","coordinates":[[[131.27073,33.58339],[131.27083,33.58348],[131.27083,33.58339],[131.27073,33.58339]]]}},{"type":"Feature","properties":{"A40_001":"大分県","A40_002":"44","A40_003":"0.3m以上 〜 1m未満"},"geometry":{"type":"Polygon","coordinates":[[[131.27062,33.58339],[131.27073,33.58348],[131.27073,33.58339],[131.27062,33.58339]]]}},{"type":"Feature","properties":{"A40_001":"大分県","A40_002":"44","A40_003":"0.3m以上 〜 1m未満"},"geometry":{"type":"Polygon","coordinates":[[[131.26825,33.58358],[131.2676,33.5834],[131.26814,33.58385],[131.26825,33.58358]]]}},{"type":"Feature","properties":{"A40_001":"大分県","A40_002":"44","A40_003":"2m以上 〜 3m未満"},"geometry":{"type":"Polygon","coordinates":[[[131.27342,33.58347],[131.27353,33.58356],[131.27353,33.58347],[131.27342,33.58347]]]}},{"type":"Feature","properties":{"A40_001":"大分県","A40_002":"44","A40_003":"0.3m未満"},"geometry":{"type":"Polygon","coordinates":[[[131.27062,33.58348],[131.27073,33.58357],[131.27073,33.58348],[131.27062,33.58348]]]}},{"type":"Feature","properties":{"A40_001":"大分県","A40_002":"44","A40_003":"0.3m以上 〜 1m未満"},"geometry":{"type":"Polygon","coordinates":[[[131.27342,33.58347],[131.27331,33.58366],[131.27342,33.58365],[131.27342,33.58347]]]}},{"type":"Feature","properties":{"A40_001":"大分県","A40_002":"44","A40_003":"0.3m以上 〜 1m未満"},"geometry":{"type":"Polygon","coordinates":[[[131.27062,33.58348],[131.2704,33.58357],[131.2704,33.58375],[131.27062,33.58348]]]}},{"type":"Feature","properties":{"A40_001":"大分県","A40_002":"44","A40_003":"0.3m未満"},"geometry":{"type":"Polygon","coordinates":[[[131.26782,33.5834],[131.26771,33.58376],[131.26804,33.58394],[131.26803,33.58367],[131.26782,33.5834]]]}},{"type":"Feature","properties":{"A40_001":"大分県","A40_002":"44","A40_003":"1m以上 〜 2m未満"},"geometry":{"type":"Polygon","coordinates":[[[131.27342,33.58365],[131.27353,33.58374],[131.27353,33.58365],[131.27342,33.58365]]]}},{"type":"Feature","properties":{"A40_001":"大分県","A40_002":"44","A40_003":"0.3m未満"},"geometry":{"type":"Polygon","coordinates":[[[131.27051,33.58366],[131.27062,33.58375],[131.27062,33.58366],[131.27051,33.58366]]]}},{"type":"Feature","properties":{"A40_001":"大分県","A40_002":"44","A40_003":"0.3m以上 〜 1m未満"},"geometry":{"type":"Polygon","coordinates":[[[131.27342,33.58375],[131.27353,33.58384],[131.27353,33.58374],[131.27342,33.58375]]]}},{"type":"Feature","properties":{"A40_001":"大分県","A40_002":"44","A40_003":"0.3m以上 〜 1m未満"},"geometry":{"type":"Polygon","coordinates":[[[131.2703,33.58375],[131.27041,33.58384],[131.2704,33.58375],[131.2703,33.58375]]]}},{"type":"Feature","properties":{"A40_001":"大分県","A40_002":"44","A40_003":"0.3m未満"},"geometry":{"type":"Polygon","coordinates":[[[131.27019,33.58384],[131.2703,33.58393],[131.2703,33.58384],[131.27019,33.58384]]]}},{"type":"Feature","properties":{"A40_001":"大分県","A40_002":"44","A40_003":"0.3m以上 〜 1m未満"},"geometry":{"type":"Polygon","coordinates":[[[131.26901,33.58403],[131.26857,33.58385],[131.26857,33.58403],[131.26901,33.58403]]]}},{"type":"Feature","properties":{"A40_001":"大分県","A40_002":"44","A40_003":"0.3m未満"},"geometry":{"type":"Polygon","coordinates":[[[131.26857,33.58385],[131.26847,33.58403],[131.26857,33.58403],[131.26857,33.58385]]]}},{"type":"Feature","properties":{"A40_001":"大分県","A40_002":"44","A40_003":"0.3m未満"},"geometry":{"type":"Polygon","coordinates":[[[131.26793,33.58403],[131.26782,33.58394],[131.26782,33.58403],[131.26793,33.58403]]]}},{"type":"Feature","properties":{"A40_001":"大分県","A40_002":"44","A40_003":"0.3m未満"},"geometry":{"type":"Polygon","coordinates":[[[131.27019,33.58393],[131.27008,33.58411],[131.27019,33.58411],[131.27019,33.58393]]]}},{"type":"Feature","properties":{"A40_001":"大分県","A40_002":"44","A40_003":"0.3m以上 〜 1m未満"},"geometry":{"type":"Polygon","coordinates":[[[131.26954,33.58411],[131.26922,33.58393],[131.26922,33.58412],[131.26954,33.58411]]]}},{"type":"Feature","properties":{"A40_001":"大分県","A40_002":"44","A40_003":"0.3m以上 〜 1m未満"},"geometry":{"type":"Polygon","coordinates":[[[131.27364,33.58402],[131.27375,33.58411],[131.27375,33.58401],[131.27364,33.58402]]]}},{"type":"Feature","properties":{"A40_001":"大分県","A40_002":"44","A40_003":"0.3m以上 〜 1m未満"},"geometry":{"type":"Polygon","coordinates":[[[131.26426,33.58404],[131.26416,33.58395],[131.26416,33.58404],[131.26426,33.58404]]]}},{"type":"Feature","properties":{"A40_001":"大分県","A40_002":"44","A40_003":"0.3m以上 〜 1m未満"},"geometry":{"type":"Polygon","coordinates":[[[131.2606,33.58404],[131.26049,33.58395],[131.26049,33.58404],[131.2606,33.58404]]]}},{"type":"Feature","properties":{"A40_001":"大分県","A40_002":"44","A40_003":"0.3m以上 〜 1m未満"},"geometry":{"type":"Polygon","coordinates":[[[131.26416,33.58413],[131.26405,33.58404],[131.26405,33.58413],[131.26416,33.58413]]]}},{"type":"Feature","properties":{"A40_001":"大分県","A40_002":"44","A40_003":"0.3m以上 〜 1m未満"},"geometry":{"type":"Polygon","coordinates":[[[131.26394,33.58413],[131.26383,33.58404],[131.26383,33.58413],[131.26394,33.58413]]]}},{"type":"Feature","properties":{"A40_001":"大分県","A40_002":"44","A40_003":"2m以上 〜 3m未満"},"geometry":{"type":"Polygon","coordinates":[[[131.26556,33.58421],[131.26534,33.58412],[131.26534,33.58421],[131.26556,33.58421]]]}},{"type":"Feature","properties":{"A40_001":"大分県","A40_002":"44","A40_003":"1m以上 〜 2m未満"},"geometry":{"type":"Polygon","coordinates":[[[131.26459,33.58412],[131.26416,33.58422],[131.26459,33.58431],[131.26459,33.58412]]]}},{"type":"Feature","properties":{"A40_001":"大分県","A40_002":"44","A40_003":"0.3m未満"},"geometry":{"type":"Polygon","coordinates":[[[131.26394,33.58413],[131.26373,33.58422],[131.26394,33.58422],[131.26394,33.58413]]]}},{"type":"Feature","properties":{"A40_001":"大分県","A40_002":"44","A40_003":"0.3m未満"},"geometry":{"type":"Polygon","coordinates":[[[131.26362,33.58422],[131.26351,33.58413],[131.26351,33.58422],[131.26362,33.58422]]]}},{"type":"Feature","properties":{"A40_001":"大分県","A40_002":"44","A40_003":"0.3m以上 〜 1m未満"},"geometry":{"type":"Polygon","coordinates":[[[131.26351,33.58422],[131.2634,33.58413],[131.2634,33.58422],[131.26351,33.58422]]]}},{"type":"Feature","properties":{"A40_001":"大分県","A40_002":"44","A40_003":"0.3m以上 〜 1m未満"},"geometry":{"type":"Polygon","coordinates":[[[131.2648,33.58403],[131.2648,33.5844],[131.26545,33.58412],[131.26545,33.58403],[131.2648,33.58403]]]}},{"type":"Feature","properties":{"A40_001":"大分県","A40_002":"44","A40_003":"1m以上 〜 2m未満"},"geometry":{"type":"Polygon","coordinates":[[[131.26491,33.5843],[131.2648,33.58412],[131.2648,33.5843],[131.26491,33.5843]]]}},{"type":"Feature","properties":{"A40_001":"大分県","A40_002":"44","A40_003":"1m以上 〜 2m未満"},"geometry":{"type":"Polygon","coordinates":[[[131.26556,33.5843],[131.26534,33.58421],[131.26534,33.5843],[131.26556,33.5843]]]}},{"type":"Feature","properties":{"A40_001":"大分県","A40_002":"44","A40_003":"0.3m以上 〜 1m未満"},"geometry":{"type":"Polygon","coordinates":[[[131.2648,33.5843],[131.2647,33.58421],[131.2647,33.58431],[131.2648,33.5843]]]}},{"type":"Feature","properties":{"A40_001":"大分県","A40_002":"44","A40_003":"2m以上 〜 3m未満"},"geometry":{"type":"Polygon","coordinates":[[[131.2647,33.58431],[131.26459,33.58422],[131.26459,33.58431],[131.2647,33.58431]]]}},{"type":"Feature","properties":{"A40_001":"大分県","A40_002":"44","A40_003":"0.3m未満"},"geometry":{"type":"Polygon","coordinates":[[[131.26416,33.58431],[131.26405,33.58422],[131.26405,33.58431],[131.26416,33.58431]]]}},{"type":"Feature","properties":{"A40_001":"大分県","A40_002":"44","A40_003":"0.3m以上 〜 1m未満"},"geometry":{"type":"Polygon","coordinates":[[[131.26405,33.58431],[131.26394,33.58422],[131.26394,33.58431],[131.26405,33.58431]]]}},{"type":"Feature","properties":{"A40_001":"大分県","A40_002":"44","A40_003":"1m以上 〜 2m未満"},"geometry":{"type":"Polygon","coordinates":[[[131.26394,33.58431],[131.26373,33.58422],[131.26373,33.58431],[131.26394,33.58431]]]}},{"type":"Feature","properties":{"A40_001":"大分県","A40_002":"44","A40_003":"0.3m以上 〜 1m未満"},"geometry":{"type":"Polygon","coordinates":[[[131.2634,33.58431],[131.2633,33.58422],[131.2633,33.58431],[131.2634,33.58431]]]}},{"type":"Feature","properties":{"A40_001":"大分県","A40_002":"44","A40_003":"1m以上 〜 2m未満"},"geometry":{"type":"Polygon","coordinates":[[[131.26373,33.5844],[131.2634,33.58431],[131.2634,33.5844],[131.26373,33.5844]]]}},{"type":"Feature","properties":{"A40_001":"大分県","A40_002":"44","A40_003":"0.3m以上 〜 1m未満"},"geometry":{"type":"Polygon","coordinates":[[[131.26319,33.58422],[131.26297,33.5844],[131.26319,33.5844],[131.26319,33.58422]]]}},{"type":"Feature","properties":{"A40_001":"大分県","A40_002":"44","A40_003":"0.3m以上 〜 1m未満"},"geometry":{"type":"Polygon","coordinates":[[[131.26997,33.58402],[131.26987,33.5842],[131.26998,33.5842],[131.26997,33.58402]]]}},{"type":"Feature","properties":{"A40_001":"大分県","A40_002":"44","A40_003":"0.3m未満"},"geometry":{"type":"Polygon","coordinates":[[[131.26987,33.58402],[131.26976,33.5842],[131.26987,33.5842],[131.26987,33.58402]]]}},{"type":"Feature","properties":{"A40_001":"大分県","A40_002":"44","A40_003":"2m以上 〜 3m未満"},"geometry":{"type":"Polygon","coordinates":[[[131.26793,33.58421],[131.26782,33.58412],[131.26782,33.58421],[131.26793,33.58421]]]}},{"type":"Feature","properties":{"A40_001":"大分県","A40_002":"44","A40_003":"0.3m以上 〜 1m未満"},"geometry":{"type":"Polygon","coordinates":[[[131.27364,33.58411],[131.27353,33.58429],[131.27364,33.58429],[131.27364,33.58411]]]}},{"type":"Feature","properties":{"A40_001":"大分県","A40_002":"44","A40_003":"0.3m未満"},"geometry":{"type":"Polygon","coordinates":[[[131.27364,33.5842],[131.27375,33.58429],[131.27375,33.5842],[131.27364,33.5842]]]}},{"type":"Feature","properties":{"A40_001":"大分県","A40_002":"44","A40_003":"0.3m未満"},"geometry":{"type":"Polygon","coordinates":[[[131.26804,33.5843],[131.26793,33.58421],[131.26793,33.5843],[131.26804,33.5843]]]}},{"type":"Feature","properties":{"A40_001":"大分県","A40_002":"44","A40_003":"0.3m以上 〜 1m未満"},"geometry":{"type":"Polygon","coordinates":[[[131.27364,33.58429],[131.27375,33.58438],[131.27375,33.58429],[131.27364,33.58429]]]}},{"type":"Feature","properties":{"A40_001":"大分県","A40_002":"44","A40_003":"0.3m未満"},"geometry":{"type":"Polygon","coordinates":[[[131.26814,33.58448],[131.26804,33.5843],[131.26804,33.58448],[131.26814,33.58448]]]}},{"type":"Feature","properties":{"A40_001":"大分県","A40_002":"44","A40_003":"0.3m未満"},"geometry":{"type":"Polygon","coordinates":[[[131.27364,33.58447],[131.27385,33.58438],[131.27364,33.58438],[131.27364,33.58447]]]}},{"type":"Feature","properties":{"A40_001":"大分県","A40_002":"44","A40_003":"0.3m以上 〜 1m未満"},"geometry":{"type":"Polygon","coordinates":[[[131.27375,33.58447],[131.27385,33.58456],[131.27385,33.58447],[131.27375,33.58447]]]}},{"type":"Feature","properties":{"A40_001":"大分県","A40_002":"44","A40_003":"0.3m以上 〜 1m未満"},"geometry":{"type":"Polygon","coordinates":[[[131.26168,33.58404],[131.26136,33.58431],[131.26168,33.58458],[131.26168,33.58404]]]}},{"type":"Feature","properties":{"A40_001":"大分県","A40_002":"44","A40_003":"0.3m未満"},"geometry":{"type":"Polygon","coordinates":[[[131.26524,33.58439],[131.26513,33.5843],[131.26513,33.58439],[131.26524,33.58439]]]}},{"type":"Feature","properties":{"A40_001":"大分県","A40_002":"44","A40_003":"0.3m以上 〜 1m未満"},"geometry":{"type":"Polygon","coordinates":[[[131.26459,33.5844],[131.26448,33.58431],[131.26448,33.5844],[131.26459,33.5844]]]}},{"type":"Feature","properties":{"A40_001":"大分県","A40_002":"44","A40_003":"0.3m未満"},"geometry":{"type":"Polygon","coordinates":[[[131.26384,33.5844],[131.26373,33.58431],[131.26373,33.5844],[131.26384,33.5844]]]}},{"type":"Feature","properties":{"A40_001":"大分県","A40_002":"44","A40_003":"2m以上 〜 3m未満"},"geometry":{"type":"Polygon","coordinates":[[[131.2634,33.5844],[131.2633,33.58431],[131.2633,33.5844],[131.2634,33.5844]]]}},{"type":"Feature","properties":{"A40_001":"大分県","A40_002":"44","A40_003":"0.3m以上 〜 1m未満"},"geometry":{"type":"Polygon","coordinates":[[[131.26136,33.5844],[131.26125,33.58431],[131.26125,33.5844],[131.26136,33.5844]]]}},{"type":"Feature","properties":{"A40_001":"大分県","A40_002":"44","A40_003":"2m以上 〜 3m未満"},"geometry":{"type":"Polygon","coordinates":[[[131.26125,33.5844],[131.26114,33.58431],[131.26114,33.5844],[131.26125,33.5844]]]}},{"type":"Feature","properties":{"A40_001":"大分県","A40_002":"44","A40_003":"0.3m以上 〜 1m未満"},"geometry":{"type":"Polygon","coordinates":[[[131.26114,33.5844],[131.26103,33.58431],[131.26103,33.5844],[131.26114,33.5844]]]}},{"type":"Feature","properties":{"A40_001":"大分県","A40_002":"44","A40_003":"1m以上 〜 2m未満"},"geometry":{"type":"Polygon","coordinates":[[[131.2648,33.5843],[131.26459,33.58449],[131.2648,33.5844],[131.2648,33.5843]]]}},{"type":"Feature","properties":{"A40_001":"大分県","A40_002":"44","A40_003":"0.3m以上 〜 1m未満"},"geometry":{"type":"Polygon","coordinates":[[[131.26287,33.5844],[131.26276,33.58449],[131.26297,33.58449],[131.26287,33.5844]]]}},{"type":"Feature","properties":{"A40_001":"大分県","A40_002":"44","A40_003":"0.3m未満"},"geometry":{"type":"Polygon","coordinates":[[[131.26491,33.58448],[131.2648,33.5844],[131.2648,33.58449],[131.26491,33.58448]]]}},{"type":"Feature","properties":{"A40_001":"大分県","A40_002":"44","A40_003":"0.3m以上 〜 1m未満"},"geometry":{"type":"Polygon","coordinates":[[[131.2648,33.58449],[131.2647,33.5844],[131.2647,33.58449],[131.2648,33.58449]]]}},{"type":"Feature","properties":{"A40_001":"大分県","A40_002":"44","A40_003":"0.3m以上 〜 1m未満"},"geometry":{"type":"Polygon","coordinates":[[[131.2634,33.58449],[131.2633,33.5844],[131.2633,33.58449],[131.2634,33.58449]]]}},{"type":"Feature","properties":{"A40_001":"大分県","A40_002":"44","A40_003":"1m以上 〜 2m未満"},"geometry":{"type":"Polygon","coordinates":[[[131.2633,33.5844],[131.26308,33.58449],[131.2633,33.58449],[131.2633,33.5844]]]}},{"type":"Feature","properties":{"A40_001":"大分県","A40_002":"44","A40_003":"2m以上 〜 3m未満"},"geometry":{"type":"Polygon","coordinates":[[[131.26308,33.58449],[131.26297,33.5844],[131.26297,33.58449],[131.26308,33.58449]]]}},{"type":"Feature","properties":{"A40_001":"大分県","A40_002":"44","A40_003":"0.3m以上 〜 1m未満"},"geometry":{"type":"Polygon","coordinates":[[[131.26265,33.58449],[131.26254,33.5844],[131.26254,33.58449],[131.26265,33.58449]]]}},{"type":"Feature","properties":{"A40_001":"大分県","A40_002":"44","A40_003":"2m以上 〜 3m未満"},"geometry":{"type":"Polygon","coordinates":[[[131.26567,33.58457],[131.26556,33.58448],[131.26556,33.58457],[131.26567,33.58457]]]}},{"type":"Feature","properties":{"A40_001":"大分県","A40_002":"44","A40_003":"1m以上 〜 2m未満"},"geometry":{"type":"Polygon","coordinates":[[[131.26308,33.58449],[131.26276,33.58458],[131.26308,33.58458],[131.26308,33.58449]]]}},{"type":"Feature","properties":{"A40_001":"大分県","A40_002":"44","A40_003":"0.3m未満"},"geometry":{"type":"Polygon","coordinates":[[[131.26265,33.58458],[131.26254,33.58449],[131.26254,33.58458],[131.26265,33.58458]]]}},{"type":"Feature","properties":{"A40_001":"大分県","A40_002":"44","A40_003":"0.3m以上 〜 1m未満"},"geometry":{"type":"Polygon","coordinates":[[[131.26244,33.58458],[131.26233,33.58449],[131.26233,33.58458],[131.26244,33.58458]]]}},{"type":"Feature","properties":{"A40_001":"大分県","A40_002":"44","A40_003":"0.3m以上 〜 1m未満"},"geometry":{"type":"Polygon","coordinates":[[[131.26987,33.58456],[131.27008,33.58447],[131.26987,33.58447],[131.26987,33.58456]]]}},{"type":"Feature","properties":{"A40_001":"大分県","A40_002":"44","A40_003":"0.3m未満"},"geometry":{"type":"Polygon","coordinates":[[[131.26965,33.58456],[131.26987,33.58447],[131.26965,33.58447],[131.26965,33.58456]]]}},{"type":"Feature","properties":{"A40_001":"大分県","A40_002":"44","A40_003":"0.3m未満"},"geometry":{"type":"Polygon","coordinates":[[[131.26879,33.5843],[131.26814,33.58457],[131.26825,33.58493],[131.26965,33.58466],[131.26879,33.5843]]]}},{"type":"Feature","properties":{"A40_001":"大分県","A40_002":"44","A40_003":"0.3m以上 〜 1m未満"},"geometry":{"type":"Polygon","coordinates":[[[131.27008,33.58456],[131.27019,33.58465],[131.27019,33.58456],[131.27008,33.58456]]]}},{"type":"Feature","properties":{"A40_001":"大分県","A40_002":"44","A40_003":"1m以上 〜 2m未満"},"geometry":{"type":"Polygon","coordinates":[[[131.26987,33.58456],[131.26998,33.58465],[131.26998,33.58456],[131.26987,33.58456]]]}},{"type":"Feature","properties":{"A40_001":"大分県","A40_002":"44","A40_003":"0.3m以上 〜 1m未満"},"geometry":{"type":"Polygon","coordinates":[[[131.26965,33.58456],[131.26987,33.58465],[131.26987,33.58456],[131.26965,33.58456]]]}},{"type":"Feature","properties":{"A40_001":"大分県","A40_002":"44","A40_003":"0.3m以上 〜 1m未満"},"geometry":{"type":"Polygon","coordinates":[[[131.26868,33.58457],[131.26901,33.58466],[131.26901,33.58457],[131.26868,33.58457]]]}},{"type":"Feature","properties":{"A40_001":"大分県","A40_002":"44","A40_003":"0.3m以上 〜 1m未満"},"geometry":{"type":"Polygon","coordinates":[[[131.27396,33.58456],[131.27386,33.58474],[131.27396,33.58474],[131.27396,33.58456]]]}},{"type":"Feature","properties":{"A40_001":"大分県","A40_002":"44","A40_003":"0.3m以上 〜 1m未満"},"geometry":{"type":"Polygon","coordinates":[[[131.26944,33.58466],[131.26965,33.58475],[131.26965,33.58466],[131.26944,33.58466]]]}},{"type":"Feature","properties":{"A40_001":"大分県","A40_002":"44","A40_003":"1m以上 〜 2m未満"},"geometry":{"type":"Polygon","coordinates":[[[131.26868,33.58475],[131.2689,33.58466],[131.26868,33.58466],[131.26868,33.58475]]]}},{"type":"Feature","properties":{"A40_001":"大分県","A40_002":"44","A40_003":"0.3m以上 〜 1m未満"},"geometry":{"type":"Polygon","coordinates":[[[131.26287,33.58467],[131.26276,33.58458],[131.26276,33.58467],[131.26287,33.58467]]]}},{"type":"Feature","properties":{"A40_001":"大分県","A40_002":"44","A40_003":"1m以上 〜 2m未満"},"geometry":{"type":"Polygon","coordinates":[[[131.26276,33.58467],[131.26254,33.58458],[131.26254,33.58467],[131.26276,33.58467]]]}},{"type":"Feature","properties":{"A40_001":"大分県","A40_002":"44","A40_003":"0.3m以上 〜 1m未満"},"geometry":{"type":"Polygon","coordinates":[[[131.26222,33.58467],[131.26211,33.58458],[131.26211,33.58467],[131.26222,33.58467]]]}},{"type":"Feature","properties":{"A40_001":"大分県","A40_002":"44","A40_003":"0.3m以上 〜 1m未満"},"geometry":{"type":"Polygon","coordinates":[[[131.26254,33.58476],[131.26244,33.58467],[131.26244,33.58476],[131.26254,33.58476]]]}},{"type":"Feature","properties":{"A40_001":"大分県","A40_002":"44","A40_003":"3m以上 〜 4m未満"},"geometry":{"type":"Polygon","coordinates":[[[131.26222,33.58476],[131.26211,33.58467],[131.26211,33.58476],[131.26222,33.58476]]]}},{"type":"Feature","properties":{"A40_001":"大分県","A40_002":"44","A40_003":"0.3m以上 〜 1m未満"},"geometry":{"type":"Polygon","coordinates":[[[131.26211,33.58476],[131.262,33.58467],[131.262,33.58476],[131.26211,33.58476]]]}},{"type":"Feature","properties":{"A40_001":"大分県","A40_002":"44","A40_003":"0.3m以上 〜 1m未満"},"geometry":{"type":"Polygon","coordinates":[[[131.26147,33.58476],[131.26136,33.58467],[131.26136,33.58476],[131.26147,33.58476]]]}},{"type":"Feature","properties":{"A40_001":"大分県","A40_002":"44","A40_003":"0.3m以上 〜 1m未満"},"geometry":{"type":"Polygon","coordinates":[[[131.26233,33.58485],[131.26222,33.58476],[131.26222,33.58485],[131.26233,33.58485]]]}},{"type":"Feature","properties":{"A40_001":"大分県","A40_002":"44","A40_003":"2m以上 〜 3m未満"},"geometry":{"type":"Polygon","coordinates":[[[131.26222,33.58476],[131.26201,33.58485],[131.26222,33.58485],[131.26222,33.58476]]]}},{"type":"Feature","properties":{"A40_001":"大分県","A40_002":"44","A40_003":"0.3m以上 〜 1m未満"},"geometry":{"type":"Polygon","coordinates":[[[131.26179,33.58476],[131.26157,33.58485],[131.26179,33.58485],[131.26179,33.58476]]]}},{"type":"Feature","properties":{"A40_001":"大分県","A40_002":"44","A40_003":"0.3m以上 〜 1m未満"},"geometry":{"type":"Polygon","coordinates":[[[131.26847,33.58475],[131.26868,33.58466],[131.26847,33.58466],[131.26847,33.58475]]]}},{"type":"Feature","properties":{"A40_001":"大分県","A40_002":"44","A40_003":"0.3m以上 〜 1m未満"},"geometry":{"type":"Polygon","coordinates":[[[131.27019,33.58474],[131.2703,33.58483],[131.2703,33.58474],[131.27019,33.58474]]]}},{"type":"Feature","properties":{"A40_001":"大分県","A40_002":"44","A40_003":"0.3m未満"},"geometry":{"type":"Polygon","coordinates":[[[131.27407,33.58474],[131.27396,33.58492],[131.27407,33.58492],[131.27407,33.58474]]]}},{"type":"Feature","properties":{"A40_001":"大分県","A40_002":"44","A40_003":"1m以上 〜 2m未満"},"geometry":{"type":"Polygon","coordinates":[[[131.26901,33.58484],[131.26912,33.58493],[131.26912,33.58484],[131.26901,33.58484]]]}},{"type":"Feature","properties":{"A40_001":"大分県","A40_002":"44","A40_003":"2m以上 〜 3m未満"},"geometry":{"type":"Polygon","coordinates":[[[131.26847,33.58484],[131.26858,33.58493],[131.26858,33.58484],[131.26847,33.58484]]]}},{"type":"Feature","properties":{"A40_001":"大分県","A40_002":"44","A40_003":"0.3m以上 〜 1m未満"},"geometry":{"type":"Polygon","coordinates":[[[131.26836,33.58502],[131.26825,33.58493],[131.26825,33.58502],[131.26836,33.58502]]]}},{"type":"Feature","properties":{"A40_001":"大分県","A40_002":"44","A40_003":"0.3m未満"},"geometry":{"type":"Polygon","coordinates":[[[131.27418,33.58492],[131.27407,33.5851],[131.27418,33.5851],[131.27418,33.58492]]]}},{"type":"Feature","properties":{"A40_001":"大分県","A40_002":"44","A40_003":"0.3m以上 〜 1m未満"},"geometry":{"type":"Polygon","coordinates":[[[131.2703,33.58501],[131.27041,33.5851],[131.27041,33.58501],[131.2703,33.58501]]]}},{"type":"Feature","properties":{"A40_001":"大分県","A40_002":"44","A40_003":"0.3m未満"},"geometry":{"type":"Polygon","coordinates":[[[131.26987,33.58438],[131.27041,33.58528],[131.26944,33.58574],[131.27073,33.58564],[131.27041,33.58438],[131.26987,33.58438]]]}},{"type":"Feature","properties":{"A40_001":"大分県","A40_002":"44","A40_003":"0.3m未満"},"geometry":{"type":"Polygon","coordinates":[[[131.26847,33.5852],[131.26836,33.58502],[131.26836,33.5852],[131.26847,33.5852]]]}},{"type":"Feature","properties":{"A40_001":"大分県","A40_002":"44","A40_003":"0.3m以上 〜 1m未満"},"geometry":{"type":"Polygon","coordinates":[[[131.27418,33.5851],[131.27386,33.5851],[131.27418,33.58528],[131.27418,33.5851]]]}},{"type":"Feature","properties":{"A40_001":"大分県","A40_002":"44","A40_003":"0.3m以上 〜 1m未満"},"geometry":{"type":"Polygon","coordinates":[[[131.27364,33.5851],[131.27375,33.58519],[131.27375,33.5851],[131.27364,33.5851]]]}},{"type":"Feature","properties":{"A40_001":"大分県","A40_002":"44","A40_003":"1m以上 〜 2m未満"},"geometry":{"type":"Polygon","coordinates":[[[131.2703,33.5851],[131.27041,33.58519],[131.27041,33.5851],[131.2703,33.5851]]]}},{"type":"Feature","properties":{"A40_001":"大分県","A40_002":"44","A40_003":"1m以上 〜 2m未満"},"geometry":{"type":"Polygon","coordinates":[[[131.27386,33.5851],[131.27375,33.58528],[131.27386,33.58528],[131.27386,33.5851]]]}},{"type":"Feature","properties":{"A40_001":"大分県","A40_002":"44","A40_003":"0.3m未満"},"geometry":{"type":"Polygon","coordinates":[[[131.27343,33.58519],[131.27353,33.58528],[131.27353,33.58519],[131.27343,33.58519]]]}},{"type":"Feature","properties":{"A40_001":"大分県","A40_002":"44","A40_003":"0.3m以上 〜 1m未満"},"geometry":{"type":"Polygon","coordinates":[[[131.2703,33.58519],[131.27041,33.58528],[131.27041,33.58519],[131.2703,33.58519]]]}},{"type":"Feature","properties":{"A40_001":"大分県","A40_002":"44","A40_003":"1m以上 〜 2m未満"},"geometry":{"type":"Polygon","coordinates":[[[131.27019,33.58519],[131.2703,33.58528],[131.2703,33.58519],[131.27019,33.58519]]]}},{"type":"Feature","properties":{"A40_001":"大分県","A40_002":"44","A40_003":"1m以上 〜 2m未満"},"geometry":{"type":"Polygon","coordinates":[[[131.26847,33.58529],[131.26836,33.5852],[131.26836,33.58529],[131.26847,33.58529]]]}},{"type":"Feature","properties":{"A40_001":"大分県","A40_002":"44","A40_003":"0.3m以上 〜 1m未満"},"geometry":{"type":"Polygon","coordinates":[[[131.27364,33.58519],[131.27353,33.58537],[131.27364,33.58537],[131.27364,33.58519]]]}},{"type":"Feature","properties":{"A40_001":"大分県","A40_002":"44","A40_003":"1m以上 〜 2m未満"},"geometry":{"type":"Polygon","coordinates":[[[131.27396,33.58528],[131.27407,33.58537],[131.27407,33.58528],[131.27396,33.58528]]]}},{"type":"Feature","properties":{"A40_001":"大分県","A40_002":"44","A40_003":"1m以上 〜 2m未満"},"geometry":{"type":"Polygon","coordinates":[[[131.26578,33.58493],[131.26567,33.58484],[131.26567,33.58493],[131.26578,33.58493]]]}},{"type":"Feature","properties":{"A40_001":"大分県","A40_002":"44","A40_003":"0.3m未満"},"geometry":{"type":"Polygon","coordinates":[[[131.26211,33.58494],[131.26201,33.58485],[131.26201,33.58494],[131.26211,33.58494]]]}},{"type":"Feature","properties":{"A40_001":"大分県","A40_002":"44","A40_003":"1m以上 〜 2m未満"},"geometry":{"type":"Polygon","coordinates":[[[131.26201,33.58494],[131.2619,33.58485],[131.2619,33.58494],[131.26201,33.58494]]]}},{"type":"Feature","properties":{"A40_001":"大分県","A40_002":"44","A40_003":"2m以上 〜 3m未満"},"geometry":{"type":"Polygon","coordinates":[[[131.2619,33.58485],[131.26168,33.58494],[131.2619,33.58494],[131.2619,33.58485]]]}},{"type":"Feature","properties":{"A40_001":"大分県","A40_002":"44","A40_003":"0.3m未満"},"geometry":{"type":"Polygon","coordinates":[[[131.26578,33.58502],[131.26567,33.58493],[131.26567,33.58502],[131.26578,33.58502]]]}},{"type":"Feature","properties":{"A40_001":"大分県","A40_002":"44","A40_003":"0.3m以上 〜 1m未満"},"geometry":{"type":"Polygon","coordinates":[[[131.26179,33.58503],[131.26168,33.58494],[131.26168,33.58503],[131.26179,33.58503]]]}},{"type":"Feature","properties":{"A40_001":"大分県","A40_002":"44","A40_003":"1m以上 〜 2m未満"},"geometry":{"type":"Polygon","coordinates":[[[131.26168,33.58503],[131.26157,33.58494],[131.26157,33.58503],[131.26168,33.58503]]]}},{"type":"Feature","properties":{"A40_001":"大分県","A40_002":"44","A40_003":"0.3m以上 〜 1m未満"},"geometry":{"type":"Polygon","coordinates":[[[131.26157,33.58503],[131.26147,33.58494],[131.26147,33.58503],[131.26157,33.58503]]]}},{"type":"Feature","properties":{"A40_001":"大分県","A40_002":"44","A40_003":"0.3m以上 〜 1m未満"},"geometry":{"type":"Polygon","coordinates":[[[131.26588,33.5852],[131.26578,33.58511],[131.26578,33.5852],[131.26588,33.5852]]]}},{"type":"Feature","properties":{"A40_001":"大分県","A40_002":"44","A40_003":"2m以上 〜 3m未満"},"geometry":{"type":"Polygon","coordinates":[[[131.2661,33.58574],[131.26599,33.58556],[131.26599,33.58574],[131.2661,33.58574]]]}},{"type":"Feature","properties":{"A40_001":"大分県","A40_002":"44","A40_003":"0.3m以上 〜 1m未満"},"geometry":{"type":"Polygon","coordinates":[[[131.27375,33.58528],[131.27396,33.58537],[131.27396,33.58528],[131.27375,33.58528]]]}},{"type":"Feature","properties":{"A40_001":"大分県","A40_002":"44","A40_003":"0.3m未満"},"geometry":{"type":"Polygon","coordinates":[[[131.27364,33.58519],[131.27375,33.58546],[131.27375,33.58519],[131.27364,33.58519]]]}},{"type":"Feature","properties":{"A40_001":"大分県","A40_002":"44","A40_003":"0.3m以上 〜 1m未満"},"geometry":{"type":"Polygon","coordinates":[[[131.27343,33.58528],[131.27332,33.58546],[131.27343,33.58546],[131.27343,33.58528]]]}},{"type":"Feature","properties":{"A40_001":"大分県","A40_002":"44","A40_003":"0.3m以上 〜 1m未満"},"geometry":{"type":"Polygon","coordinates":[[[131.26987,33.58538],[131.26998,33.58547],[131.26998,33.58538],[131.26987,33.58538]]]}},{"type":"Feature","properties":{"A40_001":"大分県","A40_002":"44","A40_003":"0.3m未満"},"geometry":{"type":"Polygon","coordinates":[[[131.27332,33.58537],[131.27321,33.58555],[131.27332,33.58555],[131.27332,33.58537]]]}},{"type":"Feature","properties":{"A40_001":"大分県","A40_002":"44","A40_003":"0.3m以上 〜 1m未満"},"geometry":{"type":"Polygon","coordinates":[[[131.27353,33.58546],[131.27364,33.58555],[131.27364,33.58546],[131.27353,33.58546]]]}},{"type":"Feature","properties":{"A40_001":"大分県","A40_002":"44","A40_003":"0.3m以上 〜 1m未満"},"geometry":{"type":"Polygon","coordinates":[[[131.27321,33.58537],[131.273,33.58546],[131.273,33.58564],[131.27321,33.58537]]]}},{"type":"Feature","properties":{"A40_001":"大分県","A40_002":"44","A40_003":"0.3m以上 〜 1m未満"},"geometry":{"type":"Polygon","coordinates":[[[131.27019,33.58547],[131.2703,33.58556],[131.2703,33.58547],[131.27019,33.58547]]]}},{"type":"Feature","properties":{"A40_001":"大分県","A40_002":"44","A40_003":"0.3m以上 〜 1m未満"},"geometry":{"type":"Polygon","coordinates":[[[131.26955,33.58547],[131.26966,33.58556],[131.26966,33.58547],[131.26955,33.58547]]]}},{"type":"Feature","properties":{"A40_001":"大分県","A40_002":"44","A40_003":"0.3m以上 〜 1m未満"},"geometry":{"type":"Polygon","coordinates":[[[131.27063,33.58546],[131.27052,33.58565],[131.27063,33.58564],[131.27063,33.58546]]]}},{"type":"Feature","properties":{"A40_001":"大分県","A40_002":"44","A40_003":"1m以上 〜 2m未満"},"geometry":{"type":"Polygon","coordinates":[[[131.27343,33.58555],[131.27353,33.58564],[131.27353,33.58555],[131.27343,33.58555]]]}},{"type":"Feature","properties":{"A40_001":"大分県","A40_002":"44","A40_003":"0.3m以上 〜 1m未満"},"geometry":{"type":"Polygon","coordinates":[[[131.27332,33.58555],[131.27343,33.58564],[131.27343,33.58555],[131.27332,33.58555]]]}},{"type":"Feature","properties":{"A40_001":"大分県","A40_002":"44","A40_003":"1m以上 〜 2m未満"},"geometry":{"type":"Polygon","coordinates":[[[131.27009,33.58556],[131.2702,33.58565],[131.27019,33.58556],[131.27009,33.58556]]]}},{"type":"Feature","properties":{"A40_001":"大分県","A40_002":"44","A40_003":"0.3m以上 〜 1m未満"},"geometry":{"type":"Polygon","coordinates":[[[131.26987,33.58556],[131.27009,33.58565],[131.27009,33.58556],[131.26987,33.58556]]]}},{"type":"Feature","properties":{"A40_001":"大分県","A40_002":"44","A40_003":"0.3m以上 〜 1m未満"},"geometry":{"type":"Polygon","coordinates":[[[131.27321,33.58564],[131.27332,33.58573],[131.27332,33.58564],[131.27321,33.58564]]]}},{"type":"Feature","properties":{"A40_001":"大分県","A40_002":"44","A40_003":"0.3m未満"},"geometry":{"type":"Polygon","coordinates":[[[131.273,33.58573],[131.27321,33.58564],[131.273,33.58564],[131.273,33.58573]]]}},{"type":"Feature","properties":{"A40_001":"大分県","A40_002":"44","A40_003":"1m以上 〜 2m未満"},"geometry":{"type":"Polygon","coordinates":[[[131.26966,33.58565],[131.26976,33.58574],[131.26976,33.58565],[131.26966,33.58565]]]}},{"type":"Feature","properties":{"A40_001":"大分県","A40_002":"44","A40_003":"0.3m以上 〜 1m未満"},"geometry":{"type":"Polygon","coordinates":[[[131.27073,33.58564],[131.27063,33.58583],[131.27073,33.58582],[131.27073,33.58564]]]}},{"type":"Feature","properties":{"A40_001":"大分県","A40_002":"44","A40_003":"1m以上 〜 2m未満"},"geometry":{"type":"Polygon","coordinates":[[[131.27343,33.58564],[131.27321,33.58573],[131.27321,33.58591],[131.27343,33.58564]]]}},{"type":"Feature","properties":{"A40_001":"大分県","A40_002":"44","A40_003":"0.3m未満"},"geometry":{"type":"Polygon","coordinates":[[[131.27073,33.58573],[131.27084,33.58591],[131.27095,33.58573],[131.27073,33.58573]]]}},{"type":"Feature","properties":{"A40_001":"大分県","A40_002":"44","A40_003":"0.3m以上 〜 1m未満"},"geometry":{"type":"Polygon","coordinates":[[[131.27031,33.58637],[131.27052,33.58628],[131.2703,33.58628],[131.27031,33.58637]]]}},{"type":"Feature","properties":{"A40_001":"大分県","A40_002":"44","A40_003":"1m以上 〜 2m未満"},"geometry":{"type":"Polygon","coordinates":[[[131.27289,33.58627],[131.27278,33.58645],[131.27289,33.58645],[131.27289,33.58627]]]}},{"type":"Feature","properties":{"A40_001":"大分県","A40_002":"44","A40_003":"0.3m以上 〜 1m未満"},"geometry":{"type":"Polygon","coordinates":[[[131.26998,33.58646],[131.2702,33.58637],[131.26998,33.58637],[131.26998,33.58646]]]}},{"type":"Feature","properties":{"A40_001":"大分県","A40_002":"44","A40_003":"2m以上 〜 3m未満"},"geometry":{"type":"Polygon","coordinates":[[[131.27278,33.58627],[131.27257,33.58672],[131.27289,33.58663],[131.27278,33.58627]]]}},{"type":"Feature","properties":{"A40_001":"大分県","A40_002":"44","A40_003":"0.3m未満"},"geometry":{"type":"Polygon","coordinates":[[[131.27235,33.58627],[131.27225,33.58672],[131.27235,33.58672],[131.27235,33.58627]]]}},{"type":"Feature","properties":{"A40_001":"大分県","A40_002":"44","A40_003":"0.3m未満"},"geometry":{"type":"Polygon","coordinates":[[[131.26987,33.58655],[131.2702,33.58646],[131.26987,33.58646],[131.26987,33.58655]]]}},{"type":"Feature","properties":{"A40_001":"大分県","A40_002":"44","A40_003":"0.3m以上 〜 1m未満"},"geometry":{"type":"Polygon","coordinates":[[[131.26977,33.58646],[131.26987,33.58655],[131.26987,33.58646],[131.26977,33.58646]]]}},{"type":"Feature","properties":{"A40_001":"大分県","A40_002":"44","A40_003":"0.3m未満"},"geometry":{"type":"Polygon","coordinates":[[[131.27332,33.58654],[131.27322,33.58672],[131.27332,33.58672],[131.27332,33.58654]]]}},{"type":"Feature","properties":{"A40_001":"大分県","A40_002":"44","A40_003":"0.3m以上 〜 1m未満"},"geometry":{"type":"Polygon","coordinates":[[[131.27246,33.58654],[131.27235,33.58672],[131.27246,33.58672],[131.27246,33.58654]]]}},{"type":"Feature","properties":{"A40_001":"大分県","A40_002":"44","A40_003":"0.3m未満"},"geometry":{"type":"Polygon","coordinates":[[[131.26977,33.58655],[131.26966,33.58673],[131.26977,33.58673],[131.26977,33.58655]]]}},{"type":"Feature","properties":{"A40_001":"大分県","A40_002":"44","A40_003":"1m以上 〜 2m未満"},"geometry":{"type":"Polygon","coordinates":[[[131.27246,33.58672],[131.27279,33.58753],[131.27332,33.5869],[131.27311,33.58753],[131.27333,33.58753],[131.27365,33.58672],[131.27354,33.58591],[131.27343,33.58681],[131.273,33.58645],[131.27246,33.58672]]]}},{"type":"Feature","properties":{"A40_001":"大分県","A40_002":"44","A40_003":"0.3m未満"},"geometry":{"type":"Polygon","coordinates":[[[131.27235,33.58672],[131.27246,33.58681],[131.27246,33.58672],[131.27235,33.58672]]]}},{"type":"Feature","properties":{"A40_001":"大分県","A40_002":"44","A40_003":"2m以上 〜 3m未満"},"geometry":{"type":"Polygon","coordinates":[[[131.26912,33.58673],[131.26923,33.58682],[131.26923,33.58673],[131.26912,33.58673]]]}},{"type":"Feature","properties":{"A40_001":"大分県","A40_002":"44","A40_003":"0.3m以上 〜 1m未満"},"geometry":{"type":"Polygon","coordinates":[[[131.27246,33.5869],[131.27257,33.58699],[131.27257,33.5869],[131.27246,33.5869]]]}},{"type":"Feature","properties":{"A40_001":"大分県","A40_002":"44","A40_003":"0.3m未満"},"geometry":{"type":"Polygon","coordinates":[[[131.26977,33.58691],[131.26988,33.587],[131.26988,33.58691],[131.26977,33.58691]]]}},{"type":"Feature","properties":{"A40_001":"大分県","A40_002":"44","A40_003":"2m以上 〜 3m未満"},"geometry":{"type":"Polygon","coordinates":[[[131.26966,33.587],[131.26977,33.58709],[131.26977,33.587],[131.26966,33.587]]]}},{"type":"Feature","properties":{"A40_001":"大分県","A40_002":"44","A40_003":"0.3m未満"},"geometry":{"type":"Polygon","coordinates":[[[131.26945,33.58709],[131.26955,33.58718],[131.26955,33.58709],[131.26945,33.58709]]]}},{"type":"Feature","properties":{"A40_001":"大分県","A40_002":"44","A40_003":"2m以上 〜 3m未満"},"geometry":{"type":"Polygon","coordinates":[[[131.26934,33.58709],[131.26945,33.58718],[131.26945,33.58709],[131.26934,33.58709]]]}},{"type":"Feature","properties":{"A40_001":"大分県","A40_002":"44","A40_003":"0.3m以上 〜 1m未満"},"geometry":{"type":"Polygon","coordinates":[[[131.27332,33.58726],[131.27322,33.58717],[131.273,33.58753],[131.27332,33.58726]]]}},{"type":"Feature","properties":{"A40_001":"大分県","A40_002":"44","A40_003":"0.3m以上 〜 1m未満"},"geometry":{"type":"Polygon","coordinates":[[[131.26934,33.58718],[131.26945,33.58727],[131.26945,33.58718],[131.26934,33.58718]]]}},{"type":"Feature","properties":{"A40_001":"大分県","A40_002":"44","A40_003":"0.3m以上 〜 1m未満"},"geometry":{"type":"Polygon","coordinates":[[[131.27268,33.58717],[131.27257,33.58735],[131.27268,33.58735],[131.27268,33.58717]]]}},{"type":"Feature","properties":{"A40_001":"大分県","A40_002":"44","A40_003":"1m以上 〜 2m未満"},"geometry":{"type":"Polygon","coordinates":[[[131.26934,33.58736],[131.26945,33.58745],[131.26945,33.58736],[131.26934,33.58736]]]}},{"type":"Feature","properties":{"A40_001":"大分県","A40_002":"44","A40_003":"0.3m未満"},"geometry":{"type":"Polygon","coordinates":[[[131.27289,33.58744],[131.273,33.58753],[131.273,33.58744],[131.27289,33.58744]]]}},{"type":"Feature","properties":{"A40_001":"大分県","A40_002":"44","A40_003":"0.3m未満"},"geometry":{"type":"Polygon","coordinates":[[[131.26945,33.58745],[131.26955,33.58754],[131.26955,33.58745],[131.26945,33.58745]]]}},{"type":"Feature","properties":{"A40_001":"大分県","A40_002":"44","A40_003":"1m以上 〜 2m未満"},"geometry":{"type":"Polygon","coordinates":[[[131.273,33.58753],[131.27311,33.58762],[131.27311,33.58753],[131.273,33.58753]]]}},{"type":"Feature","properties":{"A40_001":"大分県","A40_002":"44","A40_003":"0.3m以上 〜 1m未満"},"geometry":{"type":"Polygon","coordinates":[[[131.26945,33.58754],[131.26955,33.58763],[131.26955,33.58754],[131.26945,33.58754]]]}},{"type":"Feature","properties":{"A40_001":"大分県","A40_002":"44","A40_003":"1m以上 〜 2m未満"},"geometry":{"type":"Polygon","coordinates":[[[131.27289,33.58762],[131.273,33.58771],[131.273,33.58762],[131.27289,33.58762]]]}},{"type":"Feature","properties":{"A40_001":"大分県","A40_002":"44","A40_003":"1m以上 〜 2m未満"},"geometry":{"type":"Polygon","coordinates":[[[131.27279,33.58771],[131.2729,33.5878],[131.2729,33.58771],[131.27279,33.58771]]]}},{"type":"Feature","properties":{"A40_001":"大分県","A40_002":"44","A40_003":"0.3m以上 〜 1m未満"},"geometry":{"type":"Polygon","coordinates":[[[131.27268,33.58771],[131.27279,33.5878],[131.27279,33.58771],[131.27268,33.58771]]]}},{"type":"Feature","properties":{"A40_001":"大分県","A40_002":"44","A40_003":"0.3m未満"},"geometry":{"type":"Polygon","coordinates":[[[131.27214,33.58772],[131.27225,33.58781],[131.27225,33.58772],[131.27214,33.58772]]]}},{"type":"Feature","properties":{"A40_001":"大分県","A40_002":"44","A40_003":"0.3m以上 〜 1m未満"},"geometry":{"type":"Polygon","coordinates":[[[131.27182,33.58781],[131.27214,33.58772],[131.27182,33.58772],[131.27182,33.58781]]]}},{"type":"Feature","properties":{"A40_001":"大分県","A40_002":"44","A40_003":"0.3m未満"},"geometry":{"type":"Polygon","coordinates":[[[131.27171,33.58772],[131.27182,33.58781],[131.27182,33.58772],[131.27171,33.58772]]]}},{"type":"Feature","properties":{"A40_001":"大分県","A40_002":"44","A40_003":"0.3m以上 〜 1m未満"},"geometry":{"type":"Polygon","coordinates":[[[131.26956,33.58772],[131.26966,33.58781],[131.26966,33.58772],[131.26956,33.58772]]]}},{"type":"Feature","properties":{"A40_001":"大分県","A40_002":"44","A40_003":"0.3m以上 〜 1m未満"},"geometry":{"type":"Polygon","coordinates":[[[131.27257,33.5878],[131.27268,33.58789],[131.27268,33.5878],[131.27257,33.5878]]]}},{"type":"Feature","properties":{"A40_001":"大分県","A40_002":"44","A40_003":"0.3m未満"},"geometry":{"type":"Polygon","coordinates":[[[131.27246,33.5878],[131.27257,33.58789],[131.27257,33.5878],[131.27246,33.5878]]]}},{"type":"Feature","properties":{"A40_001":"大分県","A40_002":"44","A40_003":"0.3m以上 〜 1m未満"},"geometry":{"type":"Polygon","coordinates":[[[131.27225,33.5879],[131.27246,33.5878],[131.27225,33.58781],[131.27225,33.5879]]]}},{"type":"Feature","properties":{"A40_001":"大分県","A40_002":"44","A40_003":"0.3m以上 〜 1m未満"},"geometry":{"type":"Polygon","coordinates":[[[131.2715,33.5879],[131.27171,33.58781],[131.27149,33.58781],[131.2715,33.5879]]]}},{"type":"Feature","properties":{"A40_001":"大分県","A40_002":"44","A40_003":"1m以上 〜 2m未満"},"geometry":{"type":"Polygon","coordinates":[[[131.2715,33.58799],[131.27225,33.58781],[131.27171,33.58781],[131.2715,33.58799]]]}},{"type":"Feature","properties":{"A40_001":"大分県","A40_002":"44","A40_003":"1m以上 〜 2m未満"},"geometry":{"type":"Polygon","coordinates":[[[131.27225,33.58799],[131.27246,33.58789],[131.27225,33.5879],[131.27225,33.58799]]]}},{"type":"Feature","properties":{"A40_001":"大分県","A40_002":"44","A40_003":"0.3m以上 〜 1m未満"},"geometry":{"type":"Polygon","coordinates":[[[131.27128,33.5879],[131.2715,33.58799],[131.2715,33.5879],[131.27128,33.5879]]]}},{"type":"Feature","properties":{"A40_001":"大分県","A40_002":"44","A40_003":"1m以上 〜 2m未満"},"geometry":{"type":"Polygon","coordinates":[[[131.2661,33.58583],[131.26599,33.58574],[131.26599,33.58584],[131.2661,33.58583]]]}},{"type":"Feature","properties":{"A40_001":"大分県","A40_002":"44","A40_003":"0.3m以上 〜 1m未満"},"geometry":{"type":"Polygon","coordinates":[[[131.26621,33.5862],[131.2661,33.58611],[131.2661,33.5862],[131.26621,33.5862]]]}},{"type":"Feature","properties":{"A40_001":"大分県","A40_002":"44","A40_003":"1m以上 〜 2m未満"},"geometry":{"type":"Polygon","coordinates":[[[131.26643,33.58683],[131.26632,33.58674],[131.26632,33.58683],[131.26643,33.58683]]]}},{"type":"Feature","properties":{"A40_001":"大分県","A40_002":"44","A40_003":"1m以上 〜 2m未満"},"geometry":{"type":"Polygon","coordinates":[[[131.26654,33.58719],[131.26643,33.5871],[131.26643,33.58719],[131.26654,33.58719]]]}},{"type":"Feature","properties":{"A40_001":"大分県","A40_002":"44","A40_003":"0.3m未満"},"geometry":{"type":"Polygon","coordinates":[[[131.26686,33.58818],[131.26676,33.58809],[131.26676,33.58818],[131.26686,33.58818]]]}},{"type":"Feature","properties":{"A40_001":"大分県","A40_002":"44","A40_003":"0.3m以上 〜 1m未満"},"geometry":{"type":"Polygon","coordinates":[[[131.26686,33.58836],[131.26676,33.58827],[131.26676,33.58836],[131.26686,33.58836]]]}},{"type":"Feature","properties":{"A40_001":"大分県","A40_002":"44","A40_003":"0.3m以上 〜 1m未満"},"geometry":{"type":"Polygon","coordinates":[[[131.26697,33.58854],[131.26686,33.58845],[131.26686,33.58854],[131.26697,33.58854]]]}},{"type":"Feature","properties":{"A40_001":"大分県","A40_002":"44","A40_003":"2m以上 〜 3m未満"},"geometry":{"type":"Polygon","coordinates":[[[131.26708,33.58863],[131.26697,33.58854],[131.26697,33.58863],[131.26708,33.58863]]]}},{"type":"Feature","properties":{"A40_001":"大分県","A40_002":"44","A40_003":"2m以上 〜 3m未満"},"geometry":{"type":"Polygon","coordinates":[[[131.26708,33.58899],[131.26697,33.58881],[131.26697,33.58899],[131.26708,33.58899]]]}},{"type":"Feature","properties":{"A40_001":"大分県","A40_002":"44","A40_003":"2m以上 〜 3m未満"},"geometry":{"type":"Polygon","coordinates":[[[131.26741,33.58998],[131.2673,33.58989],[131.2673,33.58998],[131.26741,33.58998]]]}},{"type":"Feature","properties":{"A40_001":"大分県","A40_002":"44","A40_003":"0.3m未満"},"geometry":{"type":"Polygon","coordinates":[[[131.26966,33.5879],[131.26977,33.58799],[131.26977,33.5879],[131.26966,33.5879]]]}},{"type":"Feature","properties":{"A40_001":"大分県","A40_002":"44","A40_003":"1m以上 〜 2m未満"},"geometry":{"type":"Polygon","coordinates":[[[131.27117,33.58808],[131.2715,33.58799],[131.27117,33.58799],[131.27117,33.58808]]]}},{"type":"Feature","properties":{"A40_001":"大分県","A40_002":"44","A40_003":"0.3m以上 〜 1m未満"},"geometry":{"type":"Polygon","coordinates":[[[131.27106,33.58799],[131.27117,33.58808],[131.27117,33.58799],[131.27106,33.58799]]]}},{"type":"Feature","properties":{"A40_001":"大分県","A40_002":"44","A40_003":"0.3m未満"},"geometry":{"type":"Polygon","coordinates":[[[131.27096,33.58799],[131.27106,33.58808],[131.27106,33.58799],[131.27096,33.58799]]]}},{"type":"Feature","properties":{"A40_001":"大分県","A40_002":"44","A40_003":"0.3m以上 〜 1m未満"},"geometry":{"type":"Polygon","coordinates":[[[131.27042,33.58817],[131.27053,33.58826],[131.27053,33.58817],[131.27042,33.58817]]]}},{"type":"Feature","properties":{"A40_001":"大分県","A40_002":"44","A40_003":"0.3m以上 〜 1m未満"},"geometry":{"type":"Polygon","coordinates":[[[131.26977,33.58817],[131.26988,33.58826],[131.26988,33.58817],[131.26977,33.58817]]]}},{"type":"Feature","properties":{"A40_001":"大分県","A40_002":"44","A40_003":"0.3m以上 〜 1m未満"},"geometry":{"type":"Polygon","coordinates":[[[131.2702,33.58826],[131.27031,33.58835],[131.27031,33.58826],[131.2702,33.58826]]]}},{"type":"Feature","properties":{"A40_001":"大分県","A40_002":"44","A40_003":"1m以上 〜 2m未満"},"geometry":{"type":"Polygon","coordinates":[[[131.26988,33.58835],[131.26999,33.58844],[131.26999,33.58835],[131.26988,33.58835]]]}},{"type":"Feature","properties":{"A40_001":"大分県","A40_002":"44","A40_003":"2m以上 〜 3m未満"},"geometry":{"type":"Polygon","coordinates":[[[131.26773,33.59097],[131.26763,33.59088],[131.26763,33.59097],[131.26773,33.59097]]]}},{"type":"Feature","properties":{"A40_001":"大分県","A40_002":"44","A40_003":"2m以上 〜 3m未満"},"geometry":{"type":"Polygon","coordinates":[[[131.26806,33.59196],[131.26795,33.59187],[131.26795,33.59196],[131.26806,33.59196]]]}},{"type":"Feature","properties":{"A40_001":"大分県","A40_002":"44","A40_003":"2m以上 〜 3m未満"},"geometry":{"type":"Polygon","coordinates":[[[131.26817,33.59232],[131.26806,33.59223],[131.26806,33.59232],[131.26817,33.59232]]]}},{"type":"Feature","properties":{"A40_001":"大分県","A40_002":"44","A40_003":"0.3m未満"},"geometry":{"type":"Polygon","coordinates":[[[131.174,33.59096],[131.17389,33.59087],[131.17389,33.59096],[131.174,33.59096]]]}},{"type":"Feature","properties":{"A40_001":"大分県","A40_002":"44","A40_003":"0.3m未満"},"geometry":{"type":"Polygon","coordinates":[[[131.17422,33.59141],[131.17411,33.59132],[131.17411,33.59141],[131.17422,33.59141]]]}},{"type":"Feature","properties":{"A40_001":"大分県","A40_002":"44","A40_003":"0.3m未満"},"geometry":{"type":"Polygon","coordinates":[[[131.17735,33.59348],[131.17745,33.59357],[131.17745,33.59348],[131.17735,33.59348]]]}},{"type":"Feature","properties":{"A40_001":"大分県","A40_002":"44","A40_003":"0.3m以上 〜 1m未満"},"geometry":{"type":"Polygon","coordinates":[[[131.17756,33.59348],[131.17745,33.59366],[131.17756,33.59366],[131.17756,33.59348]]]}},{"type":"Feature","properties":{"A40_001":"大分県","A40_002":"44","A40_003":"0.3m未満"},"geometry":{"type":"Polygon","coordinates":[[[131.17756,33.59357],[131.17767,33.59366],[131.17767,33.59357],[131.17756,33.59357]]]}},{"type":"Feature","properties":{"A40_001":"大分県","A40_002":"44","A40_003":"0.3m以上 〜 1m未満"},"geometry":{"type":"Polygon","coordinates":[[[131.17756,33.59366],[131.17767,33.59375],[131.17767,33.59366],[131.17756,33.59366]]]}},{"type":"Feature","properties":{"A40_001":"大分県","A40_002":"44","A40_003":"1m以上 〜 2m未満"},"geometry":{"type":"Polygon","coordinates":[[[131.17767,33.59384],[131.17778,33.59393],[131.17778,33.59384],[131.17767,33.59384]]]}},{"type":"Feature","properties":{"A40_001":"大分県","A40_002":"44","A40_003":"0.3m以上 〜 1m未満"},"geometry":{"type":"Polygon","coordinates":[[[131.17788,33.59393],[131.17799,33.59402],[131.17799,33.59393],[131.17788,33.59393]]]}},{"type":"Feature","properties":{"A40_001":"大分県","A40_002":"44","A40_003":"1m以上 〜 2m未満"},"geometry":{"type":"Polygon","coordinates":[[[131.17778,33.59393],[131.17789,33.59402],[131.17788,33.59393],[131.17778,33.59393]]]}},{"type":"Feature","properties":{"A40_001":"大分県","A40_002":"44","A40_003":"0.3m以上 〜 1m未満"},"geometry":{"type":"Polygon","coordinates":[[[131.17799,33.59402],[131.1781,33.59411],[131.1781,33.59402],[131.17799,33.59402]]]}},{"type":"Feature","properties":{"A40_001":"大分県","A40_002":"44","A40_003":"1m以上 〜 2m未満"},"geometry":{"type":"Polygon","coordinates":[[[131.17789,33.59402],[131.17799,33.59411],[131.17799,33.59402],[131.17789,33.59402]]]}},{"type":"Feature","properties":{"A40_001":"大分県","A40_002":"44","A40_003":"0.3m以上 〜 1m未満"},"geometry":{"type":"Polygon","coordinates":[[[131.1781,33.59411],[131.17821,33.5942],[131.17821,33.59411],[131.1781,33.59411]]]}},{"type":"Feature","properties":{"A40_001":"大分県","A40_002":"44","A40_003":"1m以上 〜 2m未満"},"geometry":{"type":"Polygon","coordinates":[[[131.17799,33.59411],[131.1781,33.5942],[131.1781,33.59411],[131.17799,33.59411]]]}},{"type":"Feature","properties":{"A40_001":"大分県","A40_002":"44","A40_003":"0.3m以上 〜 1m未満"},"geometry":{"type":"Polygon","coordinates":[[[131.17821,33.5942],[131.17832,33.59429],[131.17832,33.5942],[131.17821,33.5942]]]}},{"type":"Feature","properties":{"A40_001":"大分県","A40_002":"44","A40_003":"1m以上 〜 2m未満"},"geometry":{"type":"Polygon","coordinates":[[[131.1781,33.5942],[131.17821,33.59429],[131.17821,33.5942],[131.1781,33.5942]]]}},{"type":"Feature","properties":{"A40_001":"大分県","A40_002":"44","A40_003":"0.3m以上 〜 1m未満"},"geometry":{"type":"Polygon","coordinates":[[[131.17832,33.59429],[131.17842,33.59438],[131.17842,33.59429],[131.17832,33.59429]]]}},{"type":"Feature","properties":{"A40_001":"大分県","A40_002":"44","A40_003":"0.3m未満"},"geometry":{"type":"Polygon","coordinates":[[[131.17875,33.59456],[131.17886,33.59465],[131.17886,33.59456],[131.17875,33.59456]]]}},{"type":"Feature","properties":{"A40_001":"大分県","A40_002":"44","A40_003":"0.3m以上 〜 1m未満"},"geometry":{"type":"Polygon","coordinates":[[[131.17875,33.59474],[131.17853,33.59456],[131.17853,33.59465],[131.17875,33.59474]]]}},{"type":"Feature","properties":{"A40_001":"大分県","A40_002":"44","A40_003":"1m以上 〜 2m未満"},"geometry":{"type":"Polygon","coordinates":[[[131.17875,33.59465],[131.17886,33.59474],[131.17886,33.59465],[131.17875,33.59465]]]}},{"type":"Feature","properties":{"A40_001":"大分県","A40_002":"44","A40_003":"0.3m以上 〜 1m未満"},"geometry":{"type":"Polygon","coordinates":[[[131.17875,33.59474],[131.17896,33.59483],[131.17896,33.59474],[131.17875,33.59474]]]}},{"type":"Feature","properties":{"A40_001":"大分県","A40_002":"44","A40_003":"0.3m未満"},"geometry":{"type":"Polygon","coordinates":[[[131.17886,33.59483],[131.17896,33.59492],[131.17896,33.59483],[131.17886,33.59483]]]}},{"type":"Feature","properties":{"A40_001":"大分県","A40_002":"44","A40_003":"0.3m以上 〜 1m未満"},"geometry":{"type":"Polygon","coordinates":[[[131.17918,33.59492],[131.17886,33.59501],[131.17918,33.59519],[131.17918,33.59492]]]}},{"type":"Feature","properties":{"A40_001":"大分県","A40_002":"44","A40_003":"2m以上 〜 3m未満"},"geometry":{"type":"Polygon","coordinates":[[[131.17875,33.59492],[131.17864,33.5951],[131.17875,33.5951],[131.17875,33.59492]]]}},{"type":"Feature","properties":{"A40_001":"大分県","A40_002":"44","A40_003":"0.3m未満"},"geometry":{"type":"Polygon","coordinates":[[[131.17918,33.59501],[131.17929,33.5951],[131.17929,33.59501],[131.17918,33.59501]]]}},{"type":"Feature","properties":{"A40_001":"大分県","A40_002":"44","A40_003":"1m以上 〜 2m未満"},"geometry":{"type":"Polygon","coordinates":[[[131.17864,33.59483],[131.17897,33.59528],[131.1794,33.59546],[131.1794,33.59519],[131.17864,33.59483]]]}},{"type":"Feature","properties":{"A40_001":"大分県","A40_002":"44","A40_003":"2m以上 〜 3m未満"},"geometry":{"type":"Polygon","coordinates":[[[131.17875,33.5951],[131.17886,33.59519],[131.17886,33.5951],[131.17875,33.5951]]]}},{"type":"Feature","properties":{"A40_001":"大分県","A40_002":"44","A40_003":"2m以上 〜 3m未満"},"geometry":{"type":"Polygon","coordinates":[[[131.17886,33.59519],[131.17897,33.59528],[131.17896,33.59519],[131.17886,33.59519]]]}},{"type":"Feature","properties":{"A40_001":"大分県","A40_002":"44","A40_003":"0.3m以上 〜 1m未満"},"geometry":{"type":"Polygon","coordinates":[[[131.17961,33.59546],[131.17929,33.59528],[131.17929,33.59537],[131.17961,33.59546]]]}},{"type":"Feature","properties":{"A40_001":"大分県","A40_002":"44","A40_003":"2m以上 〜 3m未満"},"geometry":{"type":"Polygon","coordinates":[[[131.17907,33.59528],[131.17907,33.59564],[131.17929,33.59555],[131.17907,33.59528]]]}},{"type":"Feature","properties":{"A40_001":"大分県","A40_002":"44","A40_003":"1m以上 〜 2m未満"},"geometry":{"type":"Polygon","coordinates":[[[131.1794,33.59546],[131.17961,33.59555],[131.17961,33.59546],[131.1794,33.59546]]]}},{"type":"Feature","properties":{"A40_001":"大分県","A40_002":"44","A40_003":"0.3m未満"},"geometry":{"type":"Polygon","coordinates":[[[131.25816,33.59514],[131.25805,33.59487],[131.25805,33.59514],[131.25816,33.59514]]]}},{"type":"Feature","properties":{"A40_001":"大分県","A40_002":"44","A40_003":"0.3m以上 〜 1m未満"},"geometry":{"type":"Polygon","coordinates":[[[131.25827,33.59514],[131.25816,33.59505],[131.25816,33.59514],[131.25827,33.59514]]]}},{"type":"Feature","properties":{"A40_001":"大分県","A40_002":"44","A40_003":"1m以上 〜 2m未満"},"geometry":{"type":"Polygon","coordinates":[[[131.25827,33.59523],[131.25816,33.59514],[131.25816,33.59523],[131.25827,33.59523]]]}},{"type":"Feature","properties":{"A40_001":"大分県","A40_002":"44","A40_003":"0.3m以上 〜 1m未満"},"geometry":{"type":"Polygon","coordinates":[[[131.25827,33.59532],[131.25816,33.59523],[131.25816,33.59532],[131.25827,33.59532]]]}},{"type":"Feature","properties":{"A40_001":"大分県","A40_002":"44","A40_003":"0.3m以上 〜 1m未満"},"geometry":{"type":"Polygon","coordinates":[[[131.25837,33.5955],[131.25827,33.59532],[131.25827,33.5955],[131.25837,33.5955]]]}},{"type":"Feature","properties":{"A40_001":"大分県","A40_002":"44","A40_003":"1m以上 〜 2m未満"},"geometry":{"type":"Polygon","coordinates":[[[131.25827,33.59559],[131.25816,33.5955],[131.25816,33.59559],[131.25827,33.59559]]]}},{"type":"Feature","properties":{"A40_001":"大分県","A40_002":"44","A40_003":"0.3m以上 〜 1m未満"},"geometry":{"type":"Polygon","coordinates":[[[131.25848,33.59568],[131.25837,33.5955],[131.25837,33.59568],[131.25848,33.59568]]]}},{"type":"Feature","properties":{"A40_001":"大分県","A40_002":"44","A40_003":"0.3m未満"},"geometry":{"type":"Polygon","coordinates":[[[131.25816,33.59559],[131.25827,33.59568],[131.25827,33.59559],[131.25816,33.59559]]]}},{"type":"Feature","properties":{"A40_001":"大分県","A40_002":"44","A40_003":"0.3m以上 〜 1m未満"},"geometry":{"type":"Polygon","coordinates":[[[131.25848,33.59568],[131.25859,33.59577],[131.25859,33.59568],[131.25848,33.59568]]]}},{"type":"Feature","properties":{"A40_001":"大分県","A40_002":"44","A40_003":"1m以上 〜 2m未満"},"geometry":{"type":"Polygon","coordinates":[[[131.25827,33.59568],[131.25837,33.59577],[131.25837,33.59568],[131.25827,33.59568]]]}},{"type":"Feature","properties":{"A40_001":"大分県","A40_002":"44","A40_003":"1m以上 〜 2m未満"},"geometry":{"type":"Polygon","coordinates":[[[131.25848,33.59577],[131.25859,33.59586],[131.25859,33.59577],[131.25848,33.59577]]]}},{"type":"Feature","properties":{"A40_001":"大分県","A40_002":"44","A40_003":"0.3m以上 〜 1m未満"},"geometry":{"type":"Polygon","coordinates":[[[131.25827,33.59577],[131.25838,33.59586],[131.25837,33.59577],[131.25827,33.59577]]]}},{"type":"Feature","properties":{"A40_001":"大分県","A40_002":"44","A40_003":"0.3m未満"},"geometry":{"type":"Polygon","coordinates":[[[131.25859,33.59586],[131.2587,33.59595],[131.2587,33.59586],[131.25859,33.59586]]]}},{"type":"Feature","properties":{"A40_001":"大分県","A40_002":"44","A40_003":"1m以上 〜 2m未満"},"geometry":{"type":"Polygon","coordinates":[[[131.25838,33.59586],[131.25848,33.59595],[131.25848,33.59586],[131.25838,33.59586]]]}},{"type":"Feature","properties":{"A40_001":"大分県","A40_002":"44","A40_003":"1m以上 〜 2m未満"},"geometry":{"type":"Polygon","coordinates":[[[131.25859,33.59595],[131.2587,33.59604],[131.2587,33.59595],[131.25859,33.59595]]]}},{"type":"Feature","properties":{"A40_001":"大分県","A40_002":"44","A40_003":"0.3m未満"},"geometry":{"type":"Polygon","coordinates":[[[131.25838,33.59595],[131.25848,33.59604],[131.25848,33.59595],[131.25838,33.59595]]]}},{"type":"Feature","properties":{"A40_001":"大分県","A40_002":"44","A40_003":"0.3m以上 〜 1m未満"},"geometry":{"type":"Polygon","coordinates":[[[131.25881,33.59604],[131.2587,33.59622],[131.25881,33.59622],[131.25881,33.59604]]]}},{"type":"Feature","properties":{"A40_001":"大分県","A40_002":"44","A40_003":"0.3m未満"},"geometry":{"type":"Polygon","coordinates":[[[131.25881,33.59613],[131.25891,33.59622],[131.25891,33.59613],[131.25881,33.59613]]]}},{"type":"Feature","properties":{"A40_001":"大分県","A40_002":"44","A40_003":"0.3m未満"},"geometry":{"type":"Polygon","coordinates":[[[131.25848,33.59613],[131.25859,33.59622],[131.25859,33.59613],[131.25848,33.59613]]]}},{"type":"Feature","properties":{"A40_001":"大分県","A40_002":"44","A40_003":"0.3m以上 〜 1m未満"},"geometry":{"type":"Polygon","coordinates":[[[131.25891,33.59622],[131.25881,33.5964],[131.25902,33.5964],[131.25891,33.59622]]]}},{"type":"Feature","properties":{"A40_001":"大分県","A40_002":"44","A40_003":"0.3m以上 〜 1m未満"},"geometry":{"type":"Polygon","coordinates":[[[131.17929,33.59546],[131.1794,33.59555],[131.1794,33.59546],[131.17929,33.59546]]]}},{"type":"Feature","properties":{"A40_001":"大分県","A40_002":"44","A40_003":"0.3m未満"},"geometry":{"type":"Polygon","coordinates":[[[131.1794,33.59564],[131.1795,33.59573],[131.1795,33.59564],[131.1794,33.59564]]]}},{"type":"Feature","properties":{"A40_001":"大分県","A40_002":"44","A40_003":"0.3m未満"},"geometry":{"type":"Polygon","coordinates":[[[131.17951,33.59672],[131.17961,33.59681],[131.17961,33.59672],[131.17951,33.59672]]]}},{"type":"Feature","properties":{"A40_001":"大分県","A40_002":"44","A40_003":"0.3m以上 〜 1m未満"},"geometry":{"type":"Polygon","coordinates":[[[131.17951,33.5969],[131.17951,33.59735],[131.1794,33.59753],[131.17972,33.59726],[131.17951,33.5969]]]}},{"type":"Feature","properties":{"A40_001":"大分県","A40_002":"44","A40_003":"0.3m未満"},"geometry":{"type":"Polygon","coordinates":[[[131.20548,33.59758],[131.20537,33.59749],[131.20537,33.59758],[131.20548,33.59758]]]}},{"type":"Feature","properties":{"A40_001":"大分県","A40_002":"44","A40_003":"0.3m以上 〜 1m未満"},"geometry":{"type":"Polygon","coordinates":[[[131.20548,33.59749],[131.20494,33.59767],[131.20515,33.59812],[131.20548,33.59803],[131.20548,33.59749]]]}},{"type":"Feature","properties":{"A40_001":"大分県","A40_002":"44","A40_003":"0.3m未満"},"geometry":{"type":"Polygon","coordinates":[[[131.20515,33.59776],[131.20494,33.59785],[131.20515,33.59785],[131.20515,33.59776]]]}},{"type":"Feature","properties":{"A40_001":"大分県","A40_002":"44","A40_003":"0.3m以上 〜 1m未満"},"geometry":{"type":"Polygon","coordinates":[[[131.17929,33.5978],[131.1794,33.59789],[131.1794,33.5978],[131.17929,33.5978]]]}},{"type":"Feature","properties":{"A40_001":"大分県","A40_002":"44","A40_003":"0.3m未満"},"geometry":{"type":"Polygon","coordinates":[[[131.20526,33.59794],[131.20515,33.59785],[131.20515,33.59794],[131.20526,33.59794]]]}},{"type":"Feature","properties":{"A40_001":"大分県","A40_002":"44","A40_003":"0.3m以上 〜 1m未満"},"geometry":{"type":"Polygon","coordinates":[[[131.20515,33.59794],[131.20505,33.59785],[131.20505,33.59794],[131.20515,33.59794]]]}},{"type":"Feature","properties":{"A40_001":"大分県","A40_002":"44","A40_003":"1m以上 〜 2m未満"},"geometry":{"type":"Polygon","coordinates":[[[131.25892,33.5964],[131.25902,33.59649],[131.25902,33.5964],[131.25892,33.5964]]]}},{"type":"Feature","properties":{"A40_001":"大分県","A40_002":"44","A40_003":"0.3m未満"},"geometry":{"type":"Polygon","coordinates":[[[131.2587,33.59649],[131.25881,33.59658],[131.25881,33.59649],[131.2587,33.59649]]]}},{"type":"Feature","properties":{"A40_001":"大分県","A40_002":"44","A40_003":"0.3m未満"},"geometry":{"type":"Polygon","coordinates":[[[131.23543,33.59663],[131.23521,33.59717],[131.23543,33.59726],[131.23543,33.59663]]]}},{"type":"Feature","properties":{"A40_001":"大分県","A40_002":"44","A40_003":"0.3m以上 〜 1m未満"},"geometry":{"type":"Polygon","coordinates":[[[131.25838,33.59694],[131.25849,33.59703],[131.25849,33.59694],[131.25838,33.59694]]]}},{"type":"Feature","properties":{"A40_001":"大分県","A40_002":"44","A40_003":"0.3m以上 〜 1m未満"},"geometry":{"type":"Polygon","coordinates":[[[131.23564,33.59699],[131.23543,33.59735],[131.23554,33.59735],[131.23564,33.59699]]]}},{"type":"Feature","properties":{"A40_001":"大分県","A40_002":"44","A40_003":"0.3m未満"},"geometry":{"type":"Polygon","coordinates":[[[131.25719,33.59703],[131.2573,33.59712],[131.2573,33.59703],[131.25719,33.59703]]]}},{"type":"Feature","properties":{"A40_001":"大分県","A40_002":"44","A40_003":"1m以上 〜 2m未満"},"geometry":{"type":"Polygon","coordinates":[[[131.25784,33.59721],[131.25795,33.5973],[131.25795,33.59721],[131.25784,33.59721]]]}},{"type":"Feature","properties":{"A40_001":"大分県","A40_002":"44","A40_003":"0.3m未満"},"geometry":{"type":"Polygon","coordinates":[[[131.25773,33.59721],[131.25784,33.5973],[131.25784,33.59721],[131.25773,33.59721]]]}},{"type":"Feature","properties":{"A40_001":"大分県","A40_002":"44","A40_003":"0.3m以上 〜 1m未満"},"geometry":{"type":"Polygon","coordinates":[[[131.2573,33.5974],[131.25709,33.59712],[131.25719,33.5974],[131.2573,33.5974]]]}},{"type":"Feature","properties":{"A40_001":"大分県","A40_002":"44","A40_003":"0.3m以上 〜 1m未満"},"geometry":{"type":"Polygon","coordinates":[[[131.25698,33.59722],[131.25709,33.59731],[131.25709,33.59722],[131.25698,33.59722]]]}},{"type":"Feature","properties":{"A40_001":"大分県","A40_002":"44","A40_003":"0.3m以上 〜 1m未満"},"geometry":{"type":"Polygon","coordinates":[[[131.25763,33.5973],[131.25773,33.59739],[131.25773,33.5973],[131.25763,33.5973]]]}},{"type":"Feature","properties":{"A40_001":"大分県","A40_002":"44","A40_003":"0.3m以上 〜 1m未満"},"geometry":{"type":"Polygon","coordinates":[[[131.25687,33.59731],[131.25698,33.5974],[131.25698,33.59731],[131.25687,33.59731]]]}},{"type":"Feature","properties":{"A40_001":"大分県","A40_002":"44","A40_003":"1m以上 〜 2m未満"},"geometry":{"type":"Polygon","coordinates":[[[131.25752,33.59739],[131.25763,33.59748],[131.25763,33.59739],[131.25752,33.59739]]]}},{"type":"Feature","properties":{"A40_001":"大分県","A40_002":"44","A40_003":"0.3m以上 〜 1m未満"},"geometry":{"type":"Polygon","coordinates":[[[131.25709,33.5974],[131.25719,33.59749],[131.25719,33.5974],[131.25709,33.5974]]]}},{"type":"Feature","properties":{"A40_001":"大分県","A40_002":"44","A40_003":"0.3m以上 〜 1m未満"},"geometry":{"type":"Polygon","coordinates":[[[131.25676,33.5974],[131.25687,33.59749],[131.25687,33.5974],[131.25676,33.5974]]]}},{"type":"Feature","properties":{"A40_001":"大分県","A40_002":"44","A40_003":"0.3m以上 〜 1m未満"},"geometry":{"type":"Polygon","coordinates":[[[131.23618,33.59744],[131.23629,33.59753],[131.23629,33.59744],[131.23618,33.59744]]]}},{"type":"Feature","properties":{"A40_001":"大分県","A40_002":"44","A40_003":"0.3m未満"},"geometry":{"type":"Polygon","coordinates":[[[131.25666,33.59749],[131.25612,33.59749],[131.25547,33.59767],[131.25644,33.59785],[131.25666,33.59749]]]}},{"type":"Feature","properties":{"A40_001":"大分県","A40_002":"44","A40_003":"1m以上 〜 2m未満"},"geometry":{"type":"Polygon","coordinates":[[[131.25741,33.59748],[131.25752,33.59757],[131.25752,33.59748],[131.25741,33.59748]]]}},{"type":"Feature","properties":{"A40_001":"大分県","A40_002":"44","A40_003":"0.3m以上 〜 1m未満"},"geometry":{"type":"Polygon","coordinates":[[[131.2573,33.59749],[131.25741,33.59758],[131.25741,33.59748],[131.2573,33.59749]]]}},{"type":"Feature","properties":{"A40_001":"大分県","A40_002":"44","A40_003":"0.3m以上 〜 1m未満"},"geometry":{"type":"Polygon","coordinates":[[[131.25666,33.59749],[131.25676,33.59758],[131.25676,33.59749],[131.25666,33.59749]]]}},{"type":"Feature","properties":{"A40_001":"大分県","A40_002":"44","A40_003":"0.3m以上 〜 1m未満"},"geometry":{"type":"Polygon","coordinates":[[[131.23608,33.59753],[131.23618,33.59762],[131.23618,33.59753],[131.23608,33.59753]]]}},{"type":"Feature","properties":{"A40_001":"大分県","A40_002":"44","A40_003":"1m以上 〜 2m未満"},"geometry":{"type":"Polygon","coordinates":[[[131.2573,33.59758],[131.25741,33.59767],[131.25741,33.59758],[131.2573,33.59758]]]}},{"type":"Feature","properties":{"A40_001":"大分県","A40_002":"44","A40_003":"0.3m以上 〜 1m未満"},"geometry":{"type":"Polygon","coordinates":[[[131.25719,33.59758],[131.2573,33.59767],[131.2573,33.59758],[131.25719,33.59758]]]}},{"type":"Feature","properties":{"A40_001":"大分県","A40_002":"44","A40_003":"0.3m以上 〜 1m未満"},"geometry":{"type":"Polygon","coordinates":[[[131.25655,33.59758],[131.25666,33.59767],[131.25666,33.59758],[131.25655,33.59758]]]}},{"type":"Feature","properties":{"A40_001":"大分県","A40_002":"44","A40_003":"0.3m以上 〜 1m未満"},"geometry":{"type":"Polygon","coordinates":[[[131.23618,33.59762],[131.23629,33.59771],[131.23629,33.59762],[131.23618,33.59762]]]}},{"type":"Feature","properties":{"A40_001":"大分県","A40_002":"44","A40_003":"0.3m未満"},"geometry":{"type":"Polygon","coordinates":[[[131.23608,33.59762],[131.23618,33.59771],[131.23618,33.59762],[131.23608,33.59762]]]}},{"type":"Feature","properties":{"A40_001":"大分県","A40_002":"44","A40_003":"0.3m未満"},"geometry":{"type":"Polygon","coordinates":[[[131.23629,33.59672],[131.23554,33.59681],[131.23554,33.59735],[131.23759,33.59861],[131.2378,33.59834],[131.23629,33.59672]],[[131.23618,33.59753],[131.23629,33.59744],[131.23629,33.59753],[131.23618,33.59753]]]}},{"type":"Feature","properties":{"A40_001":"大分県","A40_002":"44","A40_003":"1m以上 〜 2m未満"},"geometry":{"type":"Polygon","coordinates":[[[131.2572,33.59767],[131.2573,33.59776],[131.2573,33.59767],[131.2572,33.59767]]]}},{"type":"Feature","properties":{"A40_001":"大分県","A40_002":"44","A40_003":"0.3m以上 〜 1m未満"},"geometry":{"type":"Polygon","coordinates":[[[131.25709,33.59767],[131.2572,33.59776],[131.2572,33.59767],[131.25709,33.59767]]]}},{"type":"Feature","properties":{"A40_001":"大分県","A40_002":"44","A40_003":"0.3m以上 〜 1m未満"},"geometry":{"type":"Polygon","coordinates":[[[131.25644,33.59767],[131.25655,33.59776],[131.25655,33.59767],[131.25644,33.59767]]]}},{"type":"Feature","properties":{"A40_001":"大分県","A40_002":"44","A40_003":"0.3m以上 〜 1m未満"},"geometry":{"type":"Polygon","coordinates":[[[131.23629,33.59771],[131.23651,33.5978],[131.23651,33.59771],[131.23629,33.59771]]]}},{"type":"Feature","properties":{"A40_001":"大分県","A40_002":"44","A40_003":"0.3m未満"},"geometry":{"type":"Polygon","coordinates":[[[131.23618,33.59771],[131.23629,33.5978],[131.23629,33.59771],[131.23618,33.59771]]]}},{"type":"Feature","properties":{"A40_001":"大分県","A40_002":"44","A40_003":"1m以上 〜 2m未満"},"geometry":{"type":"Polygon","coordinates":[[[131.25698,33.59776],[131.25709,33.59794],[131.2572,33.59776],[131.25698,33.59776]]]}},{"type":"Feature","properties":{"A40_001":"大分県","A40_002":"44","A40_003":"0.3m以上 〜 1m未満"},"geometry":{"type":"Polygon","coordinates":[[[131.25687,33.59785],[131.25698,33.59794],[131.25698,33.59785],[131.25687,33.59785]]]}},{"type":"Feature","properties":{"A40_001":"大分県","A40_002":"44","A40_003":"0.3m未満"},"geometry":{"type":"Polygon","coordinates":[[[131.25666,33.59785],[131.25676,33.59794],[131.25676,33.59785],[131.25666,33.59785]]]}},{"type":"Feature","properties":{"A40_001":"大分県","A40_002":"44","A40_003":"1m以上 〜 2m未満"},"geometry":{"type":"Polygon","coordinates":[[[131.25709,33.59758],[131.25623,33.59794],[131.2558,33.59857],[131.25709,33.59758]]]}},{"type":"Feature","properties":{"A40_001":"大分県","A40_002":"44","A40_003":"0.3m以上 〜 1m未満"},"geometry":{"type":"Polygon","coordinates":[[[131.25655,33.59794],[131.25666,33.59803],[131.25666,33.59794],[131.25655,33.59794]]]}},{"type":"Feature","properties":{"A40_001":"大分県","A40_002":"44","A40_003":"1m以上 〜 2m未満"},"geometry":{"type":"Polygon","coordinates":[[[131.25676,33.59794],[131.25687,33.59812],[131.25698,33.59794],[131.25676,33.59794]]]}},{"type":"Feature","properties":{"A40_001":"大分県","A40_002":"44","A40_003":"0.3m以上 〜 1m未満"},"geometry":{"type":"Polygon","coordinates":[[[131.25666,33.59803],[131.25677,33.59812],[131.25677,33.59803],[131.25666,33.59803]]]}},{"type":"Feature","properties":{"A40_001":"大分県","A40_002":"44","A40_003":"0.3m未満"},"geometry":{"type":"Polygon","coordinates":[[[131.25644,33.59803],[131.25655,33.59812],[131.25655,33.59803],[131.25644,33.59803]]]}},{"type":"Feature","properties":{"A40_001":"大分県","A40_002":"44","A40_003":"0.3m以上 〜 1m未満"},"geometry":{"type":"Polygon","coordinates":[[[131.25612,33.59803],[131.25623,33.59812],[131.25623,33.59803],[131.25612,33.59803]]]}},{"type":"Feature","properties":{"A40_001":"大分県","A40_002":"44","A40_003":"0.3m以上 〜 1m未満"},"geometry":{"type":"Polygon","coordinates":[[[131.23705,33.59798],[131.23672,33.59816],[131.23705,33.59825],[131.23705,33.59798]]]}},{"type":"Feature","properties":{"A40_001":"大分県","A40_002":"44","A40_003":"0.3m以上 〜 1m未満"},"geometry":{"type":"Polygon","coordinates":[[[131.25633,33.59812],[131.25644,33.59821],[131.25644,33.59812],[131.25633,33.59812]]]}},{"type":"Feature","properties":{"A40_001":"大分県","A40_002":"44","A40_003":"0.3m未満"},"geometry":{"type":"Polygon","coordinates":[[[131.25601,33.59812],[131.25612,33.59821],[131.25612,33.59812],[131.25601,33.59812]]]}},{"type":"Feature","properties":{"A40_001":"大分県","A40_002":"44","A40_003":"1m以上 〜 2m未満"},"geometry":{"type":"Polygon","coordinates":[[[131.25655,33.5983],[131.25677,33.59812],[131.25655,33.59812],[131.25655,33.5983]]]}},{"type":"Feature","properties":{"A40_001":"大分県","A40_002":"44","A40_003":"0.3m以上 〜 1m未満"},"geometry":{"type":"Polygon","coordinates":[[[131.25644,33.59821],[131.25655,33.5983],[131.25655,33.59821],[131.25644,33.59821]]]}},{"type":"Feature","properties":{"A40_001":"大分県","A40_002":"44","A40_003":"0.3m以上 〜 1m未満"},"geometry":{"type":"Polygon","coordinates":[[[131.23705,33.59825],[131.23716,33.59834],[131.23716,33.59825],[131.23705,33.59825]]]}},{"type":"Feature","properties":{"A40_001":"大分県","A40_002":"44","A40_003":"3m以上 〜 4m未満"},"geometry":{"type":"Polygon","coordinates":[[[131.25623,33.5983],[131.25634,33.59839],[131.25634,33.5983],[131.25623,33.5983]]]}},{"type":"Feature","properties":{"A40_001":"大分県","A40_002":"44","A40_003":"0.3m以上 〜 1m未満"},"geometry":{"type":"Polygon","coordinates":[[[131.2559,33.5983],[131.25601,33.59839],[131.25601,33.5983],[131.2559,33.5983]]]}},{"type":"Feature","properties":{"A40_001":"大分県","A40_002":"44","A40_003":"0.3m以上 〜 1m未満"},"geometry":{"type":"Polygon","coordinates":[[[131.2558,33.59839],[131.2559,33.59848],[131.2559,33.59839],[131.2558,33.59839]]]}},{"type":"Feature","properties":{"A40_001":"大分県","A40_002":"44","A40_003":"0.3m未満"},"geometry":{"type":"Polygon","coordinates":[[[131.20515,33.59803],[131.20494,33.59794],[131.20494,33.59803],[131.20515,33.59803]]]}},{"type":"Feature","properties":{"A40_001":"大分県","A40_002":"44","A40_003":"0.3m以上 〜 1m未満"},"geometry":{"type":"Polygon","coordinates":[[[131.20591,33.59812],[131.20558,33.59803],[131.20558,33.59812],[131.20591,33.59812]]]}},{"type":"Feature","properties":{"A40_001":"大分県","A40_002":"44","A40_003":"0.3m以上 〜 1m未満"},"geometry":{"type":"Polygon","coordinates":[[[131.20655,33.59812],[131.20645,33.59803],[131.20645,33.59812],[131.20655,33.59812]]]}},{"type":"Feature","properties":{"A40_001":"大分県","A40_002":"44","A40_003":"0.3m未満"},"geometry":{"type":"Polygon","coordinates":[[[131.20591,33.5974],[131.20515,33.59812],[131.20559,33.59875],[131.20656,33.59848],[131.20645,33.59803],[131.20677,33.59812],[131.20591,33.5974]],[[131.20612,33.59857],[131.20602,33.59848],[131.20612,33.59848],[131.20612,33.59857]],[[131.20612,33.59821],[131.20623,33.59812],[131.20623,33.59821],[131.20612,33.59821]],[[131.20612,33.59812],[131.20602,33.59803],[131.20612,33.59803],[131.20612,33.59812]],[[131.20558,33.59812],[131.2058,33.59794],[131.20591,33.59812],[131.20558,33.59812]]]}},{"type":"Feature","properties":{"A40_001":"大分県","A40_002":"44","A40_003":"0.3m以上 〜 1m未満"},"geometry":{"type":"Polygon","coordinates":[[[131.20612,33.59857],[131.20602,33.59848],[131.20602,33.59857],[131.20612,33.59857]]]}},{"type":"Feature","properties":{"A40_001":"大分県","A40_002":"44","A40_003":"0.3m以上 〜 1m未満"},"geometry":{"type":"Polygon","coordinates":[[[131.17897,33.59862],[131.17908,33.59871],[131.17908,33.59861],[131.17897,33.59862]]]}},{"type":"Feature","properties":{"A40_001":"大分県","A40_002":"44","A40_003":"0.3m未満"},"geometry":{"type":"Polygon","coordinates":[[[131.20613,33.59893],[131.20602,33.59884],[131.20602,33.59893],[131.20613,33.59893]]]}},{"type":"Feature","properties":{"A40_001":"大分県","A40_002":"44","A40_003":"0.3m未満"},"geometry":{"type":"Polygon","coordinates":[[[131.2058,33.59893],[131.20569,33.59884],[131.20569,33.59893],[131.2058,33.59893]]]}},{"type":"Feature","properties":{"A40_001":"大分県","A40_002":"44","A40_003":"0.3m未満"},"geometry":{"type":"Polygon","coordinates":[[[131.20602,33.59911],[131.20591,33.59902],[131.20591,33.59911],[131.20602,33.59911]]]}},{"type":"Feature","properties":{"A40_001":"大分県","A40_002":"44","A40_003":"0.3m未満"},"geometry":{"type":"Polygon","coordinates":[[[131.20634,33.59929],[131.20623,33.5992],[131.20623,33.59929],[131.20634,33.59929]]]}},{"type":"Feature","properties":{"A40_001":"大分県","A40_002":"44","A40_003":"0.3m未満"},"geometry":{"type":"Polygon","coordinates":[[[131.20655,33.59821],[131.20645,33.59812],[131.20645,33.59821],[131.20655,33.59821]]]}},{"type":"Feature","properties":{"A40_001":"大分県","A40_002":"44","A40_003":"1m以上 〜 2m未満"},"geometry":{"type":"Polygon","coordinates":[[[131.20817,33.59839],[131.20806,33.5983],[131.20806,33.59839],[131.20817,33.59839]]]}},{"type":"Feature","properties":{"A40_001":"大分県","A40_002":"44","A40_003":"0.3m未満"},"geometry":{"type":"Polygon","coordinates":[[[131.20849,33.59848],[131.20839,33.59839],[131.20839,33.59848],[131.20849,33.59848]]]}},{"type":"Feature","properties":{"A40_001":"大分県","A40_002":"44","A40_003":"1m以上 〜 2m未満"},"geometry":{"type":"Polygon","coordinates":[[[131.20828,33.59857],[131.20817,33.59839],[131.20817,33.59857],[131.20828,33.59857]]]}},{"type":"Feature","properties":{"A40_001":"大分県","A40_002":"44","A40_003":"0.3m以上 〜 1m未満"},"geometry":{"type":"Polygon","coordinates":[[[131.20817,33.59857],[131.20806,33.59848],[131.20806,33.59857],[131.20817,33.59857]]]}},{"type":"Feature","properties":{"A40_001":"大分県","A40_002":"44","A40_003":"1m以上 〜 2m未満"},"geometry":{"type":"Polygon","coordinates":[[[131.20839,33.59866],[131.20828,33.59857],[131.20828,33.59866],[131.20839,33.59866]]]}},{"type":"Feature","properties":{"A40_001":"大分県","A40_002":"44","A40_003":"1m以上 〜 2m未満"},"geometry":{"type":"Polygon","coordinates":[[[131.2085,33.59884],[131.20839,33.59866],[131.20839,33.59884],[131.2085,33.59884]]]}},{"type":"Feature","properties":{"A40_001":"大分県","A40_002":"44","A40_003":"0.3m未満"},"geometry":{"type":"Polygon","coordinates":[[[131.20839,33.59866],[131.20763,33.59803],[131.20774,33.59839],[131.20656,33.5992],[131.20742,33.59947],[131.20839,33.59866]]]}},{"type":"Feature","properties":{"A40_001":"大分県","A40_002":"44","A40_003":"1m以上 〜 2m未満"},"geometry":{"type":"Polygon","coordinates":[[[131.20871,33.59893],[131.2085,33.59902],[131.20871,33.59911],[131.20871,33.59893]]]}},{"type":"Feature","properties":{"A40_001":"大分県","A40_002":"44","A40_003":"0.3m未満"},"geometry":{"type":"Polygon","coordinates":[[[131.21399,33.59928],[131.21335,33.5991],[131.21345,33.59946],[131.21399,33.59928]]]}},{"type":"Feature","properties":{"A40_001":"大分県","A40_002":"44","A40_003":"0.3m未満"},"geometry":{"type":"Polygon","coordinates":[[[131.23791,33.59843],[131.2378,33.59861],[131.23791,33.59861],[131.23791,33.59843]]]}},{"type":"Feature","properties":{"A40_001":"大分県","A40_002":"44","A40_003":"0.3m未満"},"geometry":{"type":"Polygon","coordinates":[[[131.2558,33.59857],[131.25591,33.59866],[131.2559,33.59857],[131.2558,33.59857]]]}},{"type":"Feature","properties":{"A40_001":"大分県","A40_002":"44","A40_003":"0.3m以上 〜 1m未満"},"geometry":{"type":"Polygon","coordinates":[[[131.2378,33.59843],[131.23737,33.59852],[131.23759,33.59897],[131.23791,33.59897],[131.2378,33.59843]]]}},{"type":"Feature","properties":{"A40_001":"大分県","A40_002":"44","A40_003":"0.3m未満"},"geometry":{"type":"Polygon","coordinates":[[[131.23737,33.59879],[131.23748,33.59888],[131.23748,33.59879],[131.23737,33.59879]]]}},{"type":"Feature","properties":{"A40_001":"大分県","A40_002":"44","A40_003":"0.3m未満"},"geometry":{"type":"Polygon","coordinates":[[[131.23748,33.59888],[131.23759,33.59897],[131.23759,33.59888],[131.23748,33.59888]]]}},{"type":"Feature","properties":{"A40_001":"大分県","A40_002":"44","A40_003":"0.3m以上 〜 1m未満"},"geometry":{"type":"Polygon","coordinates":[[[131.25569,33.59902],[131.2558,33.59911],[131.2558,33.59902],[131.25569,33.59902]]]}},{"type":"Feature","properties":{"A40_001":"大分県","A40_002":"44","A40_003":"0.3m以上 〜 1m未満"},"geometry":{"type":"Polygon","coordinates":[[[131.2377,33.59906],[131.2378,33.59915],[131.2378,33.59906],[131.2377,33.59906]]]}},{"type":"Feature","properties":{"A40_001":"大分県","A40_002":"44","A40_003":"0.3m未満"},"geometry":{"type":"Polygon","coordinates":[[[131.25569,33.5992],[131.25591,33.59911],[131.25569,33.59911],[131.25569,33.5992]]]}},{"type":"Feature","properties":{"A40_001":"大分県","A40_002":"44","A40_003":"1m以上 〜 2m未満"},"geometry":{"type":"Polygon","coordinates":[[[131.25558,33.59911],[131.25569,33.5992],[131.25569,33.59911],[131.25558,33.59911]]]}},{"type":"Feature","properties":{"A40_001":"大分県","A40_002":"44","A40_003":"0.3m未満"},"geometry":{"type":"Polygon","coordinates":[[[131.23791,33.5987],[131.23759,33.59906],[131.23813,33.59969],[131.23845,33.59978],[131.23888,33.59969],[131.23791,33.5987]],[[131.23867,33.59969],[131.23856,33.5996],[131.23867,33.5996],[131.23867,33.59969]],[[131.23824,33.59951],[131.23834,33.59942],[131.23834,33.59951],[131.23824,33.59951]]]}},{"type":"Feature","properties":{"A40_001":"大分県","A40_002":"44","A40_003":"3m以上 〜 4m未満"},"geometry":{"type":"Polygon","coordinates":[[[131.25537,33.59911],[131.25548,33.59929],[131.25558,33.59911],[131.25537,33.59911]]]}},{"type":"Feature","properties":{"A40_001":"大分県","A40_002":"44","A40_003":"0.3m未満"},"geometry":{"type":"Polygon","coordinates":[[[131.25558,33.5992],[131.25569,33.59929],[131.25569,33.5992],[131.25558,33.5992]]]}},{"type":"Feature","properties":{"A40_001":"大分県","A40_002":"44","A40_003":"0.3m以上 〜 1m未満"},"geometry":{"type":"Polygon","coordinates":[[[131.25548,33.5992],[131.25558,33.59929],[131.25558,33.5992],[131.25548,33.5992]]]}},{"type":"Feature","properties":{"A40_001":"大分県","A40_002":"44","A40_003":"0.3m未満"},"geometry":{"type":"Polygon","coordinates":[[[131.25526,33.5992],[131.25537,33.59929],[131.25537,33.5992],[131.25526,33.5992]]]}},{"type":"Feature","properties":{"A40_001":"大分県","A40_002":"44","A40_003":"0.3m未満"},"geometry":{"type":"Polygon","coordinates":[[[131.25591,33.59929],[131.25602,33.59938],[131.25601,33.59929],[131.25591,33.59929]]]}},{"type":"Feature","properties":{"A40_001":"大分県","A40_002":"44","A40_003":"0.3m未満"},"geometry":{"type":"Polygon","coordinates":[[[131.23985,33.59923],[131.23899,33.5996],[131.24018,33.5995],[131.23985,33.59923]]]}},{"type":"Feature","properties":{"A40_001":"大分県","A40_002":"44","A40_003":"0.3m以上 〜 1m未満"},"geometry":{"type":"Polygon","coordinates":[[[131.23781,33.59933],[131.2377,33.59951],[131.23781,33.59951],[131.23781,33.59933]]]}},{"type":"Feature","properties":{"A40_001":"大分県","A40_002":"44","A40_003":"0.3m以上 〜 1m未満"},"geometry":{"type":"Polygon","coordinates":[[[131.23813,33.59933],[131.23802,33.5996],[131.23813,33.5996],[131.23813,33.59933]]]}},{"type":"Feature","properties":{"A40_001":"大分県","A40_002":"44","A40_003":"1m以上 〜 2m未満"},"geometry":{"type":"Polygon","coordinates":[[[131.25472,33.59929],[131.25472,33.59974],[131.25537,33.59947],[131.25537,33.59929],[131.25472,33.59929]]]}},{"type":"Feature","properties":{"A40_001":"大分県","A40_002":"44","A40_003":"0.3m未満"},"geometry":{"type":"Polygon","coordinates":[[[131.25602,33.59947],[131.25612,33.59956],[131.25612,33.59947],[131.25602,33.59947]]]}},{"type":"Feature","properties":{"A40_001":"大分県","A40_002":"44","A40_003":"0.3m以上 〜 1m未満"},"geometry":{"type":"Polygon","coordinates":[[[131.21475,33.59937],[131.21464,33.59928],[131.21464,33.59937],[131.21475,33.59937]]]}},{"type":"Feature","properties":{"A40_001":"大分県","A40_002":"44","A40_003":"0.3m以上 〜 1m未満"},"geometry":{"type":"Polygon","coordinates":[[[131.21453,33.59919],[131.21432,33.59955],[131.21475,33.59964],[131.21453,33.59919]]]}},{"type":"Feature","properties":{"A40_001":"大分県","A40_002":"44","A40_003":"1m以上 〜 2m未満"},"geometry":{"type":"Polygon","coordinates":[[[131.20904,33.59947],[131.20893,33.59938],[131.20893,33.59947],[131.20904,33.59947]]]}},{"type":"Feature","properties":{"A40_001":"大分県","A40_002":"44","A40_003":"0.3m未満"},"geometry":{"type":"Polygon","coordinates":[[[131.2086,33.59938],[131.20839,33.59947],[131.20861,33.59947],[131.2086,33.59938]]]}},{"type":"Feature","properties":{"A40_001":"大分県","A40_002":"44","A40_003":"0.3m未満"},"geometry":{"type":"Polygon","coordinates":[[[131.21475,33.59964],[131.21485,33.59946],[131.21442,33.59928],[131.21475,33.59964]]]}},{"type":"Feature","properties":{"A40_001":"大分県","A40_002":"44","A40_003":"0.3m以上 〜 1m未満"},"geometry":{"type":"Polygon","coordinates":[[[131.21399,33.59955],[131.21388,33.59937],[131.21389,33.59955],[131.21399,33.59955]]]}},{"type":"Feature","properties":{"A40_001":"大分県","A40_002":"44","A40_003":"0.3m未満"},"geometry":{"type":"Polygon","coordinates":[[[131.20753,33.59956],[131.20742,33.59947],[131.20742,33.59956],[131.20753,33.59956]]]}},{"type":"Feature","properties":{"A40_001":"大分県","A40_002":"44","A40_003":"0.3m未満"},"geometry":{"type":"Polygon","coordinates":[[[131.20893,33.59947],[131.20861,33.59956],[131.20936,33.60001],[131.20893,33.59947]]]}},{"type":"Feature","properties":{"A40_001":"大分県","A40_002":"44","A40_003":"0.3m未満"},"geometry":{"type":"Polygon","coordinates":[[[131.20839,33.59974],[131.20817,33.59956],[131.20817,33.59965],[131.20839,33.59974]]]}},{"type":"Feature","properties":{"A40_001":"大分県","A40_002":"44","A40_003":"0.3m以上 〜 1m未満"},"geometry":{"type":"Polygon","coordinates":[[[131.21378,33.59973],[131.21367,33.59964],[131.21367,33.59973],[131.21378,33.59973]]]}},{"type":"Feature","properties":{"A40_001":"大分県","A40_002":"44","A40_003":"0.3m以上 〜 1m未満"},"geometry":{"type":"Polygon","coordinates":[[[131.23953,33.59959],[131.23975,33.5995],[131.23953,33.5995],[131.23953,33.59959]]]}},{"type":"Feature","properties":{"A40_001":"大分県","A40_002":"44","A40_003":"0.3m以上 〜 1m未満"},"geometry":{"type":"Polygon","coordinates":[[[131.23856,33.5996],[131.23867,33.59969],[131.23867,33.5996],[131.23856,33.5996]]]}},{"type":"Feature","properties":{"A40_001":"大分県","A40_002":"44","A40_003":"1m以上 〜 2m未満"},"geometry":{"type":"Polygon","coordinates":[[[131.23802,33.5996],[131.23813,33.59969],[131.23813,33.5996],[131.23802,33.5996]]]}},{"type":"Feature","properties":{"A40_001":"大分県","A40_002":"44","A40_003":"0.3m未満"},"geometry":{"type":"Polygon","coordinates":[[[131.23964,33.59959],[131.23953,33.59978],[131.23964,33.59977],[131.23964,33.59959]]]}},{"type":"Feature","properties":{"A40_001":"大分県","A40_002":"44","A40_003":"0.3m未満"},"geometry":{"type":"Polygon","coordinates":[[[131.23791,33.59942],[131.23791,33.59987],[131.23813,33.59996],[131.23791,33.59942]]]}},{"type":"Feature","properties":{"A40_001":"大分県","A40_002":"44","A40_003":"0.3m以上 〜 1m未満"},"geometry":{"type":"Polygon","coordinates":[[[131.23802,33.59978],[131.23824,33.59969],[131.23802,33.59969],[131.23802,33.59978]]]}},{"type":"Feature","properties":{"A40_001":"大分県","A40_002":"44","A40_003":"0.3m以上 〜 1m未満"},"geometry":{"type":"Polygon","coordinates":[[[131.25623,33.59974],[131.25634,33.59983],[131.25634,33.59974],[131.25623,33.59974]]]}},{"type":"Feature","properties":{"A40_001":"大分県","A40_002":"44","A40_003":"0.3m未満"},"geometry":{"type":"Polygon","coordinates":[[[131.23867,33.59978],[131.23878,33.59987],[131.23878,33.59978],[131.23867,33.59978]]]}},{"type":"Feature","properties":{"A40_001":"大分県","A40_002":"44","A40_003":"0.3m以上 〜 1m未満"},"geometry":{"type":"Polygon","coordinates":[[[131.23835,33.59987],[131.23856,33.59978],[131.23835,33.59978],[131.23835,33.59987]]]}},{"type":"Feature","properties":{"A40_001":"大分県","A40_002":"44","A40_003":"0.3m以上 〜 1m未満"},"geometry":{"type":"Polygon","coordinates":[[[131.23953,33.59959],[131.23867,33.59978],[131.23953,33.60014],[131.23953,33.59959]]]}},{"type":"Feature","properties":{"A40_001":"大分県","A40_002":"44","A40_003":"0.3m未満"},"geometry":{"type":"Polygon","coordinates":[[[131.20807,33.59974],[131.20796,33.59965],[131.20796,33.59974],[131.20807,33.59974]]]}},{"type":"Feature","properties":{"A40_001":"大分県","A40_002":"44","A40_003":"0.3m以上 〜 1m未満"},"geometry":{"type":"Polygon","coordinates":[[[131.21421,33.59955],[131.21399,33.59973],[131.21432,33.6],[131.21421,33.59955]]]}},{"type":"Feature","properties":{"A40_001":"大分県","A40_002":"44","A40_003":"0.3m未満"},"geometry":{"type":"Polygon","coordinates":[[[131.21647,33.59991],[131.21626,33.59982],[131.21626,33.6],[131.21647,33.59991]]]}},{"type":"Feature","properties":{"A40_001":"大分県","A40_002":"44","A40_003":"0.3m未満"},"geometry":{"type":"Polygon","coordinates":[[[131.21378,33.59955],[131.21346,33.60009],[131.21389,33.60027],[131.21421,33.59982],[131.21378,33.59955]]]}},{"type":"Feature","properties":{"A40_001":"大分県","A40_002":"44","A40_003":"0.3m未満"},"geometry":{"type":"Polygon","coordinates":[[[131.2155,33.6],[131.21539,33.59991],[131.21539,33.6],[131.2155,33.6]]]}},{"type":"Feature","properties":{"A40_001":"大分県","A40_002":"44","A40_003":"1m以上 〜 2m未満"},"geometry":{"type":"Polygon","coordinates":[[[131.20947,33.60001],[131.20936,33.59992],[131.20936,33.60001],[131.20947,33.60001]]]}},{"type":"Feature","properties":{"A40_001":"大分県","A40_002":"44","A40_003":"0.3m以上 〜 1m未満"},"geometry":{"type":"Polygon","coordinates":[[[131.21712,33.60009],[131.21701,33.6],[131.21701,33.60009],[131.21712,33.60009]]]}},{"type":"Feature","properties":{"A40_001":"大分県","A40_002":"44","A40_003":"0.3m未満"},"geometry":{"type":"Polygon","coordinates":[[[131.21701,33.60009],[131.2169,33.6],[131.2169,33.60009],[131.21701,33.60009]]]}},{"type":"Feature","properties":{"A40_001":"大分県","A40_002":"44","A40_003":"0.3m以上 〜 1m未満"},"geometry":{"type":"Polygon","coordinates":[[[131.21421,33.60009],[131.2141,33.6],[131.2141,33.60009],[131.21421,33.60009]]]}},{"type":"Feature","properties":{"A40_001":"大分県","A40_002":"44","A40_003":"0.3m未満"},"geometry":{"type":"Polygon","coordinates":[[[131.21313,33.60009],[131.21302,33.6],[131.21302,33.60009],[131.21313,33.60009]]]}},{"type":"Feature","properties":{"A40_001":"大分県","A40_002":"44","A40_003":"0.3m以上 〜 1m未満"},"geometry":{"type":"Polygon","coordinates":[[[131.2377,33.60005],[131.23781,33.59978],[131.2377,33.59978],[131.2377,33.60005]]]}},{"type":"Feature","properties":{"A40_001":"大分県","A40_002":"44","A40_003":"0.3m未満"},"geometry":{"type":"Polygon","coordinates":[[[131.23705,33.59996],[131.23727,33.59987],[131.23705,33.59987],[131.23705,33.59996]]]}},{"type":"Feature","properties":{"A40_001":"大分県","A40_002":"44","A40_003":"0.3m未満"},"geometry":{"type":"Polygon","coordinates":[[[131.2377,33.60005],[131.23738,33.59987],[131.23738,33.59996],[131.2377,33.60005]]]}},{"type":"Feature","properties":{"A40_001":"大分県","A40_002":"44","A40_003":"0.3m以上 〜 1m未満"},"geometry":{"type":"Polygon","coordinates":[[[131.23705,33.60005],[131.23738,33.59987],[131.23705,33.59996],[131.23705,33.60005]]]}},{"type":"Feature","properties":{"A40_001":"大分県","A40_002":"44","A40_003":"0.3m以上 〜 1m未満"},"geometry":{"type":"Polygon","coordinates":[[[131.25634,33.59992],[131.25645,33.60001],[131.25645,33.59992],[131.25634,33.59992]]]}},{"type":"Feature","properties":{"A40_001":"大分県","A40_002":"44","A40_003":"0.3m未満"},"geometry":{"type":"Polygon","coordinates":[[[131.23878,33.59996],[131.23888,33.60005],[131.23888,33.59996],[131.23878,33.59996]]]}},{"type":"Feature","properties":{"A40_001":"大分県","A40_002":"44","A40_003":"0.3m以上 〜 1m未満"},"geometry":{"type":"Polygon","coordinates":[[[131.23867,33.59996],[131.23878,33.60005],[131.23878,33.59996],[131.23867,33.59996]]]}},{"type":"Feature","properties":{"A40_001":"大分県","A40_002":"44","A40_003":"0.3m未満"},"geometry":{"type":"Polygon","coordinates":[[[131.23694,33.59996],[131.23705,33.60005],[131.23705,33.59996],[131.23694,33.59996]]]}},{"type":"Feature","properties":{"A40_001":"大分県","A40_002":"44","A40_003":"0.3m以上 〜 1m未満"},"geometry":{"type":"Polygon","coordinates":[[[131.23824,33.60014],[131.23802,33.59996],[131.23802,33.60014],[131.23824,33.60014]]]}},{"type":"Feature","properties":{"A40_001":"大分県","A40_002":"44","A40_003":"0.3m未満"},"geometry":{"type":"Polygon","coordinates":[[[131.23899,33.60014],[131.23921,33.60005],[131.23899,33.60005],[131.23899,33.60014]]]}},{"type":"Feature","properties":{"A40_001":"大分県","A40_002":"44","A40_003":"1m以上 〜 2m未満"},"geometry":{"type":"Polygon","coordinates":[[[131.20958,33.6001],[131.20947,33.60001],[131.20947,33.6001],[131.20958,33.6001]]]}},{"type":"Feature","properties":{"A40_001":"大分県","A40_002":"44","A40_003":"0.3m以上 〜 1m未満"},"geometry":{"type":"Polygon","coordinates":[[[131.2086,33.59902],[131.20623,33.59929],[131.2058,33.59875],[131.20559,33.59975],[131.20634,33.59938],[131.20721,33.60092],[131.20796,33.60073],[131.20861,33.60145],[131.20818,33.60055],[131.20925,33.60028],[131.20893,33.59965],[131.20839,33.59947],[131.2086,33.59902]],[[131.2057,33.59948],[131.2058,33.59957],[131.2057,33.59957],[131.2057,33.59948]],[[131.20796,33.60073],[131.20807,33.60064],[131.20807,33.60073],[131.20796,33.60073]],[[131.20742,33.59947],[131.20753,33.59956],[131.20742,33.59956],[131.20742,33.59947]],[[131.20828,33.59974],[131.2085,33.59956],[131.2085,33.59965],[131.20828,33.59974]],[[131.20807,33.59974],[131.20796,33.59965],[131.20807,33.59965],[131.20807,33.59974]]]}},{"type":"Feature","properties":{"A40_001":"大分県","A40_002":"44","A40_003":"0.3m未満"},"geometry":{"type":"Polygon","coordinates":[[[131.21712,33.60018],[131.21701,33.60009],[131.21701,33.60018],[131.21712,33.60018]]]}},{"type":"Feature","properties":{"A40_001":"大分県","A40_002":"44","A40_003":"0.3m未満"},"geometry":{"type":"Polygon","coordinates":[[[131.21636,33.60018],[131.21626,33.60009],[131.21626,33.60018],[131.21636,33.60018]]]}},{"type":"Feature","properties":{"A40_001":"大分県","A40_002":"44","A40_003":"0.3m以上 〜 1m未満"},"geometry":{"type":"Polygon","coordinates":[[[131.21723,33.60036],[131.2168,33.60018],[131.2169,33.60027],[131.21669,33.60045],[131.21723,33.60036]]]}},{"type":"Feature","properties":{"A40_001":"大分県","A40_002":"44","A40_003":"0.3m未満"},"geometry":{"type":"Polygon","coordinates":[[[131.20688,33.60028],[131.20678,33.60019],[131.20678,33.60028],[131.20688,33.60028]]]}},{"type":"Feature","properties":{"A40_001":"大分県","A40_002":"44","A40_003":"0.3m未満"},"geometry":{"type":"Polygon","coordinates":[[[131.2169,33.60027],[131.21658,33.60027],[131.21658,33.60045],[131.2169,33.60027]]]}},{"type":"Feature","properties":{"A40_001":"大分県","A40_002":"44","A40_003":"0.3m未満"},"geometry":{"type":"Polygon","coordinates":[[[131.20979,33.60028],[131.20925,33.60028],[131.20979,33.60055],[131.20979,33.60028]]]}},{"type":"Feature","properties":{"A40_001":"大分県","A40_002":"44","A40_003":"0.3m未満"},"geometry":{"type":"Polygon","coordinates":[[[131.21012,33.60037],[131.21001,33.60028],[131.21001,33.60037],[131.21012,33.60037]]]}},{"type":"Feature","properties":{"A40_001":"大分県","A40_002":"44","A40_003":"0.3m以上 〜 1m未満"},"geometry":{"type":"Polygon","coordinates":[[[131.20947,33.60046],[131.20936,33.60028],[131.20936,33.60046],[131.20947,33.60046]]]}},{"type":"Feature","properties":{"A40_001":"大分県","A40_002":"44","A40_003":"0.3m未満"},"geometry":{"type":"Polygon","coordinates":[[[131.20634,33.59947],[131.20613,33.59938],[131.20613,33.59947],[131.20634,33.59947]]]}},{"type":"Feature","properties":{"A40_001":"大分県","A40_002":"44","A40_003":"0.3m未満"},"geometry":{"type":"Polygon","coordinates":[[[131.20516,33.59903],[131.2044,33.59966],[131.2044,33.59993],[131.20559,33.59984],[131.20591,33.59929],[131.20516,33.59903]]]}},{"type":"Feature","properties":{"A40_001":"大分県","A40_002":"44","A40_003":"0.3m未満"},"geometry":{"type":"Polygon","coordinates":[[[131.20645,33.59956],[131.20634,33.59947],[131.20634,33.59956],[131.20645,33.59956]]]}},{"type":"Feature","properties":{"A40_001":"大分県","A40_002":"44","A40_003":"0.3m未満"},"geometry":{"type":"Polygon","coordinates":[[[131.2058,33.59957],[131.2057,33.59948],[131.2057,33.59957],[131.2058,33.59957]]]}},{"type":"Feature","properties":{"A40_001":"大分県","A40_002":"44","A40_003":"0.3m未満"},"geometry":{"type":"Polygon","coordinates":[[[131.20613,33.59965],[131.20602,33.59947],[131.20602,33.59966],[131.20613,33.59965]]]}},{"type":"Feature","properties":{"A40_001":"大分県","A40_002":"44","A40_003":"0.3m未満"},"geometry":{"type":"Polygon","coordinates":[[[131.20591,33.59975],[131.2058,33.59966],[131.2058,33.59975],[131.20591,33.59975]]]}},{"type":"Feature","properties":{"A40_001":"大分県","A40_002":"44","A40_003":"0.3m以上 〜 1m未満"},"geometry":{"type":"Polygon","coordinates":[[[131.17833,33.60096],[131.17844,33.60105],[131.17844,33.60096],[131.17833,33.60096]]]}},{"type":"Feature","properties":{"A40_001":"大分県","A40_002":"44","A40_003":"0.3m未満"},"geometry":{"type":"Polygon","coordinates":[[[131.20484,33.60146],[131.2043,33.60128],[131.2043,33.60146],[131.20484,33.60146]]]}},{"type":"Feature","properties":{"A40_001":"大分県","A40_002":"44","A40_003":"0.3m未満"},"geometry":{"type":"Polygon","coordinates":[[[131.20495,33.60155],[131.20484,33.60146],[131.20484,33.60155],[131.20495,33.60155]]]}},{"type":"Feature","properties":{"A40_001":"大分県","A40_002":"44","A40_003":"0.3m以上 〜 1m未満"},"geometry":{"type":"Polygon","coordinates":[[[131.20484,33.60155],[131.20462,33.60146],[131.20462,33.60155],[131.20484,33.60155]]]}},{"type":"Feature","properties":{"A40_001":"大分県","A40_002":"44","A40_003":"0.3m未満"},"geometry":{"type":"Polygon","coordinates":[[[131.21701,33.60045],[131.2169,33.60036],[131.2169,33.60045],[131.21701,33.60045]]]}},{"type":"Feature","properties":{"A40_001":"大分県","A40_002":"44","A40_003":"0.3m以上 〜 1m未満"},"geometry":{"type":"Polygon","coordinates":[[[131.21647,33.60027],[131.21518,33.60018],[131.21647,33.60099],[131.21647,33.60027]]]}},{"type":"Feature","properties":{"A40_001":"大分県","A40_002":"44","A40_003":"0.3m未満"},"geometry":{"type":"Polygon","coordinates":[[[131.21583,33.60045],[131.21572,33.60036],[131.21572,33.60045],[131.21583,33.60045]]]}},{"type":"Feature","properties":{"A40_001":"大分県","A40_002":"44","A40_003":"0.3m以上 〜 1m未満"},"geometry":{"type":"Polygon","coordinates":[[[131.21292,33.60064],[131.21281,33.60018],[131.21249,33.60028],[131.21292,33.60064]]]}},{"type":"Feature","properties":{"A40_001":"大分県","A40_002":"44","A40_003":"0.3m未満"},"geometry":{"type":"Polygon","coordinates":[[[131.2127,33.60046],[131.21259,33.60037],[131.21259,33.60046],[131.2127,33.60046]]]}},{"type":"Feature","properties":{"A40_001":"大分県","A40_002":"44","A40_003":"0.3m以上 〜 1m未満"},"geometry":{"type":"Polygon","coordinates":[[[131.21022,33.60046],[131.21012,33.60037],[131.21012,33.60046],[131.21022,33.60046]]]}},{"type":"Feature","properties":{"A40_001":"大分県","A40_002":"44","A40_003":"1m以上 〜 2m未満"},"geometry":{"type":"Polygon","coordinates":[[[131.20958,33.60046],[131.20947,33.60037],[131.20947,33.60046],[131.20958,33.60046]]]}},{"type":"Feature","properties":{"A40_001":"大分県","A40_002":"44","A40_003":"1m以上 〜 2m未満"},"geometry":{"type":"Polygon","coordinates":[[[131.20936,33.60028],[131.20839,33.60055],[131.20947,33.60055],[131.20936,33.60028]]]}},{"type":"Feature","properties":{"A40_001":"大分県","A40_002":"44","A40_003":"0.3m未満"},"geometry":{"type":"Polygon","coordinates":[[[131.20699,33.60046],[131.20688,33.60037],[131.20688,33.60047],[131.20699,33.60046]]]}},{"type":"Feature","properties":{"A40_001":"大分県","A40_002":"44","A40_003":"0.3m以上 〜 1m未満"},"geometry":{"type":"Polygon","coordinates":[[[131.21669,33.60054],[131.21658,33.60045],[131.21658,33.60054],[131.21669,33.60054]]]}},{"type":"Feature","properties":{"A40_001":"大分県","A40_002":"44","A40_003":"0.3m以上 〜 1m未満"},"geometry":{"type":"Polygon","coordinates":[[[131.25645,33.6001],[131.25656,33.60019],[131.25656,33.6001],[131.25645,33.6001]]]}},{"type":"Feature","properties":{"A40_001":"大分県","A40_002":"44","A40_003":"0.3m未満"},"geometry":{"type":"Polygon","coordinates":[[[131.23878,33.60014],[131.23889,33.60023],[131.23888,33.60014],[131.23878,33.60014]]]}},{"type":"Feature","properties":{"A40_001":"大分県","A40_002":"44","A40_003":"1m以上 〜 2m未満"},"geometry":{"type":"Polygon","coordinates":[[[131.23791,33.60005],[131.2377,33.60032],[131.23792,33.60032],[131.23791,33.60005]]]}},{"type":"Feature","properties":{"A40_001":"大分県","A40_002":"44","A40_003":"0.3m以上 〜 1m未満"},"geometry":{"type":"Polygon","coordinates":[[[131.23813,33.60023],[131.23824,33.60032],[131.23824,33.60023],[131.23813,33.60023]]]}},{"type":"Feature","properties":{"A40_001":"大分県","A40_002":"44","A40_003":"0.3m以上 〜 1m未満"},"geometry":{"type":"Polygon","coordinates":[[[131.25666,33.60019],[131.25656,33.60037],[131.25666,33.60037],[131.25666,33.60019]]]}},{"type":"Feature","properties":{"A40_001":"大分県","A40_002":"44","A40_003":"0.3m以上 〜 1m未満"},"geometry":{"type":"Polygon","coordinates":[[[131.23889,33.60023],[131.23878,33.6005],[131.23889,33.6005],[131.23889,33.60023]]]}},{"type":"Feature","properties":{"A40_001":"大分県","A40_002":"44","A40_003":"0.3m以上 〜 1m未満"},"geometry":{"type":"Polygon","coordinates":[[[131.23759,33.60014],[131.23759,33.60068],[131.23802,33.6005],[131.23802,33.60023],[131.23759,33.60014]]]}},{"type":"Feature","properties":{"A40_001":"大分県","A40_002":"44","A40_003":"0.3m未満"},"geometry":{"type":"Polygon","coordinates":[[[131.24373,33.60049],[131.24352,33.6004],[131.24352,33.60049],[131.24373,33.60049]]]}},{"type":"Feature","properties":{"A40_001":"大分県","A40_002":"44","A40_003":"1m以上 〜 2m未満"},"geometry":{"type":"Polygon","coordinates":[[[131.23813,33.59987],[131.23824,33.60068],[131.23878,33.60104],[131.23878,33.60005],[131.23813,33.59987]]]}},{"type":"Feature","properties":{"A40_001":"大分県","A40_002":"44","A40_003":"0.3m以上 〜 1m未満"},"geometry":{"type":"Polygon","coordinates":[[[131.25666,33.60037],[131.25677,33.60046],[131.25677,33.60037],[131.25666,33.60037]]]}},{"type":"Feature","properties":{"A40_001":"大分県","A40_002":"44","A40_003":"0.3m未満"},"geometry":{"type":"Polygon","coordinates":[[[131.21593,33.60054],[131.21583,33.60045],[131.21583,33.60054],[131.21593,33.60054]]]}},{"type":"Feature","properties":{"A40_001":"大分県","A40_002":"44","A40_003":"0.3m以上 〜 1m未満"},"geometry":{"type":"Polygon","coordinates":[[[131.21033,33.60055],[131.21022,33.60046],[131.21022,33.60055],[131.21033,33.60055]]]}},{"type":"Feature","properties":{"A40_001":"大分県","A40_002":"44","A40_003":"1m以上 〜 2m未満"},"geometry":{"type":"Polygon","coordinates":[[[131.21001,33.60046],[131.20979,33.60055],[131.21001,33.60064],[131.21001,33.60046]]]}},{"type":"Feature","properties":{"A40_001":"大分県","A40_002":"44","A40_003":"0.3m以上 〜 1m未満"},"geometry":{"type":"Polygon","coordinates":[[[131.20958,33.60055],[131.20947,33.60046],[131.20947,33.60055],[131.20958,33.60055]]]}},{"type":"Feature","properties":{"A40_001":"大分県","A40_002":"44","A40_003":"0.3m以上 〜 1m未満"},"geometry":{"type":"Polygon","coordinates":[[[131.21443,33.60045],[131.2141,33.60009],[131.21313,33.60009],[131.21324,33.60063],[131.21367,33.60099],[131.21443,33.60045]],[[131.21346,33.60036],[131.21389,33.60045],[131.21389,33.60072],[131.21367,33.60063],[131.21346,33.60036]],[[131.21356,33.60054],[131.21346,33.60063],[131.21346,33.60054],[131.21356,33.60054]]]}},{"type":"Feature","properties":{"A40_001":"大分県","A40_002":"44","A40_003":"0.3m未満"},"geometry":{"type":"Polygon","coordinates":[[[131.21389,33.60045],[131.21346,33.60045],[131.21389,33.60072],[131.21389,33.60045]]]}},{"type":"Feature","properties":{"A40_001":"大分県","A40_002":"44","A40_003":"0.3m未満"},"geometry":{"type":"Polygon","coordinates":[[[131.21356,33.60063],[131.21346,33.60054],[131.21346,33.60063],[131.21356,33.60063]]]}},{"type":"Feature","properties":{"A40_001":"大分県","A40_002":"44","A40_003":"0.3m未満"},"geometry":{"type":"Polygon","coordinates":[[[131.21292,33.60055],[131.2127,33.60064],[131.21292,33.60064],[131.21292,33.60055]]]}},{"type":"Feature","properties":{"A40_001":"大分県","A40_002":"44","A40_003":"0.3m未満"},"geometry":{"type":"Polygon","coordinates":[[[131.20925,33.60064],[131.20915,33.60055],[131.20915,33.60064],[131.20925,33.60064]]]}},{"type":"Feature","properties":{"A40_001":"大分県","A40_002":"44","A40_003":"0.3m未満"},"geometry":{"type":"Polygon","coordinates":[[[131.2085,33.60064],[131.20839,33.60055],[131.20839,33.60064],[131.2085,33.60064]]]}},{"type":"Feature","properties":{"A40_001":"大分県","A40_002":"44","A40_003":"1m以上 〜 2m未満"},"geometry":{"type":"Polygon","coordinates":[[[131.20839,33.60064],[131.20818,33.60055],[131.20818,33.60064],[131.20839,33.60064]]]}},{"type":"Feature","properties":{"A40_001":"大分県","A40_002":"44","A40_003":"1m以上 〜 2m未満"},"geometry":{"type":"Polygon","coordinates":[[[131.21044,33.60055],[131.21033,33.60073],[131.21044,33.60073],[131.21044,33.60055]]]}},{"type":"Feature","properties":{"A40_001":"大分県","A40_002":"44","A40_003":"0.3m以上 〜 1m未満"},"geometry":{"type":"Polygon","coordinates":[[[131.21313,33.60073],[131.21303,33.60064],[131.21303,33.60073],[131.21313,33.60073]]]}},{"type":"Feature","properties":{"A40_001":"大分県","A40_002":"44","A40_003":"0.3m以上 〜 1m未満"},"geometry":{"type":"Polygon","coordinates":[[[131.21292,33.60073],[131.21281,33.60064],[131.21281,33.60073],[131.21292,33.60073]]]}},{"type":"Feature","properties":{"A40_001":"大分県","A40_002":"44","A40_003":"2m以上 〜 3m未満"},"geometry":{"type":"Polygon","coordinates":[[[131.21012,33.60064],[131.21001,33.60073],[131.21033,33.60082],[131.21012,33.60064]]]}},{"type":"Feature","properties":{"A40_001":"大分県","A40_002":"44","A40_003":"0.3m未満"},"geometry":{"type":"Polygon","coordinates":[[[131.20979,33.60073],[131.20969,33.60064],[131.20969,33.60073],[131.20979,33.60073]]]}},{"type":"Feature","properties":{"A40_001":"大分県","A40_002":"44","A40_003":"1m以上 〜 2m未満"},"geometry":{"type":"Polygon","coordinates":[[[131.20807,33.60073],[131.20796,33.60064],[131.20796,33.60073],[131.20807,33.60073]]]}},{"type":"Feature","properties":{"A40_001":"大分県","A40_002":"44","A40_003":"0.3m未満"},"geometry":{"type":"Polygon","coordinates":[[[131.20721,33.60074],[131.2071,33.60065],[131.2071,33.60074],[131.20721,33.60074]]]}},{"type":"Feature","properties":{"A40_001":"大分県","A40_002":"44","A40_003":"0.3m未満"},"geometry":{"type":"Polygon","coordinates":[[[131.21712,33.60081],[131.21701,33.60072],[131.21701,33.60081],[131.21712,33.60081]]]}},{"type":"Feature","properties":{"A40_001":"大分県","A40_002":"44","A40_003":"0.3m以上 〜 1m未満"},"geometry":{"type":"Polygon","coordinates":[[[131.21066,33.60082],[131.21055,33.60073],[131.21055,33.60082],[131.21066,33.60082]]]}},{"type":"Feature","properties":{"A40_001":"大分県","A40_002":"44","A40_003":"1m以上 〜 2m未満"},"geometry":{"type":"Polygon","coordinates":[[[131.25677,33.60046],[131.25688,33.60055],[131.25688,33.60046],[131.25677,33.60046]]]}},{"type":"Feature","properties":{"A40_001":"大分県","A40_002":"44","A40_003":"0.3m未満"},"geometry":{"type":"Polygon","coordinates":[[[131.25666,33.60046],[131.25677,33.60055],[131.25677,33.60046],[131.25666,33.60046]]]}},{"type":"Feature","properties":{"A40_001":"大分県","A40_002":"44","A40_003":"0.3m以上 〜 1m未満"},"geometry":{"type":"Polygon","coordinates":[[[131.25677,33.60055],[131.25688,33.60064],[131.25688,33.60055],[131.25677,33.60055]]]}},{"type":"Feature","properties":{"A40_001":"大分県","A40_002":"44","A40_003":"0.3m未満"},"geometry":{"type":"Polygon","coordinates":[[[131.24374,33.60067],[131.24363,33.60058],[131.24363,33.60067],[131.24374,33.60067]]]}},{"type":"Feature","properties":{"A40_001":"大分県","A40_002":"44","A40_003":"0.3m未満"},"geometry":{"type":"Polygon","coordinates":[[[131.24352,33.60067],[131.24341,33.60058],[131.24341,33.60067],[131.24352,33.60067]]]}},{"type":"Feature","properties":{"A40_001":"大分県","A40_002":"44","A40_003":"0.3m未満"},"geometry":{"type":"Polygon","coordinates":[[[131.23759,33.6005],[131.23749,33.60077],[131.23759,33.60077],[131.23759,33.6005]]]}},{"type":"Feature","properties":{"A40_001":"大分県","A40_002":"44","A40_003":"1m以上 〜 2m未満"},"geometry":{"type":"Polygon","coordinates":[[[131.23824,33.60095],[131.23781,33.6005],[131.23749,33.60095],[131.23824,33.60095]]]}},{"type":"Feature","properties":{"A40_001":"大分県","A40_002":"44","A40_003":"1m以上 〜 2m未満"},"geometry":{"type":"Polygon","coordinates":[[[131.25688,33.60064],[131.25699,33.60073],[131.25699,33.60064],[131.25688,33.60064]]]}},{"type":"Feature","properties":{"A40_001":"大分県","A40_002":"44","A40_003":"0.3m以上 〜 1m未満"},"geometry":{"type":"Polygon","coordinates":[[[131.24373,33.60049],[131.24341,33.60094],[131.24363,33.60103],[131.24373,33.60049]]]}},{"type":"Feature","properties":{"A40_001":"大分県","A40_002":"44","A40_003":"0.3m以上 〜 1m未満"},"geometry":{"type":"Polygon","coordinates":[[[131.25688,33.60073],[131.25699,33.60082],[131.25699,33.60073],[131.25688,33.60073]]]}},{"type":"Feature","properties":{"A40_001":"大分県","A40_002":"44","A40_003":"0.3m以上 〜 1m未満"},"geometry":{"type":"Polygon","coordinates":[[[131.22165,33.60089],[131.22154,33.6008],[131.22154,33.60089],[131.22165,33.60089]]]}},{"type":"Feature","properties":{"A40_001":"大分県","A40_002":"44","A40_003":"0.3m以上 〜 1m未満"},"geometry":{"type":"Polygon","coordinates":[[[131.23889,33.60077],[131.23878,33.60095],[131.23889,33.60095],[131.23889,33.60077]]]}},{"type":"Feature","properties":{"A40_001":"大分県","A40_002":"44","A40_003":"0.3m以上 〜 1m未満"},"geometry":{"type":"Polygon","coordinates":[[[131.23856,33.60095],[131.23835,33.60077],[131.23835,33.60086],[131.23856,33.60095]]]}},{"type":"Feature","properties":{"A40_001":"大分県","A40_002":"44","A40_003":"0.3m以上 〜 1m未満"},"geometry":{"type":"Polygon","coordinates":[[[131.23716,33.60077],[131.23749,33.60095],[131.23759,33.60077],[131.23716,33.60077]]]}},{"type":"Feature","properties":{"A40_001":"大分県","A40_002":"44","A40_003":"0.3m未満"},"geometry":{"type":"Polygon","coordinates":[[[131.23695,33.60095],[131.23716,33.60077],[131.23684,33.60077],[131.23695,33.60095]]]}},{"type":"Feature","properties":{"A40_001":"大分県","A40_002":"44","A40_003":"1m以上 〜 2m未満"},"geometry":{"type":"Polygon","coordinates":[[[131.23835,33.60086],[131.23846,33.60095],[131.23846,33.60086],[131.23835,33.60086]]]}},{"type":"Feature","properties":{"A40_001":"大分県","A40_002":"44","A40_003":"0.3m以上 〜 1m未満"},"geometry":{"type":"Polygon","coordinates":[[[131.23641,33.60086],[131.23695,33.60095],[131.23695,33.60086],[131.23641,33.60086]]]}},{"type":"Feature","properties":{"A40_001":"大分県","A40_002":"44","A40_003":"0.3m未満"},"geometry":{"type":"Polygon","coordinates":[[[131.23576,33.60086],[131.23641,33.60095],[131.23641,33.60086],[131.23576,33.60086]]]}},{"type":"Feature","properties":{"A40_001":"大分県","A40_002":"44","A40_003":"0.3m未満"},"geometry":{"type":"Polygon","coordinates":[[[131.25699,33.60091],[131.2571,33.601],[131.2571,33.60091],[131.25699,33.60091]]]}},{"type":"Feature","properties":{"A40_001":"大分県","A40_002":"44","A40_003":"0.3m未満"},"geometry":{"type":"Polygon","coordinates":[[[131.23652,33.60095],[131.23695,33.60104],[131.23695,33.60095],[131.23652,33.60095]]]}},{"type":"Feature","properties":{"A40_001":"大分県","A40_002":"44","A40_003":"1m以上 〜 2m未満"},"geometry":{"type":"Polygon","coordinates":[[[131.21055,33.60082],[131.21044,33.60073],[131.21044,33.60082],[131.21055,33.60082]]]}},{"type":"Feature","properties":{"A40_001":"大分県","A40_002":"44","A40_003":"0.3m未満"},"geometry":{"type":"Polygon","coordinates":[[[131.20796,33.60082],[131.20785,33.60073],[131.20785,33.60082],[131.20796,33.60082]]]}},{"type":"Feature","properties":{"A40_001":"大分県","A40_002":"44","A40_003":"0.3m未満"},"geometry":{"type":"Polygon","coordinates":[[[131.21691,33.6009],[131.2168,33.60081],[131.2168,33.6009],[131.21691,33.6009]]]}},{"type":"Feature","properties":{"A40_001":"大分県","A40_002":"44","A40_003":"0.3m以上 〜 1m未満"},"geometry":{"type":"Polygon","coordinates":[[[131.21518,33.6009],[131.21507,33.60081],[131.21507,33.6009],[131.21518,33.6009]]]}},{"type":"Feature","properties":{"A40_001":"大分県","A40_002":"44","A40_003":"1m以上 〜 2m未満"},"geometry":{"type":"Polygon","coordinates":[[[131.21066,33.60091],[131.21055,33.60082],[131.21055,33.60091],[131.21066,33.60091]]]}},{"type":"Feature","properties":{"A40_001":"大分県","A40_002":"44","A40_003":"1m以上 〜 2m未満"},"geometry":{"type":"Polygon","coordinates":[[[131.20775,33.60091],[131.20764,33.60082],[131.20764,33.60091],[131.20775,33.60091]]]}},{"type":"Feature","properties":{"A40_001":"大分県","A40_002":"44","A40_003":"0.3m以上 〜 1m未満"},"geometry":{"type":"Polygon","coordinates":[[[131.21432,33.60099],[131.21421,33.6009],[131.21421,33.60099],[131.21432,33.60099]]]}},{"type":"Feature","properties":{"A40_001":"大分県","A40_002":"44","A40_003":"0.3m未満"},"geometry":{"type":"Polygon","coordinates":[[[131.21346,33.60208],[131.21292,33.60181],[131.21292,33.60226],[131.21411,33.60262],[131.21626,33.60198],[131.21486,33.60144],[131.21465,33.60189],[131.21357,33.60199],[131.21357,33.60145],[131.21389,33.60172],[131.21432,33.60117],[131.21551,33.60117],[131.21507,33.60072],[131.21561,33.60036],[131.21421,33.59928],[131.2141,33.60018],[131.21464,33.60054],[131.21367,33.60099],[131.21335,33.60036],[131.21281,33.60018],[131.21313,33.60054],[131.21281,33.60073],[131.2127,33.601],[131.21206,33.60073],[131.21217,33.60172],[131.21174,33.60199],[131.21346,33.60136],[131.21346,33.60208]],[[131.21389,33.60235],[131.214,33.60226],[131.214,33.60235],[131.21389,33.60235]],[[131.214,33.60226],[131.21432,33.60217],[131.21432,33.60226],[131.214,33.60226]],[[131.21421,33.6009],[131.21432,33.60099],[131.21421,33.60099],[131.21421,33.6009]],[[131.21432,33.60099],[131.21443,33.60108],[131.21432,33.60108],[131.21432,33.60099]],[[131.21303,33.60064],[131.21313,33.60073],[131.21303,33.60073],[131.21303,33.60064]],[[131.21454,33.60208],[131.21465,33.60217],[131.21454,33.60217],[131.21454,33.60208]],[[131.21486,33.60207],[131.21497,33.60189],[131.21497,33.60207],[131.21486,33.60207]],[[131.21443,33.60018],[131.21464,33.6],[131.21464,33.60018],[131.21443,33.60018]],[[131.2126,33.60136],[131.21249,33.60127],[131.2126,33.60127],[131.2126,33.60136]],[[131.21357,33.60136],[131.21367,33.60127],[131.21367,33.60136],[131.21357,33.60136]],[[131.21378,33.60145],[131.21389,33.60135],[131.21389,33.60145],[131.21378,33.60145]]]}},{"type":"Feature","properties":{"A40_001":"大分県","A40_002":"44","A40_003":"1m以上 〜 2m未満"},"geometry":{"type":"Polygon","coordinates":[[[131.21076,33.601],[131.21066,33.60091],[131.21066,33.601],[131.21076,33.601]]]}},{"type":"Feature","properties":{"A40_001":"大分県","A40_002":"44","A40_003":"0.3m未満"},"geometry":{"type":"Polygon","coordinates":[[[131.20861,33.601],[131.2085,33.60091],[131.2085,33.601],[131.20861,33.601]]]}},{"type":"Feature","properties":{"A40_001":"大分県","A40_002":"44","A40_003":"0.3m未満"},"geometry":{"type":"Polygon","coordinates":[[[131.24341,33.60112],[131.2433,33.60094],[131.24331,33.60112],[131.24341,33.60112]]]}},{"type":"Feature","properties":{"A40_001":"大分県","A40_002":"44","A40_003":"0.3m以上 〜 1m未満"},"geometry":{"type":"Polygon","coordinates":[[[131.23759,33.60095],[131.23792,33.60113],[131.23835,33.60113],[131.23759,33.60095]]]}},{"type":"Feature","properties":{"A40_001":"大分県","A40_002":"44","A40_003":"0.3m未満"},"geometry":{"type":"Polygon","coordinates":[[[131.23759,33.60113],[131.23706,33.60095],[131.23706,33.60104],[131.23759,33.60113]]]}},{"type":"Feature","properties":{"A40_001":"大分県","A40_002":"44","A40_003":"1m以上 〜 2m未満"},"geometry":{"type":"Polygon","coordinates":[[[131.2571,33.601],[131.25721,33.60109],[131.25721,33.601],[131.2571,33.601]]]}},{"type":"Feature","properties":{"A40_001":"大分県","A40_002":"44","A40_003":"0.3m未満"},"geometry":{"type":"Polygon","coordinates":[[[131.22165,33.60116],[131.22143,33.60089],[131.22143,33.60125],[131.22165,33.60116]]]}},{"type":"Feature","properties":{"A40_001":"大分県","A40_002":"44","A40_003":"0.3m未満"},"geometry":{"type":"Polygon","coordinates":[[[131.24363,33.60112],[131.24352,33.60103],[131.24352,33.60112],[131.24363,33.60112]]]}},{"type":"Feature","properties":{"A40_001":"大分県","A40_002":"44","A40_003":"0.3m未満"},"geometry":{"type":"Polygon","coordinates":[[[131.23813,33.60104],[131.23824,33.60113],[131.23824,33.60104],[131.23813,33.60104]]]}},{"type":"Feature","properties":{"A40_001":"大分県","A40_002":"44","A40_003":"0.3m未満"},"geometry":{"type":"Polygon","coordinates":[[[131.23792,33.60113],[131.2377,33.60113],[131.23813,33.60122],[131.23792,33.60113]]]}},{"type":"Feature","properties":{"A40_001":"大分県","A40_002":"44","A40_003":"0.3m以上 〜 1m未満"},"geometry":{"type":"Polygon","coordinates":[[[131.2571,33.60109],[131.25721,33.60118],[131.25721,33.60109],[131.2571,33.60109]]]}},{"type":"Feature","properties":{"A40_001":"大分県","A40_002":"44","A40_003":"0.3m以上 〜 1m未満"},"geometry":{"type":"Polygon","coordinates":[[[131.24341,33.60121],[131.24331,33.60112],[131.24331,33.60121],[131.24341,33.60121]]]}},{"type":"Feature","properties":{"A40_001":"大分県","A40_002":"44","A40_003":"0.3m未満"},"geometry":{"type":"Polygon","coordinates":[[[131.21701,33.60108],[131.21691,33.60099],[131.21691,33.60108],[131.21701,33.60108]]]}},{"type":"Feature","properties":{"A40_001":"大分県","A40_002":"44","A40_003":"0.3m未満"},"geometry":{"type":"Polygon","coordinates":[[[131.21626,33.60081],[131.2155,33.60099],[131.21561,33.60117],[131.21604,33.60135],[131.21626,33.60081]],[[131.21594,33.60108],[131.21604,33.60099],[131.21604,33.60108],[131.21594,33.60108]]]}},{"type":"Feature","properties":{"A40_001":"大分県","A40_002":"44","A40_003":"0.3m以上 〜 1m未満"},"geometry":{"type":"Polygon","coordinates":[[[131.21443,33.60108],[131.21432,33.60099],[131.21432,33.60108],[131.21443,33.60108]]]}},{"type":"Feature","properties":{"A40_001":"大分県","A40_002":"44","A40_003":"0.3m以上 〜 1m未満"},"geometry":{"type":"Polygon","coordinates":[[[131.21184,33.60109],[131.21173,33.601],[131.21173,33.60109],[131.21184,33.60109]]]}},{"type":"Feature","properties":{"A40_001":"大分県","A40_002":"44","A40_003":"0.3m未満"},"geometry":{"type":"Polygon","coordinates":[[[131.21173,33.60109],[131.21163,33.601],[131.21163,33.60109],[131.21173,33.60109]]]}},{"type":"Feature","properties":{"A40_001":"大分県","A40_002":"44","A40_003":"2m以上 〜 3m未満"},"geometry":{"type":"Polygon","coordinates":[[[131.21076,33.60109],[131.21033,33.601],[131.21076,33.60127],[131.21076,33.60109]]]}},{"type":"Feature","properties":{"A40_001":"大分県","A40_002":"44","A40_003":"0.3m未満"},"geometry":{"type":"Polygon","coordinates":[[[131.21141,33.60118],[131.2113,33.60109],[131.2113,33.60118],[131.21141,33.60118]]]}},{"type":"Feature","properties":{"A40_001":"大分県","A40_002":"44","A40_003":"0.3m以上 〜 1m未満"},"geometry":{"type":"Polygon","coordinates":[[[131.2113,33.60109],[131.21109,33.60118],[131.2113,33.60118],[131.2113,33.60109]]]}},{"type":"Feature","properties":{"A40_001":"大分県","A40_002":"44","A40_003":"0.3m未満"},"geometry":{"type":"Polygon","coordinates":[[[131.21012,33.601],[131.20925,33.60073],[131.20904,33.60127],[131.20958,33.60109],[131.20936,33.60154],[131.2099,33.60163],[131.21012,33.601]]]}},{"type":"Feature","properties":{"A40_001":"大分県","A40_002":"44","A40_003":"0.3m以上 〜 1m未満"},"geometry":{"type":"Polygon","coordinates":[[[131.21227,33.60127],[131.21217,33.60118],[131.21217,33.60127],[131.21227,33.60127]]]}},{"type":"Feature","properties":{"A40_001":"大分県","A40_002":"44","A40_003":"0.3m以上 〜 1m未満"},"geometry":{"type":"Polygon","coordinates":[[[131.23878,33.60113],[131.23889,33.60122],[131.23889,33.60113],[131.23878,33.60113]]]}},{"type":"Feature","properties":{"A40_001":"大分県","A40_002":"44","A40_003":"0.3m以上 〜 1m未満"},"geometry":{"type":"Polygon","coordinates":[[[131.23867,33.60104],[131.23856,33.60131],[131.23867,33.60131],[131.23867,33.60104]]]}},{"type":"Feature","properties":{"A40_001":"大分県","A40_002":"44","A40_003":"1m以上 〜 2m未満"},"geometry":{"type":"Polygon","coordinates":[[[131.23824,33.60113],[131.23835,33.60122],[131.23835,33.60113],[131.23824,33.60113]]]}},{"type":"Feature","properties":{"A40_001":"大分県","A40_002":"44","A40_003":"0.3m以上 〜 1m未満"},"geometry":{"type":"Polygon","coordinates":[[[131.23813,33.60113],[131.23824,33.60122],[131.23824,33.60113],[131.23813,33.60113]]]}},{"type":"Feature","properties":{"A40_001":"大分県","A40_002":"44","A40_003":"0.3m以上 〜 1m未満"},"geometry":{"type":"Polygon","coordinates":[[[131.22165,33.60125],[131.22154,33.60116],[131.22154,33.60125],[131.22165,33.60125]]]}},{"type":"Feature","properties":{"A40_001":"大分県","A40_002":"44","A40_003":"0.3m未満"},"geometry":{"type":"Polygon","coordinates":[[[131.24331,33.6013],[131.2432,33.60121],[131.2432,33.6013],[131.24331,33.6013]]]}},{"type":"Feature","properties":{"A40_001":"大分県","A40_002":"44","A40_003":"0.3m以上 〜 1m未満"},"geometry":{"type":"Polygon","coordinates":[[[131.21863,33.60135],[131.21852,33.60117],[131.21852,33.60135],[131.21863,33.60135]]]}},{"type":"Feature","properties":{"A40_001":"大分県","A40_002":"44","A40_003":"1m以上 〜 2m未満"},"geometry":{"type":"Polygon","coordinates":[[[131.23792,33.60122],[131.23824,33.60131],[131.23824,33.60122],[131.23792,33.60122]]]}},{"type":"Feature","properties":{"A40_001":"大分県","A40_002":"44","A40_003":"0.3m以上 〜 1m未満"},"geometry":{"type":"Polygon","coordinates":[[[131.2377,33.60122],[131.23792,33.60131],[131.23792,33.60122],[131.2377,33.60122]]]}},{"type":"Feature","properties":{"A40_001":"大分県","A40_002":"44","A40_003":"1m以上 〜 2m未満"},"geometry":{"type":"Polygon","coordinates":[[[131.23759,33.60122],[131.2377,33.60131],[131.2377,33.60122],[131.23759,33.60122]]]}},{"type":"Feature","properties":{"A40_001":"大分県","A40_002":"44","A40_003":"0.3m以上 〜 1m未満"},"geometry":{"type":"Polygon","coordinates":[[[131.21206,33.60118],[131.21173,33.60127],[131.21206,33.60136],[131.21206,33.60118]]]}},{"type":"Feature","properties":{"A40_001":"大分県","A40_002":"44","A40_003":"0.3m以上 〜 1m未満"},"geometry":{"type":"Polygon","coordinates":[[[131.21755,33.60108],[131.21658,33.6009],[131.21648,33.6018],[131.21755,33.60108]],[[131.21691,33.60108],[131.21701,33.60099],[131.21701,33.60108],[131.21691,33.60108]]]}},{"type":"Feature","properties":{"A40_001":"大分県","A40_002":"44","A40_003":"0.3m以上 〜 1m未満"},"geometry":{"type":"Polygon","coordinates":[[[131.21615,33.60117],[131.21604,33.60135],[131.21615,33.60135],[131.21615,33.60117]]]}},{"type":"Feature","properties":{"A40_001":"大分県","A40_002":"44","A40_003":"0.3m以上 〜 1m未満"},"geometry":{"type":"Polygon","coordinates":[[[131.2099,33.60055],[131.20979,33.601],[131.21141,33.60199],[131.21141,33.60181],[131.2099,33.60055]]]}},{"type":"Feature","properties":{"A40_001":"大分県","A40_002":"44","A40_003":"0.3m以上 〜 1m未満"},"geometry":{"type":"Polygon","coordinates":[[[131.2182,33.60135],[131.21809,33.60126],[131.21809,33.60135],[131.2182,33.60135]]]}},{"type":"Feature","properties":{"A40_001":"大分県","A40_002":"44","A40_003":"0.3m未満"},"geometry":{"type":"Polygon","coordinates":[[[131.21529,33.60135],[131.21518,33.60126],[131.21518,33.60135],[131.21529,33.60135]]]}},{"type":"Feature","properties":{"A40_001":"大分県","A40_002":"44","A40_003":"0.3m未満"},"geometry":{"type":"Polygon","coordinates":[[[131.21033,33.60136],[131.21023,33.60127],[131.21023,33.60136],[131.21033,33.60136]]]}},{"type":"Feature","properties":{"A40_001":"大分県","A40_002":"44","A40_003":"0.3m以上 〜 1m未満"},"geometry":{"type":"Polygon","coordinates":[[[131.21012,33.60145],[131.20979,33.60127],[131.2098,33.60145],[131.21012,33.60145]]]}},{"type":"Feature","properties":{"A40_001":"大分県","A40_002":"44","A40_003":"0.3m未満"},"geometry":{"type":"Polygon","coordinates":[[[131.20883,33.60136],[131.20872,33.60127],[131.20872,33.60136],[131.20883,33.60136]]]}},{"type":"Feature","properties":{"A40_001":"大分県","A40_002":"44","A40_003":"0.3m未満"},"geometry":{"type":"Polygon","coordinates":[[[131.21626,33.60144],[131.21604,33.60144],[131.21637,33.60153],[131.21626,33.60144]]]}},{"type":"Feature","properties":{"A40_001":"大分県","A40_002":"44","A40_003":"0.3m以上 〜 1m未満"},"geometry":{"type":"Polygon","coordinates":[[[131.23749,33.60122],[131.2376,33.60131],[131.23759,33.60122],[131.23749,33.60122]]]}},{"type":"Feature","properties":{"A40_001":"大分県","A40_002":"44","A40_003":"1m以上 〜 2m未満"},"geometry":{"type":"Polygon","coordinates":[[[131.23738,33.60122],[131.23749,33.60131],[131.23749,33.60122],[131.23738,33.60122]]]}},{"type":"Feature","properties":{"A40_001":"大分県","A40_002":"44","A40_003":"0.3m以上 〜 1m未満"},"geometry":{"type":"Polygon","coordinates":[[[131.23716,33.60131],[131.23738,33.60122],[131.23716,33.60122],[131.23716,33.60131]]]}},{"type":"Feature","properties":{"A40_001":"大分県","A40_002":"44","A40_003":"0.3m未満"},"geometry":{"type":"Polygon","coordinates":[[[131.23706,33.60122],[131.23716,33.60131],[131.23716,33.60122],[131.23706,33.60122]]]}},{"type":"Feature","properties":{"A40_001":"大分県","A40_002":"44","A40_003":"0.3m以上 〜 1m未満"},"geometry":{"type":"Polygon","coordinates":[[[131.25731,33.60118],[131.25721,33.60136],[131.25731,33.60136],[131.25731,33.60118]]]}},{"type":"Feature","properties":{"A40_001":"大分県","A40_002":"44","A40_003":"0.3m未満"},"geometry":{"type":"Polygon","coordinates":[[[131.23393,33.60123],[131.23415,33.60132],[131.23415,33.60123],[131.23393,33.60123]]]}},{"type":"Feature","properties":{"A40_001":"大分県","A40_002":"44","A40_003":"0.3m未満"},"geometry":{"type":"Polygon","coordinates":[[[131.23339,33.60123],[131.23372,33.60132],[131.23372,33.60123],[131.23339,33.60123]]]}},{"type":"Feature","properties":{"A40_001":"大分県","A40_002":"44","A40_003":"0.3m未満"},"geometry":{"type":"Polygon","coordinates":[[[131.22176,33.60125],[131.22154,33.60134],[131.22176,33.60134],[131.22176,33.60125]]]}},{"type":"Feature","properties":{"A40_001":"大分県","A40_002":"44","A40_003":"0.3m未満"},"geometry":{"type":"Polygon","coordinates":[[[131.23921,33.60122],[131.2391,33.6014],[131.23921,33.6014],[131.23921,33.60122]]]}},{"type":"Feature","properties":{"A40_001":"大分県","A40_002":"44","A40_003":"0.3m以上 〜 1m未満"},"geometry":{"type":"Polygon","coordinates":[[[131.24331,33.60139],[131.2432,33.6013],[131.2432,33.60139],[131.24331,33.60139]]]}},{"type":"Feature","properties":{"A40_001":"大分県","A40_002":"44","A40_003":"1m以上 〜 2m未満"},"geometry":{"type":"Polygon","coordinates":[[[131.23706,33.6014],[131.23727,33.60131],[131.23706,33.60131],[131.23706,33.6014]]]}},{"type":"Feature","properties":{"A40_001":"大分県","A40_002":"44","A40_003":"0.3m未満"},"geometry":{"type":"Polygon","coordinates":[[[131.23544,33.60132],[131.23555,33.60141],[131.23555,33.60132],[131.23544,33.60132]]]}},{"type":"Feature","properties":{"A40_001":"大分県","A40_002":"44","A40_003":"0.3m以上 〜 1m未満"},"geometry":{"type":"Polygon","coordinates":[[[131.23533,33.60132],[131.23544,33.60141],[131.23544,33.60132],[131.23533,33.60132]]]}},{"type":"Feature","properties":{"A40_001":"大分県","A40_002":"44","A40_003":"0.3m以上 〜 1m未満"},"geometry":{"type":"Polygon","coordinates":[[[131.23253,33.60132],[131.23264,33.60141],[131.23264,33.60132],[131.23253,33.60132]]]}},{"type":"Feature","properties":{"A40_001":"大分県","A40_002":"44","A40_003":"0.3m未満"},"geometry":{"type":"Polygon","coordinates":[[[131.23242,33.60132],[131.23253,33.60141],[131.23253,33.60132],[131.23242,33.60132]]]}},{"type":"Feature","properties":{"A40_001":"大分県","A40_002":"44","A40_003":"0.3m未満"},"geometry":{"type":"Polygon","coordinates":[[[131.22143,33.60143],[131.22132,33.60134],[131.22132,33.60143],[131.22143,33.60143]]]}},{"type":"Feature","properties":{"A40_001":"大分県","A40_002":"44","A40_003":"0.3m以上 〜 1m未満"},"geometry":{"type":"Polygon","coordinates":[[[131.24363,33.60112],[131.24352,33.60157],[131.24395,33.60166],[131.24363,33.60148],[131.24363,33.60112]]]}},{"type":"Feature","properties":{"A40_001":"大分県","A40_002":"44","A40_003":"0.3m以上 〜 1m未満"},"geometry":{"type":"Polygon","coordinates":[[[131.21917,33.60144],[131.21906,33.60135],[131.21906,33.60144],[131.21917,33.60144]]]}},{"type":"Feature","properties":{"A40_001":"大分県","A40_002":"44","A40_003":"0.3m以上 〜 1m未満"},"geometry":{"type":"Polygon","coordinates":[[[131.23878,33.60131],[131.23867,33.60149],[131.23878,33.60149],[131.23878,33.60131]]]}},{"type":"Feature","properties":{"A40_001":"大分県","A40_002":"44","A40_003":"0.3m未満"},"geometry":{"type":"Polygon","coordinates":[[[131.25731,33.60136],[131.25742,33.60145],[131.25742,33.60136],[131.25731,33.60136]]]}},{"type":"Feature","properties":{"A40_001":"大分県","A40_002":"44","A40_003":"0.3m以上 〜 1m未満"},"geometry":{"type":"Polygon","coordinates":[[[131.2113,33.60145],[131.2112,33.60127],[131.2112,33.60145],[131.2113,33.60145]]]}},{"type":"Feature","properties":{"A40_001":"大分県","A40_002":"44","A40_003":"0.3m以上 〜 1m未満"},"geometry":{"type":"Polygon","coordinates":[[[131.21809,33.60144],[131.21798,33.60135],[131.21798,33.60144],[131.21809,33.60144]]]}},{"type":"Feature","properties":{"A40_001":"大分県","A40_002":"44","A40_003":"0.3m未満"},"geometry":{"type":"Polygon","coordinates":[[[131.21712,33.60144],[131.21701,33.60135],[131.21701,33.60144],[131.21712,33.60144]]]}},{"type":"Feature","properties":{"A40_001":"大分県","A40_002":"44","A40_003":"0.3m以上 〜 1m未満"},"geometry":{"type":"Polygon","coordinates":[[[131.21637,33.60144],[131.21626,33.60135],[131.21626,33.60144],[131.21637,33.60144]]]}},{"type":"Feature","properties":{"A40_001":"大分県","A40_002":"44","A40_003":"1m以上 〜 2m未満"},"geometry":{"type":"Polygon","coordinates":[[[131.21087,33.60127],[131.21087,33.60154],[131.21109,33.60154],[131.21087,33.60127]]]}},{"type":"Feature","properties":{"A40_001":"大分県","A40_002":"44","A40_003":"0.3m未満"},"geometry":{"type":"Polygon","coordinates":[[[131.21044,33.60145],[131.21033,33.60136],[131.21033,33.60145],[131.21044,33.60145]]]}},{"type":"Feature","properties":{"A40_001":"大分県","A40_002":"44","A40_003":"0.3m未満"},"geometry":{"type":"Polygon","coordinates":[[[131.21583,33.60153],[131.21572,33.60135],[131.21572,33.60153],[131.21583,33.60153]]]}},{"type":"Feature","properties":{"A40_001":"大分県","A40_002":"44","A40_003":"0.3m以上 〜 1m未満"},"geometry":{"type":"Polygon","coordinates":[[[131.21561,33.60108],[131.21411,33.60135],[131.214,33.60163],[131.21572,33.60171],[131.21561,33.60108]]]}},{"type":"Feature","properties":{"A40_001":"大分県","A40_002":"44","A40_003":"0.3m以上 〜 1m未満"},"geometry":{"type":"Polygon","coordinates":[[[131.2126,33.60154],[131.21249,33.60145],[131.21249,33.60154],[131.2126,33.60154]]]}},{"type":"Feature","properties":{"A40_001":"大分県","A40_002":"44","A40_003":"0.3m未満"},"geometry":{"type":"Polygon","coordinates":[[[131.21087,33.60154],[131.21076,33.60145],[131.21077,33.60154],[131.21087,33.60154]]]}},{"type":"Feature","properties":{"A40_001":"大分県","A40_002":"44","A40_003":"0.3m未満"},"geometry":{"type":"Polygon","coordinates":[[[131.23953,33.6014],[131.23964,33.60149],[131.23964,33.6014],[131.23953,33.6014]]]}},{"type":"Feature","properties":{"A40_001":"大分県","A40_002":"44","A40_003":"0.3m以上 〜 1m未満"},"geometry":{"type":"Polygon","coordinates":[[[131.23921,33.60149],[131.23953,33.6014],[131.23921,33.6014],[131.23921,33.60149]]]}},{"type":"Feature","properties":{"A40_001":"大分県","A40_002":"44","A40_003":"0.3m未満"},"geometry":{"type":"Polygon","coordinates":[[[131.2363,33.60149],[131.23652,33.6014],[131.2363,33.6014],[131.2363,33.60149]]]}},{"type":"Feature","properties":{"A40_001":"大分県","A40_002":"44","A40_003":"0.3m以上 〜 1m未満"},"geometry":{"type":"Polygon","coordinates":[[[131.23609,33.6014],[131.2363,33.60149],[131.2363,33.6014],[131.23609,33.6014]]]}},{"type":"Feature","properties":{"A40_001":"大分県","A40_002":"44","A40_003":"0.3m未満"},"geometry":{"type":"Polygon","coordinates":[[[131.23167,33.6015],[131.23199,33.60141],[131.23167,33.60141],[131.23167,33.6015]]]}},{"type":"Feature","properties":{"A40_001":"大分県","A40_002":"44","A40_003":"2m以上 〜 3m未満"},"geometry":{"type":"Polygon","coordinates":[[[131.239,33.6014],[131.23878,33.60158],[131.239,33.60158],[131.239,33.6014]]]}},{"type":"Feature","properties":{"A40_001":"大分県","A40_002":"44","A40_003":"0.3m以上 〜 1m未満"},"geometry":{"type":"Polygon","coordinates":[[[131.25731,33.60145],[131.25742,33.60154],[131.25742,33.60145],[131.25731,33.60145]]]}},{"type":"Feature","properties":{"A40_001":"大分県","A40_002":"44","A40_003":"0.3m未満"},"geometry":{"type":"Polygon","coordinates":[[[131.24417,33.60148],[131.24395,33.60157],[131.24417,33.60157],[131.24417,33.60148]]]}},{"type":"Feature","properties":{"A40_001":"大分県","A40_002":"44","A40_003":"0.3m未満"},"geometry":{"type":"Polygon","coordinates":[[[131.24385,33.60157],[131.24374,33.60148],[131.24374,33.60157],[131.24385,33.60157]]]}},{"type":"Feature","properties":{"A40_001":"大分県","A40_002":"44","A40_003":"0.3m未満"},"geometry":{"type":"Polygon","coordinates":[[[131.21917,33.60162],[131.21906,33.60144],[131.21906,33.60162],[131.21917,33.60162]]]}},{"type":"Feature","properties":{"A40_001":"大分県","A40_002":"44","A40_003":"0.3m未満"},"geometry":{"type":"Polygon","coordinates":[[[131.24007,33.60149],[131.24018,33.60158],[131.24018,33.60149],[131.24007,33.60149]]]}},{"type":"Feature","properties":{"A40_001":"大分県","A40_002":"44","A40_003":"0.3m以上 〜 1m未満"},"geometry":{"type":"Polygon","coordinates":[[[131.23986,33.60158],[131.24007,33.60149],[131.23986,33.60149],[131.23986,33.60158]]]}},{"type":"Feature","properties":{"A40_001":"大分県","A40_002":"44","A40_003":"2m以上 〜 3m未満"},"geometry":{"type":"Polygon","coordinates":[[[131.23663,33.60149],[131.23673,33.60158],[131.23673,33.60149],[131.23663,33.60149]]]}},{"type":"Feature","properties":{"A40_001":"大分県","A40_002":"44","A40_003":"1m以上 〜 2m未満"},"geometry":{"type":"Polygon","coordinates":[[[131.23135,33.6015],[131.23145,33.60159],[131.23145,33.6015],[131.23135,33.6015]]]}},{"type":"Feature","properties":{"A40_001":"大分県","A40_002":"44","A40_003":"0.3m以上 〜 1m未満"},"geometry":{"type":"Polygon","coordinates":[[[131.23135,33.6015],[131.23113,33.60159],[131.23135,33.60159],[131.23135,33.6015]]]}},{"type":"Feature","properties":{"A40_001":"大分県","A40_002":"44","A40_003":"0.3m未満"},"geometry":{"type":"Polygon","coordinates":[[[131.23113,33.60159],[131.23102,33.6015],[131.23102,33.60159],[131.23113,33.60159]]]}},{"type":"Feature","properties":{"A40_001":"大分県","A40_002":"44","A40_003":"0.3m未満"},"geometry":{"type":"Polygon","coordinates":[[[131.24568,33.60148],[131.24525,33.60166],[131.24568,33.60166],[131.24568,33.60148]]]}},{"type":"Feature","properties":{"A40_001":"大分県","A40_002":"44","A40_003":"0.3m未満"},"geometry":{"type":"Polygon","coordinates":[[[131.22111,33.60161],[131.221,33.60152],[131.221,33.60161],[131.22111,33.60161]]]}},{"type":"Feature","properties":{"A40_001":"大分県","A40_002":"44","A40_003":"0.3m以上 〜 1m未満"},"geometry":{"type":"Polygon","coordinates":[[[131.21928,33.60162],[131.21917,33.60153],[131.21917,33.60162],[131.21928,33.60162]]]}},{"type":"Feature","properties":{"A40_001":"大分県","A40_002":"44","A40_003":"0.3m以上 〜 1m未満"},"geometry":{"type":"Polygon","coordinates":[[[131.25742,33.60154],[131.25753,33.60163],[131.25753,33.60154],[131.25742,33.60154]]]}},{"type":"Feature","properties":{"A40_001":"大分県","A40_002":"44","A40_003":"0.3m未満"},"geometry":{"type":"Polygon","coordinates":[[[131.24438,33.60166],[131.24428,33.60157],[131.24428,33.60166],[131.24438,33.60166]]]}},{"type":"Feature","properties":{"A40_001":"大分県","A40_002":"44","A40_003":"0.3m以上 〜 1m未満"},"geometry":{"type":"Polygon","coordinates":[[[131.24428,33.60166],[131.24417,33.60157],[131.24417,33.60166],[131.24428,33.60166]]]}},{"type":"Feature","properties":{"A40_001":"大分県","A40_002":"44","A40_003":"1m以上 〜 2m未満"},"geometry":{"type":"Polygon","coordinates":[[[131.24417,33.60157],[131.24395,33.60166],[131.24417,33.60166],[131.24417,33.60157]]]}},{"type":"Feature","properties":{"A40_001":"大分県","A40_002":"44","A40_003":"0.3m未満"},"geometry":{"type":"Polygon","coordinates":[[[131.24298,33.60166],[131.24288,33.60157],[131.24288,33.60166],[131.24298,33.60166]]]}},{"type":"Feature","properties":{"A40_001":"大分県","A40_002":"44","A40_003":"0.3m未満"},"geometry":{"type":"Polygon","coordinates":[[[131.24072,33.60158],[131.24083,33.60167],[131.24083,33.60158],[131.24072,33.60158]]]}},{"type":"Feature","properties":{"A40_001":"大分県","A40_002":"44","A40_003":"0.3m以上 〜 1m未満"},"geometry":{"type":"Polygon","coordinates":[[[131.24051,33.60167],[131.24072,33.60158],[131.24051,33.60158],[131.24051,33.60167]]]}},{"type":"Feature","properties":{"A40_001":"大分県","A40_002":"44","A40_003":"0.3m以上 〜 1m未満"},"geometry":{"type":"Polygon","coordinates":[[[131.23092,33.60168],[131.23081,33.60159],[131.23081,33.60169],[131.23092,33.60168]]]}},{"type":"Feature","properties":{"A40_001":"大分県","A40_002":"44","A40_003":"1m以上 〜 2m未満"},"geometry":{"type":"Polygon","coordinates":[[[131.23081,33.60169],[131.2307,33.6016],[131.2307,33.60169],[131.23081,33.60169]]]}},{"type":"Feature","properties":{"A40_001":"大分県","A40_002":"44","A40_003":"0.3m未満"},"geometry":{"type":"Polygon","coordinates":[[[131.2307,33.60169],[131.23059,33.6016],[131.23059,33.60169],[131.2307,33.60169]]]}},{"type":"Feature","properties":{"A40_001":"大分県","A40_002":"44","A40_003":"0.3m未満"},"geometry":{"type":"Polygon","coordinates":[[[131.22089,33.6017],[131.22068,33.60161],[131.22068,33.6017],[131.22089,33.6017]]]}},{"type":"Feature","properties":{"A40_001":"大分県","A40_002":"44","A40_003":"0.3m未満"},"geometry":{"type":"Polygon","coordinates":[[[131.21055,33.60154],[131.21044,33.60145],[131.21044,33.60154],[131.21055,33.60154]]]}},{"type":"Feature","properties":{"A40_001":"大分県","A40_002":"44","A40_003":"0.3m未満"},"geometry":{"type":"Polygon","coordinates":[[[131.21594,33.60162],[131.21583,33.60153],[131.21583,33.60162],[131.21594,33.60162]]]}},{"type":"Feature","properties":{"A40_001":"大分県","A40_002":"44","A40_003":"0.3m以上 〜 1m未満"},"geometry":{"type":"Polygon","coordinates":[[[131.21141,33.60163],[131.2113,33.60154],[131.2113,33.60163],[131.21141,33.60163]]]}},{"type":"Feature","properties":{"A40_001":"大分県","A40_002":"44","A40_003":"1m以上 〜 2m未満"},"geometry":{"type":"Polygon","coordinates":[[[131.2112,33.60163],[131.21109,33.60154],[131.21109,33.60163],[131.2112,33.60163]]]}},{"type":"Feature","properties":{"A40_001":"大分県","A40_002":"44","A40_003":"0.3m未満"},"geometry":{"type":"Polygon","coordinates":[[[131.21066,33.60163],[131.21055,33.60154],[131.21055,33.60163],[131.21066,33.60163]]]}},{"type":"Feature","properties":{"A40_001":"大分県","A40_002":"44","A40_003":"0.3m以上 〜 1m未満"},"geometry":{"type":"Polygon","coordinates":[[[131.2098,33.60163],[131.20969,33.60154],[131.20969,33.60163],[131.2098,33.60163]]]}},{"type":"Feature","properties":{"A40_001":"大分県","A40_002":"44","A40_003":"0.3m以上 〜 1m未満"},"geometry":{"type":"Polygon","coordinates":[[[131.21637,33.60153],[131.21615,33.60171],[131.21637,33.60162],[131.21637,33.60153]]]}},{"type":"Feature","properties":{"A40_001":"大分県","A40_002":"44","A40_003":"0.3m未満"},"geometry":{"type":"Polygon","coordinates":[[[131.21615,33.60171],[131.21605,33.60153],[131.21605,33.60171],[131.21615,33.60171]]]}},{"type":"Feature","properties":{"A40_001":"大分県","A40_002":"44","A40_003":"0.3m未満"},"geometry":{"type":"Polygon","coordinates":[[[131.21637,33.60171],[131.21626,33.60162],[131.21626,33.60171],[131.21637,33.60171]]]}},{"type":"Feature","properties":{"A40_001":"大分県","A40_002":"44","A40_003":"0.3m以上 〜 1m未満"},"geometry":{"type":"Polygon","coordinates":[[[131.21367,33.60145],[131.21357,33.6019],[131.21389,33.6019],[131.21389,33.60172],[131.21367,33.60145]]]}},{"type":"Feature","properties":{"A40_001":"大分県","A40_002":"44","A40_003":"0.3m以上 〜 1m未満"},"geometry":{"type":"Polygon","coordinates":[[[131.21906,33.60171],[131.21895,33.60162],[131.21895,33.60171],[131.21906,33.60171]]]}},{"type":"Feature","properties":{"A40_001":"大分県","A40_002":"44","A40_003":"1m以上 〜 2m未満"},"geometry":{"type":"Polygon","coordinates":[[[131.25753,33.60163],[131.25764,33.60172],[131.25764,33.60163],[131.25753,33.60163]]]}},{"type":"Feature","properties":{"A40_001":"大分県","A40_002":"44","A40_003":"0.3m未満"},"geometry":{"type":"Polygon","coordinates":[[[131.25742,33.60163],[131.25753,33.60172],[131.25753,33.60163],[131.25742,33.60163]]]}},{"type":"Feature","properties":{"A40_001":"大分県","A40_002":"44","A40_003":"0.3m未満"},"geometry":{"type":"Polygon","coordinates":[[[131.2446,33.60175],[131.24449,33.60166],[131.24449,33.60175],[131.2446,33.60175]]]}},{"type":"Feature","properties":{"A40_001":"大分県","A40_002":"44","A40_003":"0.3m以上 〜 1m未満"},"geometry":{"type":"Polygon","coordinates":[[[131.24449,33.60175],[131.24438,33.60166],[131.24438,33.60175],[131.24449,33.60175]]]}},{"type":"Feature","properties":{"A40_001":"大分県","A40_002":"44","A40_003":"1m以上 〜 2m未満"},"geometry":{"type":"Polygon","coordinates":[[[131.24438,33.60175],[131.24428,33.60166],[131.24428,33.60175],[131.24438,33.60175]]]}},{"type":"Feature","properties":{"A40_001":"大分県","A40_002":"44","A40_003":"0.3m未満"},"geometry":{"type":"Polygon","coordinates":[[[131.2196,33.60134],[131.21928,33.60162],[131.21982,33.60207],[131.21982,33.60171],[131.2196,33.60134]]]}},{"type":"Feature","properties":{"A40_001":"大分県","A40_002":"44","A40_003":"1m以上 〜 2m未満"},"geometry":{"type":"Polygon","coordinates":[[[131.24352,33.60094],[131.24298,33.60202],[131.23943,33.60149],[131.24029,33.60185],[131.23911,33.60203],[131.24385,33.60238],[131.24352,33.60094]],[[131.24061,33.60203],[131.24072,33.60194],[131.24072,33.60203],[131.24061,33.60203]]]}},{"type":"Feature","properties":{"A40_001":"大分県","A40_002":"44","A40_003":"0.3m以上 〜 1m未満"},"geometry":{"type":"Polygon","coordinates":[[[131.2432,33.60175],[131.24309,33.60166],[131.24309,33.60175],[131.2432,33.60175]]]}},{"type":"Feature","properties":{"A40_001":"大分県","A40_002":"44","A40_003":"0.3m未満"},"geometry":{"type":"Polygon","coordinates":[[[131.24309,33.60175],[131.24298,33.60166],[131.24298,33.60175],[131.24309,33.60175]]]}},{"type":"Feature","properties":{"A40_001":"大分県","A40_002":"44","A40_003":"0.3m以上 〜 1m未満"},"geometry":{"type":"Polygon","coordinates":[[[131.21217,33.60172],[131.21206,33.60163],[131.21206,33.60172],[131.21217,33.60172]]]}},{"type":"Feature","properties":{"A40_001":"大分県","A40_002":"44","A40_003":"0.3m未満"},"geometry":{"type":"Polygon","coordinates":[[[131.21173,33.60154],[131.21152,33.60172],[131.21174,33.60181],[131.21173,33.60154]]]}},{"type":"Feature","properties":{"A40_001":"大分県","A40_002":"44","A40_003":"1m以上 〜 2m未満"},"geometry":{"type":"Polygon","coordinates":[[[131.2113,33.60172],[131.2112,33.60163],[131.2112,33.60172],[131.2113,33.60172]]]}},{"type":"Feature","properties":{"A40_001":"大分県","A40_002":"44","A40_003":"0.3m未満"},"geometry":{"type":"Polygon","coordinates":[[[131.21077,33.60172],[131.21066,33.60163],[131.21066,33.60172],[131.21077,33.60172]]]}},{"type":"Feature","properties":{"A40_001":"大分県","A40_002":"44","A40_003":"0.3m未満"},"geometry":{"type":"Polygon","coordinates":[[[131.21798,33.60135],[131.21744,33.60108],[131.21766,33.60144],[131.2168,33.60153],[131.21605,33.60234],[131.21745,33.60252],[131.21788,33.60225],[131.21766,33.6018],[131.21852,33.6018],[131.21971,33.60089],[131.21798,33.60135]],[[131.21669,33.60171],[131.2168,33.6018],[131.21669,33.6018],[131.21669,33.60171]],[[131.21691,33.60207],[131.21712,33.60225],[131.21691,33.60234],[131.21691,33.60207]],[[131.21885,33.60135],[131.21874,33.60126],[131.21885,33.60126],[131.21885,33.60135]],[[131.21734,33.6018],[131.21745,33.60171],[131.21745,33.6018],[131.21734,33.6018]]]}},{"type":"Feature","properties":{"A40_001":"大分県","A40_002":"44","A40_003":"0.3m以上 〜 1m未満"},"geometry":{"type":"Polygon","coordinates":[[[131.21551,33.6018],[131.2154,33.60171],[131.2154,33.6018],[131.21551,33.6018]]]}},{"type":"Feature","properties":{"A40_001":"大分県","A40_002":"44","A40_003":"0.3m以上 〜 1m未満"},"geometry":{"type":"Polygon","coordinates":[[[131.21206,33.60181],[131.21195,33.60172],[131.21195,33.60181],[131.21206,33.60181]]]}},{"type":"Feature","properties":{"A40_001":"大分県","A40_002":"44","A40_003":"0.3m未満"},"geometry":{"type":"Polygon","coordinates":[[[131.20667,33.60182],[131.20656,33.60173],[131.20656,33.60182],[131.20667,33.60182]]]}},{"type":"Feature","properties":{"A40_001":"大分県","A40_002":"44","A40_003":"0.3m以上 〜 1m未満"},"geometry":{"type":"Polygon","coordinates":[[[131.21648,33.60189],[131.21637,33.6018],[131.21637,33.60189],[131.21648,33.60189]]]}},{"type":"Feature","properties":{"A40_001":"大分県","A40_002":"44","A40_003":"0.3m以上 〜 1m未満"},"geometry":{"type":"Polygon","coordinates":[[[131.21346,33.6019],[131.21324,33.60181],[131.21324,33.6019],[131.21346,33.6019]]]}},{"type":"Feature","properties":{"A40_001":"大分県","A40_002":"44","A40_003":"0.3m以上 〜 1m未満"},"geometry":{"type":"Polygon","coordinates":[[[131.24298,33.60175],[131.24288,33.60166],[131.24288,33.60175],[131.24298,33.60175]]]}},{"type":"Feature","properties":{"A40_001":"大分県","A40_002":"44","A40_003":"0.3m未満"},"geometry":{"type":"Polygon","coordinates":[[[131.24148,33.60175],[131.2418,33.60166],[131.24148,33.60166],[131.24148,33.60175]]]}},{"type":"Feature","properties":{"A40_001":"大分県","A40_002":"44","A40_003":"0.3m以上 〜 1m未満"},"geometry":{"type":"Polygon","coordinates":[[[131.24115,33.60176],[131.24148,33.60166],[131.24115,33.60167],[131.24115,33.60176]]]}},{"type":"Feature","properties":{"A40_001":"大分県","A40_002":"44","A40_003":"2m以上 〜 3m未満"},"geometry":{"type":"Polygon","coordinates":[[[131.24018,33.60167],[131.239,33.60185],[131.24029,33.60185],[131.24018,33.60167]]]}},{"type":"Feature","properties":{"A40_001":"大分県","A40_002":"44","A40_003":"1m以上 〜 2m未満"},"geometry":{"type":"Polygon","coordinates":[[[131.23867,33.60131],[131.23867,33.60203],[131.239,33.60221],[131.23921,33.6014],[131.23867,33.60131]],[[131.23878,33.60158],[131.239,33.6014],[131.239,33.60158],[131.23878,33.60158]]]}},{"type":"Feature","properties":{"A40_001":"大分県","A40_002":"44","A40_003":"0.3m以上 〜 1m未満"},"geometry":{"type":"Polygon","coordinates":[[[131.23048,33.60178],[131.23038,33.60169],[131.23038,33.60178],[131.23048,33.60178]]]}},{"type":"Feature","properties":{"A40_001":"大分県","A40_002":"44","A40_003":"0.3m未満"},"geometry":{"type":"Polygon","coordinates":[[[131.23038,33.60178],[131.23027,33.60169],[131.23027,33.60178],[131.23038,33.60178]]]}},{"type":"Feature","properties":{"A40_001":"大分県","A40_002":"44","A40_003":"0.3m未満"},"geometry":{"type":"Polygon","coordinates":[[[131.24492,33.60184],[131.24482,33.60166],[131.24482,33.60184],[131.24492,33.60184]]]}},{"type":"Feature","properties":{"A40_001":"大分県","A40_002":"44","A40_003":"0.3m以上 〜 1m未満"},"geometry":{"type":"Polygon","coordinates":[[[131.21896,33.6018],[131.21885,33.60171],[131.21885,33.6018],[131.21896,33.6018]]]}},{"type":"Feature","properties":{"A40_001":"大分県","A40_002":"44","A40_003":"0.3m未満"},"geometry":{"type":"Polygon","coordinates":[[[131.21874,33.6018],[131.21863,33.60171],[131.21863,33.6018],[131.21874,33.6018]]]}},{"type":"Feature","properties":{"A40_001":"大分県","A40_002":"44","A40_003":"0.3m未満"},"geometry":{"type":"Polygon","coordinates":[[[131.20624,33.60164],[131.20613,33.60155],[131.20613,33.60164],[131.20624,33.60164]]]}},{"type":"Feature","properties":{"A40_001":"大分県","A40_002":"44","A40_003":"0.3m以上 〜 1m未満"},"geometry":{"type":"Polygon","coordinates":[[[131.20646,33.60164],[131.20613,33.60173],[131.20667,33.60191],[131.20646,33.60164]]]}},{"type":"Feature","properties":{"A40_001":"大分県","A40_002":"44","A40_003":"0.3m未満"},"geometry":{"type":"Polygon","coordinates":[[[131.20613,33.60173],[131.20602,33.60164],[131.20602,33.60173],[131.20613,33.60173]]]}},{"type":"Feature","properties":{"A40_001":"大分県","A40_002":"44","A40_003":"0.3m以上 〜 1m未満"},"geometry":{"type":"Polygon","coordinates":[[[131.20484,33.60173],[131.20473,33.60164],[131.20473,33.60173],[131.20484,33.60173]]]}},{"type":"Feature","properties":{"A40_001":"大分県","A40_002":"44","A40_003":"0.3m未満"},"geometry":{"type":"Polygon","coordinates":[[[131.20624,33.60182],[131.20613,33.60173],[131.20613,33.60182],[131.20624,33.60182]]]}},{"type":"Feature","properties":{"A40_001":"大分県","A40_002":"44","A40_003":"0.3m以上 〜 1m未満"},"geometry":{"type":"Polygon","coordinates":[[[131.20495,33.60191],[131.20484,33.60182],[131.20484,33.60191],[131.20495,33.60191]]]}},{"type":"Feature","properties":{"A40_001":"大分県","A40_002":"44","A40_003":"0.3m以上 〜 1m未満"},"geometry":{"type":"Polygon","coordinates":[[[131.20473,33.60191],[131.20462,33.60182],[131.20462,33.60191],[131.20473,33.60191]]]}},{"type":"Feature","properties":{"A40_001":"大分県","A40_002":"44","A40_003":"0.3m未満"},"geometry":{"type":"Polygon","coordinates":[[[131.20516,33.602],[131.20506,33.60191],[131.20506,33.602],[131.20516,33.602]]]}},{"type":"Feature","properties":{"A40_001":"大分県","A40_002":"44","A40_003":"0.3m以上 〜 1m未満"},"geometry":{"type":"Polygon","coordinates":[[[131.20506,33.602],[131.20495,33.60191],[131.20495,33.602],[131.20506,33.602]]]}},{"type":"Feature","properties":{"A40_001":"大分県","A40_002":"44","A40_003":"0.3m以上 〜 1m未満"},"geometry":{"type":"Polygon","coordinates":[[[131.20409,33.602],[131.20398,33.60191],[131.20398,33.602],[131.20409,33.602]]]}},{"type":"Feature","properties":{"A40_001":"大分県","A40_002":"44","A40_003":"0.3m未満"},"geometry":{"type":"Polygon","coordinates":[[[131.24288,33.60166],[131.24255,33.60193],[131.24277,33.60193],[131.24288,33.60166]]]}},{"type":"Feature","properties":{"A40_001":"大分県","A40_002":"44","A40_003":"0.3m以上 〜 1m未満"},"geometry":{"type":"Polygon","coordinates":[[[131.25753,33.60172],[131.25764,33.60181],[131.25764,33.60172],[131.25753,33.60172]]]}},{"type":"Feature","properties":{"A40_001":"大分県","A40_002":"44","A40_003":"0.3m未満"},"geometry":{"type":"Polygon","coordinates":[[[131.246,33.60148],[131.24568,33.60184],[131.24622,33.60211],[131.24632,33.60184],[131.246,33.60148]]]}},{"type":"Feature","properties":{"A40_001":"大分県","A40_002":"44","A40_003":"0.3m以上 〜 1m未満"},"geometry":{"type":"Polygon","coordinates":[[[131.24535,33.60184],[131.24525,33.60193],[131.24546,33.60193],[131.24535,33.60184]]]}},{"type":"Feature","properties":{"A40_001":"大分県","A40_002":"44","A40_003":"0.3m未満"},"geometry":{"type":"Polygon","coordinates":[[[131.24525,33.60184],[131.24514,33.60175],[131.24514,33.60184],[131.24525,33.60184]]]}},{"type":"Feature","properties":{"A40_001":"大分県","A40_002":"44","A40_003":"0.3m以上 〜 1m未満"},"geometry":{"type":"Polygon","coordinates":[[[131.24514,33.60175],[131.24492,33.60184],[131.24514,33.60184],[131.24514,33.60175]]]}},{"type":"Feature","properties":{"A40_001":"大分県","A40_002":"44","A40_003":"0.3m以上 〜 1m未満"},"geometry":{"type":"Polygon","coordinates":[[[131.24288,33.60184],[131.24277,33.60175],[131.24277,33.60184],[131.24288,33.60184]]]}},{"type":"Feature","properties":{"A40_001":"大分県","A40_002":"44","A40_003":"0.3m未満"},"geometry":{"type":"Polygon","coordinates":[[[131.24212,33.60184],[131.24201,33.60175],[131.24201,33.60184],[131.24212,33.60184]]]}},{"type":"Feature","properties":{"A40_001":"大分県","A40_002":"44","A40_003":"0.3m以上 〜 1m未満"},"geometry":{"type":"Polygon","coordinates":[[[131.2418,33.60184],[131.24201,33.60175],[131.2418,33.60175],[131.2418,33.60184]]]}},{"type":"Feature","properties":{"A40_001":"大分県","A40_002":"44","A40_003":"1m以上 〜 2m未満"},"geometry":{"type":"Polygon","coordinates":[[[131.23016,33.60187],[131.23005,33.60178],[131.23005,33.60187],[131.23016,33.60187]]]}},{"type":"Feature","properties":{"A40_001":"大分県","A40_002":"44","A40_003":"0.3m以上 〜 1m未満"},"geometry":{"type":"Polygon","coordinates":[[[131.23005,33.60187],[131.22995,33.60178],[131.22995,33.60187],[131.23005,33.60187]]]}},{"type":"Feature","properties":{"A40_001":"大分県","A40_002":"44","A40_003":"0.3m未満"},"geometry":{"type":"Polygon","coordinates":[[[131.22995,33.60187],[131.22984,33.60178],[131.22984,33.60187],[131.22995,33.60187]]]}},{"type":"Feature","properties":{"A40_001":"大分県","A40_002":"44","A40_003":"0.3m未満"},"geometry":{"type":"Polygon","coordinates":[[[131.22197,33.60188],[131.22186,33.60179],[131.22186,33.60188],[131.22197,33.60188]]]}},{"type":"Feature","properties":{"A40_001":"大分県","A40_002":"44","A40_003":"0.3m以上 〜 1m未満"},"geometry":{"type":"Polygon","coordinates":[[[131.24482,33.60184],[131.24471,33.60193],[131.24492,33.60193],[131.24482,33.60184]]]}},{"type":"Feature","properties":{"A40_001":"大分県","A40_002":"44","A40_003":"1m以上 〜 2m未満"},"geometry":{"type":"Polygon","coordinates":[[[131.24471,33.60193],[131.24438,33.60175],[131.24438,33.60184],[131.24471,33.60193]]]}},{"type":"Feature","properties":{"A40_001":"大分県","A40_002":"44","A40_003":"0.3m未満"},"geometry":{"type":"Polygon","coordinates":[[[131.22046,33.60188],[131.22036,33.60179],[131.22036,33.60188],[131.22046,33.60188]]]}},{"type":"Feature","properties":{"A40_001":"大分県","A40_002":"44","A40_003":"0.3m以上 〜 1m未満"},"geometry":{"type":"Polygon","coordinates":[[[131.21874,33.60189],[131.21863,33.6018],[131.21863,33.60189],[131.21874,33.60189]]]}},{"type":"Feature","properties":{"A40_001":"大分県","A40_002":"44","A40_003":"0.3m未満"},"geometry":{"type":"Polygon","coordinates":[[[131.24298,33.60193],[131.24288,33.60184],[131.24288,33.60193],[131.24298,33.60193]]]}},{"type":"Feature","properties":{"A40_001":"大分県","A40_002":"44","A40_003":"0.3m以上 〜 1m未満"},"geometry":{"type":"Polygon","coordinates":[[[131.24255,33.60193],[131.24234,33.60184],[131.24234,33.60193],[131.24255,33.60193]]]}},{"type":"Feature","properties":{"A40_001":"大分県","A40_002":"44","A40_003":"0.3m以上 〜 1m未満"},"geometry":{"type":"Polygon","coordinates":[[[131.22984,33.60196],[131.22973,33.60187],[131.22973,33.60196],[131.22984,33.60196]]]}},{"type":"Feature","properties":{"A40_001":"大分県","A40_002":"44","A40_003":"1m以上 〜 2m未満"},"geometry":{"type":"Polygon","coordinates":[[[131.22973,33.60196],[131.22962,33.60187],[131.22962,33.60196],[131.22973,33.60196]]]}},{"type":"Feature","properties":{"A40_001":"大分県","A40_002":"44","A40_003":"0.3m以上 〜 1m未満"},"geometry":{"type":"Polygon","coordinates":[[[131.22962,33.60196],[131.22952,33.60187],[131.22952,33.60196],[131.22962,33.60196]]]}},{"type":"Feature","properties":{"A40_001":"大分県","A40_002":"44","A40_003":"0.3m以上 〜 1m未満"},"geometry":{"type":"Polygon","coordinates":[[[131.21863,33.60198],[131.21852,33.60189],[131.21852,33.60198],[131.21863,33.60198]]]}},{"type":"Feature","properties":{"A40_001":"大分県","A40_002":"44","A40_003":"0.3m未満"},"geometry":{"type":"Polygon","coordinates":[[[131.25764,33.6019],[131.25775,33.60199],[131.25775,33.6019],[131.25764,33.6019]]]}},{"type":"Feature","properties":{"A40_001":"大分県","A40_002":"44","A40_003":"0.3m以上 〜 1m未満"},"geometry":{"type":"Polygon","coordinates":[[[131.24568,33.60184],[131.24557,33.60211],[131.24643,33.60229],[131.24568,33.60184]]]}},{"type":"Feature","properties":{"A40_001":"大分県","A40_002":"44","A40_003":"0.3m未満"},"geometry":{"type":"Polygon","coordinates":[[[131.24536,33.60202],[131.24525,33.60193],[131.24525,33.60202],[131.24536,33.60202]]]}},{"type":"Feature","properties":{"A40_001":"大分県","A40_002":"44","A40_003":"1m以上 〜 2m未満"},"geometry":{"type":"Polygon","coordinates":[[[131.24514,33.60211],[131.24492,33.60184],[131.24471,33.60202],[131.24514,33.60211]]]}},{"type":"Feature","properties":{"A40_001":"大分県","A40_002":"44","A40_003":"0.3m以上 〜 1m未満"},"geometry":{"type":"Polygon","coordinates":[[[131.24298,33.60202],[131.24288,33.60193],[131.24288,33.60202],[131.24298,33.60202]]]}},{"type":"Feature","properties":{"A40_001":"大分県","A40_002":"44","A40_003":"2m以上 〜 3m未満"},"geometry":{"type":"Polygon","coordinates":[[[131.24061,33.60194],[131.24072,33.60203],[131.24072,33.60194],[131.24061,33.60194]]]}},{"type":"Feature","properties":{"A40_001":"大分県","A40_002":"44","A40_003":"1m以上 〜 2m未満"},"geometry":{"type":"Polygon","coordinates":[[[131.22952,33.60205],[131.22941,33.60196],[131.22941,33.60205],[131.22952,33.60205]]]}},{"type":"Feature","properties":{"A40_001":"大分県","A40_002":"44","A40_003":"0.3m以上 〜 1m未満"},"geometry":{"type":"Polygon","coordinates":[[[131.21174,33.6019],[131.21163,33.60181],[131.21163,33.6019],[131.21174,33.6019]]]}},{"type":"Feature","properties":{"A40_001":"大分県","A40_002":"44","A40_003":"0.3m以上 〜 1m未満"},"geometry":{"type":"Polygon","coordinates":[[[131.21227,33.60199],[131.21217,33.60181],[131.21217,33.60199],[131.21227,33.60199]]]}},{"type":"Feature","properties":{"A40_001":"大分県","A40_002":"44","A40_003":"0.3m以上 〜 1m未満"},"geometry":{"type":"Polygon","coordinates":[[[131.21497,33.60198],[131.21486,33.60189],[131.21486,33.60198],[131.21497,33.60198]]]}},{"type":"Feature","properties":{"A40_001":"大分県","A40_002":"44","A40_003":"0.3m以上 〜 1m未満"},"geometry":{"type":"Polygon","coordinates":[[[131.21292,33.60199],[131.21281,33.6019],[131.21281,33.60199],[131.21292,33.60199]]]}},{"type":"Feature","properties":{"A40_001":"大分県","A40_002":"44","A40_003":"0.3m以上 〜 1m未満"},"geometry":{"type":"Polygon","coordinates":[[[131.20678,33.602],[131.20667,33.60191],[131.20667,33.602],[131.20678,33.602]]]}},{"type":"Feature","properties":{"A40_001":"大分県","A40_002":"44","A40_003":"0.3m以上 〜 1m未満"},"geometry":{"type":"Polygon","coordinates":[[[131.21831,33.60207],[131.2182,33.60198],[131.2182,33.60207],[131.21831,33.60207]]]}},{"type":"Feature","properties":{"A40_001":"大分県","A40_002":"44","A40_003":"0.3m以上 〜 1m未満"},"geometry":{"type":"Polygon","coordinates":[[[131.21637,33.60207],[131.21626,33.60198],[131.21626,33.60207],[131.21637,33.60207]]]}},{"type":"Feature","properties":{"A40_001":"大分県","A40_002":"44","A40_003":"0.3m以上 〜 1m未満"},"geometry":{"type":"Polygon","coordinates":[[[131.21615,33.60207],[131.21605,33.60198],[131.21605,33.60207],[131.21615,33.60207]]]}},{"type":"Feature","properties":{"A40_001":"大分県","A40_002":"44","A40_003":"0.3m以上 〜 1m未満"},"geometry":{"type":"Polygon","coordinates":[[[131.21195,33.60217],[131.21184,33.60199],[131.21184,33.60217],[131.21195,33.60217]]]}},{"type":"Feature","properties":{"A40_001":"大分県","A40_002":"44","A40_003":"0.3m以上 〜 1m未満"},"geometry":{"type":"Polygon","coordinates":[[[131.21163,33.60217],[131.21152,33.60199],[131.21152,33.60217],[131.21163,33.60217]]]}},{"type":"Feature","properties":{"A40_001":"大分県","A40_002":"44","A40_003":"0.3m以上 〜 1m未満"},"geometry":{"type":"Polygon","coordinates":[[[131.22941,33.60205],[131.2293,33.60196],[131.2293,33.60205],[131.22941,33.60205]]]}},{"type":"Feature","properties":{"A40_001":"大分県","A40_002":"44","A40_003":"0.3m未満"},"geometry":{"type":"Polygon","coordinates":[[[131.2293,33.60196],[131.22908,33.60205],[131.2293,33.60205],[131.2293,33.60196]]]}},{"type":"Feature","properties":{"A40_001":"大分県","A40_002":"44","A40_003":"1m以上 〜 2m未満"},"geometry":{"type":"Polygon","coordinates":[[[131.21939,33.60189],[131.21831,33.60198],[131.2182,33.60225],[131.21939,33.60189]]]}},{"type":"Feature","properties":{"A40_001":"大分県","A40_002":"44","A40_003":"0.3m以上 〜 1m未満"},"geometry":{"type":"Polygon","coordinates":[[[131.24536,33.60211],[131.24514,33.60202],[131.24514,33.60211],[131.24536,33.60211]]]}},{"type":"Feature","properties":{"A40_001":"大分県","A40_002":"44","A40_003":"1m以上 〜 2m未満"},"geometry":{"type":"Polygon","coordinates":[[[131.22919,33.60214],[131.22898,33.60205],[131.22898,33.60214],[131.22919,33.60214]]]}},{"type":"Feature","properties":{"A40_001":"大分県","A40_002":"44","A40_003":"0.3m以上 〜 1m未満"},"geometry":{"type":"Polygon","coordinates":[[[131.22898,33.60205],[131.22876,33.60214],[131.22898,33.60214],[131.22898,33.60205]]]}},{"type":"Feature","properties":{"A40_001":"大分県","A40_002":"44","A40_003":"0.3m以上 〜 1m未満"},"geometry":{"type":"Polygon","coordinates":[[[131.25775,33.60208],[131.25786,33.60217],[131.25785,33.60208],[131.25775,33.60208]]]}},{"type":"Feature","properties":{"A40_001":"大分県","A40_002":"44","A40_003":"0.3m以上 〜 1m未満"},"geometry":{"type":"Polygon","coordinates":[[[131.24654,33.6022],[131.24643,33.60211],[131.24643,33.6022],[131.24654,33.6022]]]}},{"type":"Feature","properties":{"A40_001":"大分県","A40_002":"44","A40_003":"0.3m未満"},"geometry":{"type":"Polygon","coordinates":[[[131.24633,33.6022],[131.24622,33.60211],[131.24622,33.6022],[131.24633,33.6022]]]}},{"type":"Feature","properties":{"A40_001":"大分県","A40_002":"44","A40_003":"0.3m未満"},"geometry":{"type":"Polygon","coordinates":[[[131.2196,33.60198],[131.21917,33.60207],[131.21917,33.60234],[131.2195,33.60234],[131.2196,33.60198]],[[131.21949,33.60225],[131.21939,33.60216],[131.21949,33.60216],[131.21949,33.60225]]]}},{"type":"Feature","properties":{"A40_001":"大分県","A40_002":"44","A40_003":"0.3m未満"},"geometry":{"type":"Polygon","coordinates":[[[131.21809,33.60216],[131.21799,33.60207],[131.21799,33.60216],[131.21809,33.60216]]]}},{"type":"Feature","properties":{"A40_001":"大分県","A40_002":"44","A40_003":"0.3m未満"},"geometry":{"type":"Polygon","coordinates":[[[131.21206,33.60217],[131.21195,33.60208],[131.21195,33.60217],[131.21206,33.60217]]]}},{"type":"Feature","properties":{"A40_001":"大分県","A40_002":"44","A40_003":"0.3m以上 〜 1m未満"},"geometry":{"type":"Polygon","coordinates":[[[131.20689,33.60218],[131.20678,33.60209],[131.20678,33.60218],[131.20689,33.60218]]]}},{"type":"Feature","properties":{"A40_001":"大分県","A40_002":"44","A40_003":"0.3m以上 〜 1m未満"},"geometry":{"type":"Polygon","coordinates":[[[131.21626,33.60225],[131.21615,33.60216],[131.21615,33.60225],[131.21626,33.60225]]]}},{"type":"Feature","properties":{"A40_001":"大分県","A40_002":"44","A40_003":"0.3m未満"},"geometry":{"type":"Polygon","coordinates":[[[131.21594,33.60225],[131.21583,33.60216],[131.21583,33.60225],[131.21594,33.60225]]]}},{"type":"Feature","properties":{"A40_001":"大分県","A40_002":"44","A40_003":"0.3m以上 〜 1m未満"},"geometry":{"type":"Polygon","coordinates":[[[131.21432,33.60217],[131.214,33.60226],[131.21432,33.60226],[131.21432,33.60217]]]}},{"type":"Feature","properties":{"A40_001":"大分県","A40_002":"44","A40_003":"1m以上 〜 2m未満"},"geometry":{"type":"Polygon","coordinates":[[[131.21217,33.60226],[131.21206,33.60217],[131.21206,33.60226],[131.21217,33.60226]]]}},{"type":"Feature","properties":{"A40_001":"大分県","A40_002":"44","A40_003":"0.3m以上 〜 1m未満"},"geometry":{"type":"Polygon","coordinates":[[[131.21206,33.60226],[131.21195,33.60217],[131.21195,33.60226],[131.21206,33.60226]]]}},{"type":"Feature","properties":{"A40_001":"大分県","A40_002":"44","A40_003":"0.3m以上 〜 1m未満"},"geometry":{"type":"Polygon","coordinates":[[[131.207,33.60227],[131.20689,33.60218],[131.20689,33.60227],[131.207,33.60227]]]}},{"type":"Feature","properties":{"A40_001":"大分県","A40_002":"44","A40_003":"0.3m未満"},"geometry":{"type":"Polygon","coordinates":[[[131.21238,33.60217],[131.21228,33.60235],[131.21238,33.60235],[131.21238,33.60217]]]}},{"type":"Feature","properties":{"A40_001":"大分県","A40_002":"44","A40_003":"2m以上 〜 3m未満"},"geometry":{"type":"Polygon","coordinates":[[[131.22887,33.60223],[131.22865,33.60214],[131.22865,33.60223],[131.22887,33.60223]]]}},{"type":"Feature","properties":{"A40_001":"大分県","A40_002":"44","A40_003":"1m以上 〜 2m未満"},"geometry":{"type":"Polygon","coordinates":[[[131.22865,33.60223],[131.22855,33.60214],[131.22855,33.60223],[131.22865,33.60223]]]}},{"type":"Feature","properties":{"A40_001":"大分県","A40_002":"44","A40_003":"0.3m未満"},"geometry":{"type":"Polygon","coordinates":[[[131.22391,33.60224],[131.2238,33.60215],[131.22381,33.60224],[131.22391,33.60224]]]}},{"type":"Feature","properties":{"A40_001":"大分県","A40_002":"44","A40_003":"0.3m未満"},"geometry":{"type":"Polygon","coordinates":[[[131.22219,33.60224],[131.22208,33.60215],[131.22208,33.60224],[131.22219,33.60224]]]}},{"type":"Feature","properties":{"A40_001":"大分県","A40_002":"44","A40_003":"0.3m未満"},"geometry":{"type":"Polygon","coordinates":[[[131.21993,33.60225],[131.21982,33.60216],[131.21982,33.60225],[131.21993,33.60225]]]}},{"type":"Feature","properties":{"A40_001":"大分県","A40_002":"44","A40_003":"1m以上 〜 2m未満"},"geometry":{"type":"Polygon","coordinates":[[[131.22855,33.60232],[131.22844,33.60223],[131.22844,33.60232],[131.22855,33.60232]]]}},{"type":"Feature","properties":{"A40_001":"大分県","A40_002":"44","A40_003":"0.3m以上 〜 1m未満"},"geometry":{"type":"Polygon","coordinates":[[[131.22844,33.60232],[131.22822,33.60223],[131.22822,33.60232],[131.22844,33.60232]]]}},{"type":"Feature","properties":{"A40_001":"大分県","A40_002":"44","A40_003":"0.3m未満"},"geometry":{"type":"Polygon","coordinates":[[[131.22424,33.60233],[131.22413,33.60224],[131.22413,33.60233],[131.22424,33.60233]]]}},{"type":"Feature","properties":{"A40_001":"大分県","A40_002":"44","A40_003":"0.3m以上 〜 1m未満"},"geometry":{"type":"Polygon","coordinates":[[[131.2196,33.60234],[131.21949,33.60225],[131.2195,33.60234],[131.2196,33.60234]]]}},{"type":"Feature","properties":{"A40_001":"大分県","A40_002":"44","A40_003":"0.3m未満"},"geometry":{"type":"Polygon","coordinates":[[[131.25786,33.60226],[131.25796,33.60235],[131.25796,33.60226],[131.25786,33.60226]]]}},{"type":"Feature","properties":{"A40_001":"大分県","A40_002":"44","A40_003":"0.3m以上 〜 1m未満"},"geometry":{"type":"Polygon","coordinates":[[[131.20516,33.60209],[131.20506,33.602],[131.20506,33.60209],[131.20516,33.60209]]]}},{"type":"Feature","properties":{"A40_001":"大分県","A40_002":"44","A40_003":"0.3m未満"},"geometry":{"type":"Polygon","coordinates":[[[131.20506,33.60209],[131.20495,33.602],[131.20495,33.60209],[131.20506,33.60209]]]}},{"type":"Feature","properties":{"A40_001":"大分県","A40_002":"44","A40_003":"0.3m以上 〜 1m未満"},"geometry":{"type":"Polygon","coordinates":[[[131.20495,33.60209],[131.20484,33.602],[131.20484,33.60209],[131.20495,33.60209]]]}},{"type":"Feature","properties":{"A40_001":"大分県","A40_002":"44","A40_003":"0.3m以上 〜 1m未満"},"geometry":{"type":"Polygon","coordinates":[[[131.20441,33.60209],[131.2043,33.602],[131.2043,33.60209],[131.20441,33.60209]]]}},{"type":"Feature","properties":{"A40_001":"大分県","A40_002":"44","A40_003":"0.3m以上 〜 1m未満"},"geometry":{"type":"Polygon","coordinates":[[[131.20506,33.60218],[131.20495,33.60209],[131.20495,33.60218],[131.20506,33.60218]]]}},{"type":"Feature","properties":{"A40_001":"大分県","A40_002":"44","A40_003":"0.3m以上 〜 1m未満"},"geometry":{"type":"Polygon","coordinates":[[[131.20635,33.60236],[131.20624,33.60227],[131.20624,33.60236],[131.20635,33.60236]]]}},{"type":"Feature","properties":{"A40_001":"大分県","A40_002":"44","A40_003":"0.3m以上 〜 1m未満"},"geometry":{"type":"Polygon","coordinates":[[[131.20484,33.60245],[131.20441,33.60254],[131.20484,33.60254],[131.20484,33.60245]]]}},{"type":"Feature","properties":{"A40_001":"大分県","A40_002":"44","A40_003":"0.3m以上 〜 1m未満"},"geometry":{"type":"Polygon","coordinates":[[[131.20419,33.60254],[131.20409,33.60245],[131.20409,33.60254],[131.20419,33.60254]]]}},{"type":"Feature","properties":{"A40_001":"大分県","A40_002":"44","A40_003":"0.3m以上 〜 1m未満"},"geometry":{"type":"Polygon","coordinates":[[[131.20538,33.60263],[131.20506,33.60254],[131.20506,33.60263],[131.20538,33.60263]]]}},{"type":"Feature","properties":{"A40_001":"大分県","A40_002":"44","A40_003":"0.3m以上 〜 1m未満"},"geometry":{"type":"Polygon","coordinates":[[[131.20398,33.60263],[131.20387,33.60254],[131.20387,33.60263],[131.20398,33.60263]]]}},{"type":"Feature","properties":{"A40_001":"大分県","A40_002":"44","A40_003":"0.3m未満"},"geometry":{"type":"Polygon","coordinates":[[[131.22025,33.60225],[131.22003,33.60243],[131.22025,33.60234],[131.22025,33.60225]]]}},{"type":"Feature","properties":{"A40_001":"大分県","A40_002":"44","A40_003":"1m以上 〜 2m未満"},"geometry":{"type":"Polygon","coordinates":[[[131.22822,33.60241],[131.22812,33.60232],[131.22812,33.60241],[131.22822,33.60241]]]}},{"type":"Feature","properties":{"A40_001":"大分県","A40_002":"44","A40_003":"0.3m以上 〜 1m未満"},"geometry":{"type":"Polygon","coordinates":[[[131.22812,33.60241],[131.22801,33.60232],[131.22801,33.60241],[131.22812,33.60241]]]}},{"type":"Feature","properties":{"A40_001":"大分県","A40_002":"44","A40_003":"0.3m未満"},"geometry":{"type":"Polygon","coordinates":[[[131.22359,33.60206],[131.22327,33.60242],[131.22381,33.60269],[131.22359,33.60242],[131.22359,33.60206]]]}},{"type":"Feature","properties":{"A40_001":"大分県","A40_002":"44","A40_003":"0.3m未満"},"geometry":{"type":"Polygon","coordinates":[[[131.22316,33.60242],[131.22294,33.60233],[131.22294,33.60242],[131.22316,33.60242]]]}},{"type":"Feature","properties":{"A40_001":"大分県","A40_002":"44","A40_003":"1m以上 〜 2m未満"},"geometry":{"type":"Polygon","coordinates":[[[131.24557,33.60184],[131.24536,33.6022],[131.24622,33.60265],[131.24568,33.60292],[131.24676,33.60247],[131.24676,33.60211],[131.24611,33.60229],[131.24557,33.60184]]]}},{"type":"Feature","properties":{"A40_001":"大分県","A40_002":"44","A40_003":"1m以上 〜 2m未満"},"geometry":{"type":"Polygon","coordinates":[[[131.21885,33.60243],[131.21874,33.60234],[131.21874,33.60243],[131.21885,33.60243]]]}},{"type":"Feature","properties":{"A40_001":"大分県","A40_002":"44","A40_003":"0.3m以上 〜 1m未満"},"geometry":{"type":"Polygon","coordinates":[[[131.22424,33.60251],[131.22359,33.60224],[131.22381,33.60269],[131.22424,33.60251]]]}},{"type":"Feature","properties":{"A40_001":"大分県","A40_002":"44","A40_003":"1m以上 〜 2m未満"},"geometry":{"type":"Polygon","coordinates":[[[131.21982,33.60252],[131.21928,33.60243],[131.21928,33.60252],[131.21982,33.60252]]]}},{"type":"Feature","properties":{"A40_001":"大分県","A40_002":"44","A40_003":"0.3m以上 〜 1m未満"},"geometry":{"type":"Polygon","coordinates":[[[131.2279,33.6025],[131.22779,33.60241],[131.22779,33.6025],[131.2279,33.6025]]]}},{"type":"Feature","properties":{"A40_001":"大分県","A40_002":"44","A40_003":"0.3m以上 〜 1m未満"},"geometry":{"type":"Polygon","coordinates":[[[131.214,33.60235],[131.21389,33.60226],[131.21389,33.60235],[131.214,33.60235]]]}},{"type":"Feature","properties":{"A40_001":"大分県","A40_002":"44","A40_003":"0.3m以上 〜 1m未満"},"geometry":{"type":"Polygon","coordinates":[[[131.21777,33.60243],[131.21766,33.60234],[131.21766,33.60243],[131.21777,33.60243]]]}},{"type":"Feature","properties":{"A40_001":"大分県","A40_002":"44","A40_003":"0.3m以上 〜 1m未満"},"geometry":{"type":"Polygon","coordinates":[[[131.21616,33.60243],[131.21583,33.60234],[131.21594,33.60252],[131.21616,33.60243]]]}},{"type":"Feature","properties":{"A40_001":"大分県","A40_002":"44","A40_003":"2m以上 〜 3m未満"},"geometry":{"type":"Polygon","coordinates":[[[131.21195,33.60244],[131.21184,33.60235],[131.21184,33.60244],[131.21195,33.60244]]]}},{"type":"Feature","properties":{"A40_001":"大分県","A40_002":"44","A40_003":"0.3m以上 〜 1m未満"},"geometry":{"type":"Polygon","coordinates":[[[131.20732,33.60245],[131.20721,33.60236],[131.20721,33.60245],[131.20732,33.60245]]]}},{"type":"Feature","properties":{"A40_001":"大分県","A40_002":"44","A40_003":"0.3m未満"},"geometry":{"type":"Polygon","coordinates":[[[131.21271,33.60253],[131.21249,33.60226],[131.21249,33.60262],[131.21271,33.60253]]]}},{"type":"Feature","properties":{"A40_001":"大分県","A40_002":"44","A40_003":"0.3m以上 〜 1m未満"},"geometry":{"type":"Polygon","coordinates":[[[131.21788,33.60252],[131.21777,33.60243],[131.21777,33.60252],[131.21788,33.60252]]]}},{"type":"Feature","properties":{"A40_001":"大分県","A40_002":"44","A40_003":"1m以上 〜 2m未満"},"geometry":{"type":"Polygon","coordinates":[[[131.21777,33.60252],[131.21766,33.60243],[131.21766,33.60252],[131.21777,33.60252]]]}},{"type":"Feature","properties":{"A40_001":"大分県","A40_002":"44","A40_003":"0.3m未満"},"geometry":{"type":"Polygon","coordinates":[[[131.21766,33.60252],[131.21756,33.60243],[131.21756,33.60252],[131.21766,33.60252]]]}},{"type":"Feature","properties":{"A40_001":"大分県","A40_002":"44","A40_003":"0.3m未満"},"geometry":{"type":"Polygon","coordinates":[[[131.21616,33.60252],[131.21605,33.60243],[131.21605,33.60252],[131.21616,33.60252]]]}},{"type":"Feature","properties":{"A40_001":"大分県","A40_002":"44","A40_003":"0.3m以上 〜 1m未満"},"geometry":{"type":"Polygon","coordinates":[[[131.21454,33.60235],[131.214,33.60298],[131.21605,33.60207],[131.2154,33.60198],[131.21486,33.60253],[131.21454,33.60235]]]}},{"type":"Feature","properties":{"A40_001":"大分県","A40_002":"44","A40_003":"0.3m以上 〜 1m未満"},"geometry":{"type":"Polygon","coordinates":[[[131.21249,33.60226],[131.21206,33.60235],[131.21249,33.60271],[131.21249,33.60226]]]}},{"type":"Feature","properties":{"A40_001":"大分県","A40_002":"44","A40_003":"2m以上 〜 3m未満"},"geometry":{"type":"Polygon","coordinates":[[[131.21206,33.60253],[131.21195,33.60244],[131.21195,33.60253],[131.21206,33.60253]]]}},{"type":"Feature","properties":{"A40_001":"大分県","A40_002":"44","A40_003":"0.3m以上 〜 1m未満"},"geometry":{"type":"Polygon","coordinates":[[[131.2098,33.60253],[131.20958,33.60244],[131.20958,33.60253],[131.2098,33.60253]]]}},{"type":"Feature","properties":{"A40_001":"大分県","A40_002":"44","A40_003":"0.3m以上 〜 1m未満"},"geometry":{"type":"Polygon","coordinates":[[[131.21195,33.60244],[131.21185,33.60262],[131.21206,33.60262],[131.21195,33.60244]]]}},{"type":"Feature","properties":{"A40_001":"大分県","A40_002":"44","A40_003":"0.3m未満"},"geometry":{"type":"Polygon","coordinates":[[[131.21605,33.60261],[131.21594,33.60252],[131.21594,33.60261],[131.21605,33.60261]]]}},{"type":"Feature","properties":{"A40_001":"大分県","A40_002":"44","A40_003":"0.3m以上 〜 1m未満"},"geometry":{"type":"Polygon","coordinates":[[[131.21271,33.60262],[131.2126,33.60253],[131.2126,33.60262],[131.21271,33.60262]]]}},{"type":"Feature","properties":{"A40_001":"大分県","A40_002":"44","A40_003":"2m以上 〜 3m未満"},"geometry":{"type":"Polygon","coordinates":[[[131.21217,33.60271],[131.21206,33.60253],[131.21206,33.60271],[131.21217,33.60271]]]}},{"type":"Feature","properties":{"A40_001":"大分県","A40_002":"44","A40_003":"0.3m未満"},"geometry":{"type":"Polygon","coordinates":[[[131.21777,33.60234],[131.21777,33.60297],[131.21831,33.60297],[131.21831,33.60261],[131.21777,33.60234]]]}},{"type":"Feature","properties":{"A40_001":"大分県","A40_002":"44","A40_003":"0.3m未満"},"geometry":{"type":"Polygon","coordinates":[[[131.21044,33.60271],[131.21034,33.60262],[131.21034,33.60271],[131.21044,33.60271]]]}},{"type":"Feature","properties":{"A40_001":"大分県","A40_002":"44","A40_003":"0.3m未満"},"geometry":{"type":"Polygon","coordinates":[[[131.2223,33.60251],[131.22219,33.60242],[131.22219,33.60251],[131.2223,33.60251]]]}},{"type":"Feature","properties":{"A40_001":"大分県","A40_002":"44","A40_003":"1m以上 〜 2m未満"},"geometry":{"type":"Polygon","coordinates":[[[131.21917,33.60252],[131.21906,33.60243],[131.21906,33.60252],[131.21917,33.60252]]]}},{"type":"Feature","properties":{"A40_001":"大分県","A40_002":"44","A40_003":"0.3m未満"},"geometry":{"type":"Polygon","coordinates":[[[131.24676,33.60256],[131.24665,33.60247],[131.24665,33.60256],[131.24676,33.60256]]]}},{"type":"Feature","properties":{"A40_001":"大分県","A40_002":"44","A40_003":"1m以上 〜 2m未満"},"geometry":{"type":"Polygon","coordinates":[[[131.2432,33.60256],[131.24309,33.60247],[131.24309,33.60256],[131.2432,33.60256]]]}},{"type":"Feature","properties":{"A40_001":"大分県","A40_002":"44","A40_003":"0.3m以上 〜 1m未満"},"geometry":{"type":"Polygon","coordinates":[[[131.22769,33.60259],[131.22758,33.6025],[131.22758,33.60259],[131.22769,33.60259]]]}},{"type":"Feature","properties":{"A40_001":"大分県","A40_002":"44","A40_003":"0.3m未満"},"geometry":{"type":"Polygon","coordinates":[[[131.22758,33.60259],[131.22736,33.6025],[131.22736,33.60259],[131.22758,33.60259]]]}},{"type":"Feature","properties":{"A40_001":"大分県","A40_002":"44","A40_003":"0.3m未満"},"geometry":{"type":"Polygon","coordinates":[[[131.22424,33.6026],[131.22413,33.60251],[131.22413,33.6026],[131.22424,33.6026]]]}},{"type":"Feature","properties":{"A40_001":"大分県","A40_002":"44","A40_003":"0.3m未満"},"geometry":{"type":"Polygon","coordinates":[[[131.22251,33.6026],[131.2224,33.60251],[131.22241,33.6026],[131.22251,33.6026]]]}},{"type":"Feature","properties":{"A40_001":"大分県","A40_002":"44","A40_003":"0.3m以上 〜 1m未満"},"geometry":{"type":"Polygon","coordinates":[[[131.22327,33.60233],[131.2223,33.6026],[131.22176,33.60134],[131.22014,33.60188],[131.22176,33.60378],[131.22316,33.60377],[131.22392,33.60323],[131.22327,33.60233]]]}},{"type":"Feature","properties":{"A40_001":"大分県","A40_002":"44","A40_003":"0.3m以上 〜 1m未満"},"geometry":{"type":"Polygon","coordinates":[[[131.21971,33.60261],[131.2196,33.60252],[131.2196,33.60261],[131.21971,33.60261]]]}},{"type":"Feature","properties":{"A40_001":"大分県","A40_002":"44","A40_003":"0.3m以上 〜 1m未満"},"geometry":{"type":"Polygon","coordinates":[[[131.21939,33.60261],[131.21928,33.60252],[131.21928,33.60261],[131.21939,33.60261]]]}},{"type":"Feature","properties":{"A40_001":"大分県","A40_002":"44","A40_003":"0.3m未満"},"geometry":{"type":"Polygon","coordinates":[[[131.21928,33.60252],[131.21906,33.60261],[131.21928,33.60261],[131.21928,33.60252]]]}},{"type":"Feature","properties":{"A40_001":"大分県","A40_002":"44","A40_003":"0.3m以上 〜 1m未満"},"geometry":{"type":"Polygon","coordinates":[[[131.25807,33.60253],[131.25818,33.60262],[131.25818,33.60253],[131.25807,33.60253]]]}},{"type":"Feature","properties":{"A40_001":"大分県","A40_002":"44","A40_003":"0.3m未満"},"geometry":{"type":"Polygon","coordinates":[[[131.24665,33.60265],[131.24654,33.60256],[131.24654,33.60265],[131.24665,33.60265]]]}},{"type":"Feature","properties":{"A40_001":"大分県","A40_002":"44","A40_003":"2m以上 〜 3m未満"},"geometry":{"type":"Polygon","coordinates":[[[131.22736,33.60268],[131.22725,33.60259],[131.22725,33.60268],[131.22736,33.60268]]]}},{"type":"Feature","properties":{"A40_001":"大分県","A40_002":"44","A40_003":"0.3m以上 〜 1m未満"},"geometry":{"type":"Polygon","coordinates":[[[131.22725,33.60268],[131.22715,33.60259],[131.22715,33.60268],[131.22725,33.60268]]]}},{"type":"Feature","properties":{"A40_001":"大分県","A40_002":"44","A40_003":"0.3m未満"},"geometry":{"type":"Polygon","coordinates":[[[131.22057,33.6027],[131.22047,33.60261],[131.22047,33.6027],[131.22057,33.6027]]]}},{"type":"Feature","properties":{"A40_001":"大分県","A40_002":"44","A40_003":"0.3m未満"},"geometry":{"type":"Polygon","coordinates":[[[131.2196,33.6027],[131.2195,33.60261],[131.2195,33.6027],[131.2196,33.6027]]]}},{"type":"Feature","properties":{"A40_001":"大分県","A40_002":"44","A40_003":"0.3m以上 〜 1m未満"},"geometry":{"type":"Polygon","coordinates":[[[131.2195,33.6027],[131.21939,33.60261],[131.21939,33.6027],[131.2195,33.6027]]]}},{"type":"Feature","properties":{"A40_001":"大分県","A40_002":"44","A40_003":"0.3m以上 〜 1m未満"},"geometry":{"type":"Polygon","coordinates":[[[131.24654,33.60274],[131.24643,33.60265],[131.24643,33.60274],[131.24654,33.60274]]]}},{"type":"Feature","properties":{"A40_001":"大分県","A40_002":"44","A40_003":"1m以上 〜 2m未満"},"geometry":{"type":"Polygon","coordinates":[[[131.23911,33.6023],[131.23889,33.60311],[131.23922,33.60311],[131.23911,33.6023]]]}},{"type":"Feature","properties":{"A40_001":"大分県","A40_002":"44","A40_003":"1m以上 〜 2m未満"},"geometry":{"type":"Polygon","coordinates":[[[131.22715,33.60277],[131.22704,33.60268],[131.22704,33.60277],[131.22715,33.60277]]]}},{"type":"Feature","properties":{"A40_001":"大分県","A40_002":"44","A40_003":"0.3m未満"},"geometry":{"type":"Polygon","coordinates":[[[131.22704,33.60277],[131.22693,33.60268],[131.22693,33.60277],[131.22704,33.60277]]]}},{"type":"Feature","properties":{"A40_001":"大分県","A40_002":"44","A40_003":"0.3m未満"},"geometry":{"type":"Polygon","coordinates":[[[131.22359,33.60278],[131.22348,33.60269],[131.22348,33.60278],[131.22359,33.60278]]]}},{"type":"Feature","properties":{"A40_001":"大分県","A40_002":"44","A40_003":"0.3m以上 〜 1m未満"},"geometry":{"type":"Polygon","coordinates":[[[131.22047,33.60243],[131.22003,33.60252],[131.2209,33.60315],[131.22047,33.60243]]]}},{"type":"Feature","properties":{"A40_001":"大分県","A40_002":"44","A40_003":"1m以上 〜 2m未満"},"geometry":{"type":"Polygon","coordinates":[[[131.22682,33.60286],[131.22672,33.60277],[131.22672,33.60286],[131.22682,33.60286]]]}},{"type":"Feature","properties":{"A40_001":"大分県","A40_002":"44","A40_003":"0.3m未満"},"geometry":{"type":"Polygon","coordinates":[[[131.22672,33.60286],[131.2265,33.60278],[131.2265,33.60287],[131.22672,33.60286]]]}},{"type":"Feature","properties":{"A40_001":"大分県","A40_002":"44","A40_003":"0.3m未満"},"geometry":{"type":"Polygon","coordinates":[[[131.22381,33.60287],[131.2237,33.60278],[131.2237,33.60287],[131.22381,33.60287]]]}},{"type":"Feature","properties":{"A40_001":"大分県","A40_002":"44","A40_003":"1m以上 〜 2m未満"},"geometry":{"type":"Polygon","coordinates":[[[131.24309,33.60256],[131.24277,33.6031],[131.24299,33.6031],[131.24309,33.60256]]]}},{"type":"Feature","properties":{"A40_001":"大分県","A40_002":"44","A40_003":"0.3m以上 〜 1m未満"},"geometry":{"type":"Polygon","coordinates":[[[131.24568,33.60292],[131.24547,33.60283],[131.24547,33.60292],[131.24568,33.60292]]]}},{"type":"Feature","properties":{"A40_001":"大分県","A40_002":"44","A40_003":"0.3m未満"},"geometry":{"type":"Polygon","coordinates":[[[131.21562,33.60279],[131.21551,33.6027],[131.21551,33.60279],[131.21562,33.60279]]]}},{"type":"Feature","properties":{"A40_001":"大分県","A40_002":"44","A40_003":"0.3m以上 〜 1m未満"},"geometry":{"type":"Polygon","coordinates":[[[131.2126,33.6028],[131.21249,33.60271],[131.21249,33.6028],[131.2126,33.6028]]]}},{"type":"Feature","properties":{"A40_001":"大分県","A40_002":"44","A40_003":"2m以上 〜 3m未満"},"geometry":{"type":"Polygon","coordinates":[[[131.21228,33.6028],[131.21217,33.60271],[131.21217,33.6028],[131.21228,33.6028]]]}},{"type":"Feature","properties":{"A40_001":"大分県","A40_002":"44","A40_003":"0.3m以上 〜 1m未満"},"geometry":{"type":"Polygon","coordinates":[[[131.21174,33.60289],[131.21163,33.60253],[131.21152,33.60298],[131.21174,33.60289]]]}},{"type":"Feature","properties":{"A40_001":"大分県","A40_002":"44","A40_003":"0.3m未満"},"geometry":{"type":"Polygon","coordinates":[[[131.21163,33.6028],[131.21152,33.60271],[131.21152,33.6028],[131.21163,33.6028]]]}},{"type":"Feature","properties":{"A40_001":"大分県","A40_002":"44","A40_003":"0.3m未満"},"geometry":{"type":"Polygon","coordinates":[[[131.21109,33.6028],[131.21098,33.60271],[131.21098,33.6028],[131.21109,33.6028]]]}},{"type":"Feature","properties":{"A40_001":"大分県","A40_002":"44","A40_003":"0.3m未満"},"geometry":{"type":"Polygon","coordinates":[[[131.21055,33.6028],[131.21044,33.60271],[131.21044,33.6028],[131.21055,33.6028]]]}},{"type":"Feature","properties":{"A40_001":"大分県","A40_002":"44","A40_003":"0.3m以上 〜 1m未満"},"geometry":{"type":"Polygon","coordinates":[[[131.20786,33.60281],[131.20775,33.60272],[131.20775,33.60281],[131.20786,33.60281]]]}},{"type":"Feature","properties":{"A40_001":"大分県","A40_002":"44","A40_003":"0.3m以上 〜 1m未満"},"geometry":{"type":"Polygon","coordinates":[[[131.20721,33.60272],[131.20678,33.60281],[131.20721,33.60281],[131.20721,33.60272]]]}},{"type":"Feature","properties":{"A40_001":"大分県","A40_002":"44","A40_003":"0.3m未満"},"geometry":{"type":"Polygon","coordinates":[[[131.21616,33.60288],[131.21605,33.6027],[131.21605,33.60288],[131.21616,33.60288]]]}},{"type":"Feature","properties":{"A40_001":"大分県","A40_002":"44","A40_003":"1m以上 〜 2m未満"},"geometry":{"type":"Polygon","coordinates":[[[131.17833,33.60249],[131.17844,33.60276],[131.17855,33.60249],[131.17833,33.60249]]]}},{"type":"Feature","properties":{"A40_001":"大分県","A40_002":"44","A40_003":"0.3m以上 〜 1m未満"},"geometry":{"type":"Polygon","coordinates":[[[131.20581,33.60272],[131.2057,33.60263],[131.2057,33.60272],[131.20581,33.60272]]]}},{"type":"Feature","properties":{"A40_001":"大分県","A40_002":"44","A40_003":"0.3m以上 〜 1m未満"},"geometry":{"type":"Polygon","coordinates":[[[131.2056,33.60272],[131.20549,33.60263],[131.20549,33.60272],[131.2056,33.60272]]]}},{"type":"Feature","properties":{"A40_001":"大分県","A40_002":"44","A40_003":"0.3m未満"},"geometry":{"type":"Polygon","coordinates":[[[131.20226,33.60273],[131.20215,33.60264],[131.20215,33.60273],[131.20226,33.60273]]]}},{"type":"Feature","properties":{"A40_001":"大分県","A40_002":"44","A40_003":"0.3m以上 〜 1m未満"},"geometry":{"type":"Polygon","coordinates":[[[131.20376,33.6029],[131.20355,33.60263],[131.20355,33.60291],[131.20376,33.6029]]]}},{"type":"Feature","properties":{"A40_001":"大分県","A40_002":"44","A40_003":"0.3m以上 〜 1m未満"},"geometry":{"type":"Polygon","coordinates":[[[131.20344,33.60282],[131.20333,33.60273],[131.20333,33.60282],[131.20344,33.60282]]]}},{"type":"Feature","properties":{"A40_001":"大分県","A40_002":"44","A40_003":"0.3m以上 〜 1m未満"},"geometry":{"type":"Polygon","coordinates":[[[131.20258,33.60273],[131.20215,33.60282],[131.20258,33.60282],[131.20258,33.60273]]]}},{"type":"Feature","properties":{"A40_001":"大分県","A40_002":"44","A40_003":"0.3m以上 〜 1m未満"},"geometry":{"type":"Polygon","coordinates":[[[131.2029,33.60282],[131.20258,33.60291],[131.20323,33.60291],[131.2029,33.60282]]]}},{"type":"Feature","properties":{"A40_001":"大分県","A40_002":"44","A40_003":"0.3m以上 〜 1m未満"},"geometry":{"type":"Polygon","coordinates":[[[131.2043,33.60299],[131.2042,33.6029],[131.2042,33.60299],[131.2043,33.60299]]]}},{"type":"Feature","properties":{"A40_001":"大分県","A40_002":"44","A40_003":"0.3m以上 〜 1m未満"},"geometry":{"type":"Polygon","coordinates":[[[131.20323,33.60309],[131.20312,33.603],[131.20312,33.60309],[131.20323,33.60309]]]}},{"type":"Feature","properties":{"A40_001":"大分県","A40_002":"44","A40_003":"0.3m未満"},"geometry":{"type":"Polygon","coordinates":[[[131.214,33.60298],[131.21389,33.60262],[131.21379,33.60289],[131.214,33.60298]]]}},{"type":"Feature","properties":{"A40_001":"大分県","A40_002":"44","A40_003":"1m以上 〜 2m未満"},"geometry":{"type":"Polygon","coordinates":[[[131.21206,33.60289],[131.21174,33.60253],[131.21163,33.60307],[131.21206,33.60289]]]}},{"type":"Feature","properties":{"A40_001":"大分県","A40_002":"44","A40_003":"0.3m未満"},"geometry":{"type":"Polygon","coordinates":[[[131.21702,33.60288],[131.21669,33.60279],[131.21669,33.60288],[131.21702,33.60288]]]}},{"type":"Feature","properties":{"A40_001":"大分県","A40_002":"44","A40_003":"0.3m未満"},"geometry":{"type":"Polygon","coordinates":[[[131.2112,33.60289],[131.21109,33.6028],[131.21109,33.60289],[131.2112,33.60289]]]}},{"type":"Feature","properties":{"A40_001":"大分県","A40_002":"44","A40_003":"0.3m未満"},"geometry":{"type":"Polygon","coordinates":[[[131.21077,33.6028],[131.21055,33.60289],[131.21077,33.60289],[131.21077,33.6028]]]}},{"type":"Feature","properties":{"A40_001":"大分県","A40_002":"44","A40_003":"0.3m以上 〜 1m未満"},"geometry":{"type":"Polygon","coordinates":[[[131.2084,33.6029],[131.20797,33.60281],[131.20797,33.6029],[131.2084,33.6029]]]}},{"type":"Feature","properties":{"A40_001":"大分県","A40_002":"44","A40_003":"0.3m未満"},"geometry":{"type":"Polygon","coordinates":[[[131.2154,33.60261],[131.21422,33.60289],[131.21422,33.60298],[131.21486,33.60325],[131.2154,33.60261]]]}},{"type":"Feature","properties":{"A40_001":"大分県","A40_002":"44","A40_003":"0.3m以上 〜 1m未満"},"geometry":{"type":"Polygon","coordinates":[[[131.20937,33.60299],[131.20915,33.6029],[131.20915,33.60299],[131.20937,33.60299]]]}},{"type":"Feature","properties":{"A40_001":"大分県","A40_002":"44","A40_003":"0.3m以上 〜 1m未満"},"geometry":{"type":"Polygon","coordinates":[[[131.20904,33.60299],[131.20872,33.6029],[131.20872,33.60299],[131.20904,33.60299]]]}},{"type":"Feature","properties":{"A40_001":"大分県","A40_002":"44","A40_003":"0.3m以上 〜 1m未満"},"geometry":{"type":"Polygon","coordinates":[[[131.20861,33.60299],[131.20851,33.6029],[131.20851,33.60299],[131.20861,33.60299]]]}},{"type":"Feature","properties":{"A40_001":"大分県","A40_002":"44","A40_003":"0.3m未満"},"geometry":{"type":"Polygon","coordinates":[[[131.24547,33.60292],[131.24536,33.60283],[131.24536,33.60292],[131.24547,33.60292]]]}},{"type":"Feature","properties":{"A40_001":"大分県","A40_002":"44","A40_003":"1m以上 〜 2m未満"},"geometry":{"type":"Polygon","coordinates":[[[131.24493,33.60292],[131.24482,33.60283],[131.24482,33.60292],[131.24493,33.60292]]]}},{"type":"Feature","properties":{"A40_001":"大分県","A40_002":"44","A40_003":"2m以上 〜 3m未満"},"geometry":{"type":"Polygon","coordinates":[[[131.22661,33.60296],[131.2265,33.60287],[131.2265,33.60296],[131.22661,33.60296]]]}},{"type":"Feature","properties":{"A40_001":"大分県","A40_002":"44","A40_003":"1m以上 〜 2m未満"},"geometry":{"type":"Polygon","coordinates":[[[131.2265,33.60296],[131.22639,33.60287],[131.22639,33.60296],[131.2265,33.60296]]]}},{"type":"Feature","properties":{"A40_001":"大分県","A40_002":"44","A40_003":"0.3m未満"},"geometry":{"type":"Polygon","coordinates":[[[131.22639,33.60296],[131.22629,33.60287],[131.22629,33.60296],[131.22639,33.60296]]]}},{"type":"Feature","properties":{"A40_001":"大分県","A40_002":"44","A40_003":"2m以上 〜 3m未満"},"geometry":{"type":"Polygon","coordinates":[[[131.25829,33.60289],[131.2584,33.60298],[131.2584,33.60289],[131.25829,33.60289]]]}},{"type":"Feature","properties":{"A40_001":"大分県","A40_002":"44","A40_003":"0.3m以上 〜 1m未満"},"geometry":{"type":"Polygon","coordinates":[[[131.24493,33.60301],[131.24471,33.60292],[131.24471,33.60301],[131.24493,33.60301]]]}},{"type":"Feature","properties":{"A40_001":"大分県","A40_002":"44","A40_003":"1m以上 〜 2m未満"},"geometry":{"type":"Polygon","coordinates":[[[131.24471,33.60301],[131.2446,33.60292],[131.2446,33.60301],[131.24471,33.60301]]]}},{"type":"Feature","properties":{"A40_001":"大分県","A40_002":"44","A40_003":"2m以上 〜 3m未満"},"geometry":{"type":"Polygon","coordinates":[[[131.22639,33.60305],[131.22629,33.60296],[131.22629,33.60305],[131.22639,33.60305]]]}},{"type":"Feature","properties":{"A40_001":"大分県","A40_002":"44","A40_003":"0.3m以上 〜 1m未満"},"geometry":{"type":"Polygon","coordinates":[[[131.22629,33.60305],[131.22618,33.60296],[131.22618,33.60305],[131.22629,33.60305]]]}},{"type":"Feature","properties":{"A40_001":"大分県","A40_002":"44","A40_003":"0.3m未満"},"geometry":{"type":"Polygon","coordinates":[[[131.21508,33.60307],[131.21497,33.60298],[131.21497,33.60307],[131.21508,33.60307]]]}},{"type":"Feature","properties":{"A40_001":"大分県","A40_002":"44","A40_003":"0.3m以上 〜 1m未満"},"geometry":{"type":"Polygon","coordinates":[[[131.21282,33.60307],[131.21271,33.60298],[131.21271,33.60307],[131.21282,33.60307]]]}},{"type":"Feature","properties":{"A40_001":"大分県","A40_002":"44","A40_003":"0.3m未満"},"geometry":{"type":"Polygon","coordinates":[[[131.21163,33.60298],[131.21131,33.60298],[131.21163,33.60316],[131.21163,33.60298]]]}},{"type":"Feature","properties":{"A40_001":"大分県","A40_002":"44","A40_003":"0.3m以上 〜 1m未満"},"geometry":{"type":"Polygon","coordinates":[[[131.21034,33.60262],[131.20991,33.60344],[131.21142,33.60307],[131.21055,33.60289],[131.21034,33.60262]]]}},{"type":"Feature","properties":{"A40_001":"大分県","A40_002":"44","A40_003":"0.3m以上 〜 1m未満"},"geometry":{"type":"Polygon","coordinates":[[[131.21562,33.60442],[131.2195,33.60405],[131.21918,33.6036],[131.21874,33.60369],[131.21864,33.60315],[131.21874,33.60324],[131.21896,33.60315],[131.21853,33.60279],[131.2195,33.60243],[131.21917,33.60207],[131.2196,33.60198],[131.21982,33.60252],[131.22003,33.60234],[131.21949,33.60162],[131.21928,33.60162],[131.21853,33.60243],[131.21777,33.60225],[131.21831,33.60297],[131.21723,33.60243],[131.21702,33.60288],[131.21605,33.60288],[131.21572,33.60243],[131.21562,33.60442]],[[131.21874,33.60369],[131.21864,33.60378],[131.21864,33.60369],[131.21874,33.60369]],[[131.21831,33.60342],[131.21842,33.60324],[131.21842,33.60342],[131.21831,33.60342]],[[131.21831,33.60315],[131.21777,33.60342],[131.21777,33.60306],[131.21831,33.60315]],[[131.21627,33.60424],[131.21573,33.60433],[131.21584,33.60397],[131.21627,33.60424]],[[131.21885,33.60243],[131.21874,33.60234],[131.21885,33.60234],[131.21885,33.60243]],[[131.21659,33.60342],[131.2168,33.60333],[131.2168,33.60351],[131.21659,33.60342]],[[131.21626,33.60324],[131.21637,33.60306],[131.21702,33.60306],[131.21626,33.60324]],[[131.21723,33.60315],[131.21734,33.60306],[131.21734,33.60315],[131.21723,33.60315]],[[131.21842,33.60369],[131.21821,33.60387],[131.21821,33.6036],[131.21842,33.60369]],[[131.21724,33.60378],[131.21745,33.60369],[131.21745,33.60378],[131.21724,33.60378]],[[131.21659,33.6036],[131.2167,33.60369],[131.21659,33.60369],[131.21659,33.6036]],[[131.21713,33.60351],[131.21734,33.60342],[131.21734,33.60351],[131.21713,33.60351]],[[131.21896,33.60378],[131.21907,33.60387],[131.21896,33.60387],[131.21896,33.60378]],[[131.21659,33.60415],[131.2167,33.60424],[131.21659,33.60424],[131.21659,33.60415]]]}},{"type":"Feature","properties":{"A40_001":"大分県","A40_002":"44","A40_003":"1m以上 〜 2m未満"},"geometry":{"type":"Polygon","coordinates":[[[131.21562,33.60316],[131.21551,33.60298],[131.21551,33.60316],[131.21562,33.60316]]]}},{"type":"Feature","properties":{"A40_001":"大分県","A40_002":"44","A40_003":"0.3m未満"},"geometry":{"type":"Polygon","coordinates":[[[131.21303,33.60316],[131.21292,33.60298],[131.21292,33.60316],[131.21303,33.60316]]]}},{"type":"Feature","properties":{"A40_001":"大分県","A40_002":"44","A40_003":"2m以上 〜 3m未満"},"geometry":{"type":"Polygon","coordinates":[[[131.21249,33.60316],[131.21238,33.60298],[131.21239,33.60316],[131.21249,33.60316]]]}},{"type":"Feature","properties":{"A40_001":"大分県","A40_002":"44","A40_003":"0.3m未満"},"geometry":{"type":"Polygon","coordinates":[[[131.21734,33.60315],[131.21723,33.60306],[131.21723,33.60315],[131.21734,33.60315]]]}},{"type":"Feature","properties":{"A40_001":"大分県","A40_002":"44","A40_003":"0.3m以上 〜 1m未満"},"geometry":{"type":"Polygon","coordinates":[[[131.21292,33.60316],[131.21282,33.60307],[131.21282,33.60316],[131.21292,33.60316]]]}},{"type":"Feature","properties":{"A40_001":"大分県","A40_002":"44","A40_003":"0.3m未満"},"geometry":{"type":"Polygon","coordinates":[[[131.22618,33.60305],[131.22607,33.60296],[131.22607,33.60305],[131.22618,33.60305]]]}},{"type":"Feature","properties":{"A40_001":"大分県","A40_002":"44","A40_003":"1m以上 〜 2m未満"},"geometry":{"type":"Polygon","coordinates":[[[131.22101,33.60306],[131.2209,33.60297],[131.2209,33.60306],[131.22101,33.60306]]]}},{"type":"Feature","properties":{"A40_001":"大分県","A40_002":"44","A40_003":"1m以上 〜 2m未満"},"geometry":{"type":"Polygon","coordinates":[[[131.24439,33.60301],[131.24417,33.6031],[131.24439,33.6031],[131.24439,33.60301]]]}},{"type":"Feature","properties":{"A40_001":"大分県","A40_002":"44","A40_003":"2m以上 〜 3m未満"},"geometry":{"type":"Polygon","coordinates":[[[131.22607,33.60314],[131.22596,33.60305],[131.22596,33.60314],[131.22607,33.60314]]]}},{"type":"Feature","properties":{"A40_001":"大分県","A40_002":"44","A40_003":"0.3m以上 〜 1m未満"},"geometry":{"type":"Polygon","coordinates":[[[131.22596,33.60314],[131.22585,33.60305],[131.22585,33.60314],[131.22596,33.60314]]]}},{"type":"Feature","properties":{"A40_001":"大分県","A40_002":"44","A40_003":"0.3m未満"},"geometry":{"type":"Polygon","coordinates":[[[131.22101,33.60315],[131.2209,33.60306],[131.2209,33.60315],[131.22101,33.60315]]]}},{"type":"Feature","properties":{"A40_001":"大分県","A40_002":"44","A40_003":"0.3m以上 〜 1m未満"},"geometry":{"type":"Polygon","coordinates":[[[131.2584,33.60307],[131.2585,33.60316],[131.2585,33.60307],[131.2584,33.60307]]]}},{"type":"Feature","properties":{"A40_001":"大分県","A40_002":"44","A40_003":"0.3m未満"},"geometry":{"type":"Polygon","coordinates":[[[131.22003,33.60243],[131.21853,33.60279],[131.21896,33.60315],[131.21864,33.60315],[131.21874,33.60369],[131.22068,33.60351],[131.22003,33.60243]],[[131.21907,33.60324],[131.21928,33.60306],[131.21928,33.60333],[131.21907,33.60324]],[[131.21993,33.60306],[131.2196,33.60297],[131.21993,33.60288],[131.21993,33.60306]],[[131.22014,33.60315],[131.22025,33.60324],[131.22014,33.60324],[131.22014,33.60315]]]}},{"type":"Feature","properties":{"A40_001":"大分県","A40_002":"44","A40_003":"1m以上 〜 2m未満"},"geometry":{"type":"Polygon","coordinates":[[[131.22585,33.60323],[131.22575,33.60314],[131.22575,33.60323],[131.22585,33.60323]]]}},{"type":"Feature","properties":{"A40_001":"大分県","A40_002":"44","A40_003":"0.3m以上 〜 1m未満"},"geometry":{"type":"Polygon","coordinates":[[[131.22575,33.60323],[131.22564,33.60314],[131.22564,33.60323],[131.22575,33.60323]]]}},{"type":"Feature","properties":{"A40_001":"大分県","A40_002":"44","A40_003":"0.3m以上 〜 1m未満"},"geometry":{"type":"Polygon","coordinates":[[[131.21217,33.60289],[131.21185,33.60307],[131.21228,33.60334],[131.21217,33.60289]]]}},{"type":"Feature","properties":{"A40_001":"大分県","A40_002":"44","A40_003":"0.3m未満"},"geometry":{"type":"Polygon","coordinates":[[[131.21702,33.60306],[131.21637,33.60306],[131.21626,33.60324],[131.2167,33.60324],[131.21702,33.60306]]]}},{"type":"Feature","properties":{"A40_001":"大分県","A40_002":"44","A40_003":"0.3m未満"},"geometry":{"type":"Polygon","coordinates":[[[131.21389,33.60325],[131.21379,33.60316],[131.21379,33.60325],[131.21389,33.60325]]]}},{"type":"Feature","properties":{"A40_001":"大分県","A40_002":"44","A40_003":"2m以上 〜 3m未満"},"geometry":{"type":"Polygon","coordinates":[[[131.2126,33.60325],[131.21249,33.60316],[131.21249,33.60325],[131.2126,33.60325]]]}},{"type":"Feature","properties":{"A40_001":"大分県","A40_002":"44","A40_003":"0.3m以上 〜 1m未満"},"geometry":{"type":"Polygon","coordinates":[[[131.21185,33.60316],[131.21152,33.60316],[131.21152,33.60334],[131.21185,33.60316]]]}},{"type":"Feature","properties":{"A40_001":"大分県","A40_002":"44","A40_003":"0.3m未満"},"geometry":{"type":"Polygon","coordinates":[[[131.21831,33.60315],[131.21777,33.60342],[131.21831,33.60324],[131.21831,33.60315]]]}},{"type":"Feature","properties":{"A40_001":"大分県","A40_002":"44","A40_003":"0.3m以上 〜 1m未満"},"geometry":{"type":"Polygon","coordinates":[[[131.21314,33.60334],[131.21292,33.60316],[131.21292,33.60334],[131.21314,33.60334]]]}},{"type":"Feature","properties":{"A40_001":"大分県","A40_002":"44","A40_003":"0.3m未満"},"geometry":{"type":"Polygon","coordinates":[[[131.21551,33.60334],[131.2154,33.60325],[131.2154,33.60334],[131.21551,33.60334]]]}},{"type":"Feature","properties":{"A40_001":"大分県","A40_002":"44","A40_003":"0.3m未満"},"geometry":{"type":"Polygon","coordinates":[[[131.21142,33.60307],[131.21088,33.60316],[131.21088,33.60334],[131.2112,33.60352],[131.21142,33.60307]]]}},{"type":"Feature","properties":{"A40_001":"大分県","A40_002":"44","A40_003":"0.3m以上 〜 1m未満"},"geometry":{"type":"Polygon","coordinates":[[[131.21368,33.60343],[131.21357,33.60325],[131.21357,33.60343],[131.21368,33.60343]]]}},{"type":"Feature","properties":{"A40_001":"大分県","A40_002":"44","A40_003":"0.3m未満"},"geometry":{"type":"Polygon","coordinates":[[[131.22564,33.60323],[131.22553,33.60314],[131.22553,33.60323],[131.22564,33.60323]]]}},{"type":"Feature","properties":{"A40_001":"大分県","A40_002":"44","A40_003":"0.3m以上 〜 1m未満"},"geometry":{"type":"Polygon","coordinates":[[[131.22025,33.60324],[131.22014,33.60315],[131.22014,33.60324],[131.22025,33.60324]]]}},{"type":"Feature","properties":{"A40_001":"大分県","A40_002":"44","A40_003":"0.3m未満"},"geometry":{"type":"Polygon","coordinates":[[[131.24482,33.60328],[131.24471,33.60319],[131.24471,33.60328],[131.24482,33.60328]]]}},{"type":"Feature","properties":{"A40_001":"大分県","A40_002":"44","A40_003":"0.3m未満"},"geometry":{"type":"Polygon","coordinates":[[[131.24439,33.60328],[131.24428,33.60319],[131.24428,33.60328],[131.24439,33.60328]]]}},{"type":"Feature","properties":{"A40_001":"大分県","A40_002":"44","A40_003":"0.3m以上 〜 1m未満"},"geometry":{"type":"Polygon","coordinates":[[[131.21928,33.60333],[131.21917,33.60315],[131.21917,33.60333],[131.21928,33.60333]]]}},{"type":"Feature","properties":{"A40_001":"大分県","A40_002":"44","A40_003":"2m以上 〜 3m未満"},"geometry":{"type":"Polygon","coordinates":[[[131.24385,33.60238],[131.23911,33.60194],[131.23878,33.60221],[131.23922,33.60302],[131.23889,33.6032],[131.24116,33.60338],[131.24094,33.60455],[131.24041,33.60455],[131.24105,33.60482],[131.24126,33.60329],[131.24277,33.60392],[131.24299,33.60319],[131.24407,33.60337],[131.24417,33.60301],[131.24622,33.60274],[131.24428,33.60166],[131.24385,33.60238]],[[131.24309,33.60247],[131.2432,33.60256],[131.24309,33.60256],[131.24309,33.60247]],[[131.24288,33.60256],[131.24299,33.6031],[131.24277,33.6031],[131.24288,33.60256]]]}},{"type":"Feature","properties":{"A40_001":"大分県","A40_002":"44","A40_003":"2m以上 〜 3m未満"},"geometry":{"type":"Polygon","coordinates":[[[131.22553,33.60332],[131.22542,33.60323],[131.22542,33.60332],[131.22553,33.60332]]]}},{"type":"Feature","properties":{"A40_001":"大分県","A40_002":"44","A40_003":"0.3m以上 〜 1m未満"},"geometry":{"type":"Polygon","coordinates":[[[131.22542,33.60332],[131.22521,33.60323],[131.22521,33.60332],[131.22542,33.60332]]]}},{"type":"Feature","properties":{"A40_001":"大分県","A40_002":"44","A40_003":"0.3m未満"},"geometry":{"type":"Polygon","coordinates":[[[131.22392,33.60332],[131.22381,33.60323],[131.22381,33.60332],[131.22392,33.60332]]]}},{"type":"Feature","properties":{"A40_001":"大分県","A40_002":"44","A40_003":"0.3m未満"},"geometry":{"type":"Polygon","coordinates":[[[131.2585,33.60325],[131.25861,33.60334],[131.25861,33.60325],[131.2585,33.60325]]]}},{"type":"Feature","properties":{"A40_001":"大分県","A40_002":"44","A40_003":"0.3m以上 〜 1m未満"},"geometry":{"type":"Polygon","coordinates":[[[131.20247,33.60309],[131.20215,33.60291],[131.20215,33.60318],[131.20247,33.60309]]]}},{"type":"Feature","properties":{"A40_001":"大分県","A40_002":"44","A40_003":"0.3m未満"},"geometry":{"type":"Polygon","coordinates":[[[131.17844,33.60303],[131.17855,33.60312],[131.17855,33.60303],[131.17844,33.60303]]]}},{"type":"Feature","properties":{"A40_001":"大分県","A40_002":"44","A40_003":"0.3m以上 〜 1m未満"},"geometry":{"type":"Polygon","coordinates":[[[131.20301,33.60318],[131.2029,33.603],[131.2029,33.60318],[131.20301,33.60318]]]}},{"type":"Feature","properties":{"A40_001":"大分県","A40_002":"44","A40_003":"0.3m以上 〜 1m未満"},"geometry":{"type":"Polygon","coordinates":[[[131.20398,33.60317],[131.20387,33.60308],[131.20387,33.60318],[131.20398,33.60317]]]}},{"type":"Feature","properties":{"A40_001":"大分県","A40_002":"44","A40_003":"0.3m以上 〜 1m未満"},"geometry":{"type":"Polygon","coordinates":[[[131.20344,33.60318],[131.20333,33.60309],[131.20333,33.60318],[131.20344,33.60318]]]}},{"type":"Feature","properties":{"A40_001":"大分県","A40_002":"44","A40_003":"0.3m以上 〜 1m未満"},"geometry":{"type":"Polygon","coordinates":[[[131.20323,33.60336],[131.20312,33.60327],[131.20312,33.60336],[131.20323,33.60336]]]}},{"type":"Feature","properties":{"A40_001":"大分県","A40_002":"44","A40_003":"0.3m以上 〜 1m未満"},"geometry":{"type":"Polygon","coordinates":[[[131.20377,33.60327],[131.20366,33.60345],[131.20377,33.60345],[131.20377,33.60327]]]}},{"type":"Feature","properties":{"A40_001":"大分県","A40_002":"44","A40_003":"0.3m以上 〜 1m未満"},"geometry":{"type":"Polygon","coordinates":[[[131.20344,33.60345],[131.20323,33.60336],[131.20323,33.60345],[131.20344,33.60345]]]}},{"type":"Feature","properties":{"A40_001":"大分県","A40_002":"44","A40_003":"0.3m以上 〜 1m未満"},"geometry":{"type":"Polygon","coordinates":[[[131.20258,33.60345],[131.20247,33.60336],[131.20247,33.60345],[131.20258,33.60345]]]}},{"type":"Feature","properties":{"A40_001":"大分県","A40_002":"44","A40_003":"1m以上 〜 2m未満"},"geometry":{"type":"Polygon","coordinates":[[[131.17866,33.60348],[131.17877,33.60357],[131.17877,33.60348],[131.17866,33.60348]]]}},{"type":"Feature","properties":{"A40_001":"大分県","A40_002":"44","A40_003":"0.3m未満"},"geometry":{"type":"Polygon","coordinates":[[[131.21842,33.60342],[131.21831,33.60324],[131.21831,33.60342],[131.21842,33.60342]]]}},{"type":"Feature","properties":{"A40_001":"大分県","A40_002":"44","A40_003":"2m以上 〜 3m未満"},"geometry":{"type":"Polygon","coordinates":[[[131.22532,33.60332],[131.2251,33.60341],[131.22532,33.60341],[131.22532,33.60332]]]}},{"type":"Feature","properties":{"A40_001":"大分県","A40_002":"44","A40_003":"0.3m以上 〜 1m未満"},"geometry":{"type":"Polygon","coordinates":[[[131.2251,33.60341],[131.22499,33.60332],[131.22499,33.60341],[131.2251,33.60341]]]}},{"type":"Feature","properties":{"A40_001":"大分県","A40_002":"44","A40_003":"0.3m未満"},"geometry":{"type":"Polygon","coordinates":[[[131.22381,33.60341],[131.2237,33.60332],[131.2237,33.60341],[131.22381,33.60341]]]}},{"type":"Feature","properties":{"A40_001":"大分県","A40_002":"44","A40_003":"1m以上 〜 2m未満"},"geometry":{"type":"Polygon","coordinates":[[[131.24417,33.60346],[131.24374,33.60337],[131.24374,33.60346],[131.24417,33.60346]]]}},{"type":"Feature","properties":{"A40_001":"大分県","A40_002":"44","A40_003":"1m以上 〜 2m未満"},"geometry":{"type":"Polygon","coordinates":[[[131.23889,33.6032],[131.239,33.60356],[131.24008,33.6032],[131.23889,33.6032]]]}},{"type":"Feature","properties":{"A40_001":"大分県","A40_002":"44","A40_003":"0.3m未満"},"geometry":{"type":"Polygon","coordinates":[[[131.24504,33.60328],[131.24482,33.60355],[131.24493,33.60355],[131.24504,33.60328]]]}},{"type":"Feature","properties":{"A40_001":"大分県","A40_002":"44","A40_003":"0.3m以上 〜 1m未満"},"geometry":{"type":"Polygon","coordinates":[[[131.25872,33.60334],[131.25861,33.60352],[131.25872,33.60352],[131.25872,33.60334]]]}},{"type":"Feature","properties":{"A40_001":"大分県","A40_002":"44","A40_003":"2m以上 〜 3m未満"},"geometry":{"type":"Polygon","coordinates":[[[131.2251,33.6035],[131.22499,33.60341],[131.22499,33.6035],[131.2251,33.6035]]]}},{"type":"Feature","properties":{"A40_001":"大分県","A40_002":"44","A40_003":"1m以上 〜 2m未満"},"geometry":{"type":"Polygon","coordinates":[[[131.22499,33.6035],[131.22489,33.60341],[131.22489,33.6035],[131.22499,33.6035]]]}},{"type":"Feature","properties":{"A40_001":"大分県","A40_002":"44","A40_003":"1m以上 〜 2m未満"},"geometry":{"type":"Polygon","coordinates":[[[131.21195,33.60307],[131.21152,33.60334],[131.21152,33.60361],[131.21217,33.60343],[131.21195,33.60307]]]}},{"type":"Feature","properties":{"A40_001":"大分県","A40_002":"44","A40_003":"0.3m未満"},"geometry":{"type":"Polygon","coordinates":[[[131.21357,33.60334],[131.21336,33.60343],[131.21357,33.60343],[131.21357,33.60334]]]}},{"type":"Feature","properties":{"A40_001":"大分県","A40_002":"44","A40_003":"0.3m未満"},"geometry":{"type":"Polygon","coordinates":[[[131.20506,33.60209],[131.20516,33.60173],[131.20462,33.60146],[131.20312,33.60182],[131.20214,33.60146],[131.20193,33.60174],[131.20258,33.60173],[131.20225,33.60219],[131.20279,33.60191],[131.20301,33.60209],[131.20204,33.60336],[131.20323,33.60435],[131.2043,33.60299],[131.20506,33.6029],[131.20538,33.60344],[131.20592,33.60272],[131.20786,33.60344],[131.20904,33.60308],[131.20948,33.60335],[131.2084,33.60425],[131.20851,33.60533],[131.20991,33.60479],[131.20905,33.60479],[131.20969,33.60362],[131.21045,33.6038],[131.21023,33.60425],[131.20959,33.60398],[131.21013,33.60461],[131.2112,33.60415],[131.2112,33.60388],[131.21056,33.60416],[131.21066,33.60361],[131.21023,33.60316],[131.2098,33.60335],[131.21023,33.60244],[131.20721,33.60245],[131.20667,33.60191],[131.20624,33.60191],[131.20635,33.60236],[131.20559,33.60191],[131.20506,33.60209]],[[131.20495,33.60191],[131.20484,33.60182],[131.20495,33.60182],[131.20495,33.60191]],[[131.20484,33.60164],[131.20473,33.60173],[131.20473,33.60164],[131.20484,33.60164]],[[131.20258,33.60291],[131.2029,33.60273],[131.20323,33.60291],[131.20258,33.60291]],[[131.20377,33.60327],[131.20355,33.60336],[131.20355,33.60327],[131.20377,33.60327]],[[131.2043,33.60299],[131.2042,33.6029],[131.2043,33.6029],[131.2043,33.60299]],[[131.20851,33.60308],[131.20861,33.6029],[131.20861,33.60308],[131.20851,33.60308]],[[131.20916,33.60416],[131.20905,33.60425],[131.20905,33.60416],[131.20916,33.60416]],[[131.21013,33.60443],[131.21023,33.60434],[131.21023,33.60443],[131.21013,33.60443]],[[131.21099,33.60397],[131.21109,33.60406],[131.21099,33.60406],[131.21099,33.60397]],[[131.20516,33.60227],[131.20549,33.60218],[131.20549,33.60227],[131.20516,33.60227]],[[131.20355,33.60291],[131.20387,33.60263],[131.20376,33.6029],[131.20355,33.60291]],[[131.20387,33.60263],[131.20398,33.60254],[131.20398,33.60263],[131.20387,33.60263]],[[131.20333,33.60354],[131.20344,33.60363],[131.20334,33.60363],[131.20333,33.60354]],[[131.20334,33.60363],[131.20323,33.60372],[131.20323,33.60363],[131.20334,33.60363]],[[131.20247,33.60345],[131.20258,33.60336],[131.20258,33.60345],[131.20247,33.60345]],[[131.20258,33.60336],[131.20269,33.60327],[131.20269,33.60336],[131.20258,33.60336]],[[131.20344,33.60345],[131.20323,33.60336],[131.20344,33.60327],[131.20344,33.60345]],[[131.20323,33.60336],[131.20312,33.60327],[131.20323,33.60327],[131.20323,33.60336]],[[131.2043,33.60209],[131.20441,33.602],[131.20441,33.60209],[131.2043,33.60209]],[[131.20462,33.60182],[131.20473,33.60191],[131.20462,33.60191],[131.20462,33.60182]],[[131.20398,33.602],[131.20409,33.60191],[131.20409,33.602],[131.20398,33.602]],[[131.2029,33.60318],[131.20301,33.603],[131.20301,33.60318],[131.2029,33.60318]],[[131.20333,33.60318],[131.20344,33.60309],[131.20344,33.60318],[131.20333,33.60318]],[[131.20387,33.60318],[131.20398,33.60308],[131.20398,33.60317],[131.20387,33.60318]],[[131.20409,33.60254],[131.20419,33.60245],[131.20419,33.60254],[131.20409,33.60254]],[[131.20484,33.60245],[131.20441,33.60254],[131.20441,33.60245],[131.20484,33.60245]],[[131.20506,33.60263],[131.20538,33.60254],[131.20538,33.60263],[131.20506,33.60263]],[[131.20549,33.60263],[131.2056,33.60272],[131.20549,33.60272],[131.20549,33.60263]],[[131.2057,33.60263],[131.20581,33.60272],[131.2057,33.60272],[131.2057,33.60263]],[[131.20312,33.60218],[131.20322,33.60227],[131.20312,33.60227],[131.20312,33.60218]],[[131.20656,33.60236],[131.20667,33.60227],[131.20667,33.60236],[131.20656,33.60236]],[[131.20333,33.60282],[131.20344,33.60273],[131.20344,33.60282],[131.20333,33.60282]],[[131.20721,33.60272],[131.20678,33.60281],[131.20678,33.60272],[131.20721,33.60272]],[[131.20797,33.6029],[131.2084,33.60281],[131.2084,33.6029],[131.20797,33.6029]],[[131.20872,33.60299],[131.20904,33.6029],[131.20904,33.60299],[131.20872,33.60299]],[[131.20915,33.60299],[131.20937,33.6029],[131.20937,33.60299],[131.20915,33.60299]],[[131.20775,33.60272],[131.20786,33.60281],[131.20775,33.60281],[131.20775,33.60272]],[[131.20312,33.603],[131.20323,33.60309],[131.20312,33.60309],[131.20312,33.603]],[[131.2029,33.60363],[131.20301,33.60372],[131.2029,33.60372],[131.2029,33.60363]],[[131.2098,33.60353],[131.20969,33.60344],[131.2098,33.60344],[131.2098,33.60353]],[[131.20873,33.60497],[131.20883,33.60488],[131.20883,33.60497],[131.20873,33.60497]],[[131.20926,33.60488],[131.20937,33.60479],[131.20937,33.60488],[131.20926,33.60488]]]}},{"type":"Feature","properties":{"A40_001":"大分県","A40_002":"44","A40_003":"0.3m未満"},"geometry":{"type":"Polygon","coordinates":[[[131.2168,33.60333],[131.2167,33.60351],[131.2168,33.60351],[131.2168,33.60333]]]}},{"type":"Feature","properties":{"A40_001":"大分県","A40_002":"44","A40_003":"0.3m未満"},"geometry":{"type":"Polygon","coordinates":[[[131.21379,33.60361],[131.21357,33.60343],[131.21368,33.60361],[131.21379,33.60361]]]}},{"type":"Feature","properties":{"A40_001":"大分県","A40_002":"44","A40_003":"0.3m未満"},"geometry":{"type":"Polygon","coordinates":[[[131.21734,33.60351],[131.21713,33.60342],[131.21713,33.60351],[131.21734,33.60351]]]}},{"type":"Feature","properties":{"A40_001":"大分県","A40_002":"44","A40_003":"0.3m以上 〜 1m未満"},"geometry":{"type":"Polygon","coordinates":[[[131.21325,33.60352],[131.21314,33.60343],[131.21314,33.60352],[131.21325,33.60352]]]}},{"type":"Feature","properties":{"A40_001":"大分県","A40_002":"44","A40_003":"2m以上 〜 3m未満"},"geometry":{"type":"Polygon","coordinates":[[[131.21271,33.60352],[131.2126,33.60343],[131.2126,33.60352],[131.21271,33.60352]]]}},{"type":"Feature","properties":{"A40_001":"大分県","A40_002":"44","A40_003":"0.3m以上 〜 1m未満"},"geometry":{"type":"Polygon","coordinates":[[[131.2098,33.60353],[131.20969,33.60344],[131.20969,33.60353],[131.2098,33.60353]]]}},{"type":"Feature","properties":{"A40_001":"大分県","A40_002":"44","A40_003":"0.3m以上 〜 1m未満"},"geometry":{"type":"Polygon","coordinates":[[[131.21519,33.60361],[131.21508,33.60343],[131.21508,33.60361],[131.21519,33.60361]]]}},{"type":"Feature","properties":{"A40_001":"大分県","A40_002":"44","A40_003":"0.3m未満"},"geometry":{"type":"Polygon","coordinates":[[[131.22489,33.6035],[131.22478,33.60341],[131.22478,33.6035],[131.22489,33.6035]]]}},{"type":"Feature","properties":{"A40_001":"大分県","A40_002":"44","A40_003":"0.3m未満"},"geometry":{"type":"Polygon","coordinates":[[[131.2237,33.6035],[131.22359,33.60341],[131.22359,33.6035],[131.2237,33.6035]]]}},{"type":"Feature","properties":{"A40_001":"大分県","A40_002":"44","A40_003":"2m以上 〜 3m未満"},"geometry":{"type":"Polygon","coordinates":[[[131.22478,33.60359],[131.22467,33.6035],[131.22467,33.60359],[131.22478,33.60359]]]}},{"type":"Feature","properties":{"A40_001":"大分県","A40_002":"44","A40_003":"0.3m以上 〜 1m未満"},"geometry":{"type":"Polygon","coordinates":[[[131.22467,33.60359],[131.22456,33.6035],[131.22456,33.60359],[131.22467,33.60359]]]}},{"type":"Feature","properties":{"A40_001":"大分県","A40_002":"44","A40_003":"0.3m未満"},"geometry":{"type":"Polygon","coordinates":[[[131.22456,33.60359],[131.22445,33.6035],[131.22446,33.60359],[131.22456,33.60359]]]}},{"type":"Feature","properties":{"A40_001":"大分県","A40_002":"44","A40_003":"0.3m未満"},"geometry":{"type":"Polygon","coordinates":[[[131.22359,33.60359],[131.22349,33.6035],[131.22349,33.60359],[131.22359,33.60359]]]}},{"type":"Feature","properties":{"A40_001":"大分県","A40_002":"44","A40_003":"0.3m以上 〜 1m未満"},"geometry":{"type":"Polygon","coordinates":[[[131.24482,33.60355],[131.24353,33.60337],[131.24364,33.60373],[131.24482,33.60355]]]}},{"type":"Feature","properties":{"A40_001":"大分県","A40_002":"44","A40_003":"2m以上 〜 3m未満"},"geometry":{"type":"Polygon","coordinates":[[[131.23922,33.60374],[131.239,33.60338],[131.239,33.60374],[131.23922,33.60374]]]}},{"type":"Feature","properties":{"A40_001":"大分県","A40_002":"44","A40_003":"2m以上 〜 3m未満"},"geometry":{"type":"Polygon","coordinates":[[[131.22456,33.60368],[131.22446,33.60359],[131.22446,33.60368],[131.22456,33.60368]]]}},{"type":"Feature","properties":{"A40_001":"大分県","A40_002":"44","A40_003":"1m以上 〜 2m未満"},"geometry":{"type":"Polygon","coordinates":[[[131.22446,33.60368],[131.22435,33.60359],[131.22435,33.60368],[131.22446,33.60368]]]}},{"type":"Feature","properties":{"A40_001":"大分県","A40_002":"44","A40_003":"0.3m未満"},"geometry":{"type":"Polygon","coordinates":[[[131.2154,33.60343],[131.21519,33.60361],[131.2154,33.6037],[131.2154,33.60343]]]}},{"type":"Feature","properties":{"A40_001":"大分県","A40_002":"44","A40_003":"1m以上 〜 2m未満"},"geometry":{"type":"Polygon","coordinates":[[[131.21325,33.60361],[131.21314,33.60352],[131.21314,33.60361],[131.21325,33.60361]]]}},{"type":"Feature","properties":{"A40_001":"大分県","A40_002":"44","A40_003":"2m以上 〜 3m未満"},"geometry":{"type":"Polygon","coordinates":[[[131.21282,33.60361],[131.21271,33.60352],[131.21271,33.60361],[131.21282,33.60361]]]}},{"type":"Feature","properties":{"A40_001":"大分県","A40_002":"44","A40_003":"0.3m以上 〜 1m未満"},"geometry":{"type":"Polygon","coordinates":[[[131.21196,33.60361],[131.21185,33.60352],[131.21185,33.60361],[131.21196,33.60361]]]}},{"type":"Feature","properties":{"A40_001":"大分県","A40_002":"44","A40_003":"0.3m未満"},"geometry":{"type":"Polygon","coordinates":[[[131.21109,33.60361],[131.21099,33.60352],[131.21099,33.60361],[131.21109,33.60361]]]}},{"type":"Feature","properties":{"A40_001":"大分県","A40_002":"44","A40_003":"0.3m未満"},"geometry":{"type":"Polygon","coordinates":[[[131.2167,33.60369],[131.21659,33.6036],[131.21659,33.60369],[131.2167,33.60369]]]}},{"type":"Feature","properties":{"A40_001":"大分県","A40_002":"44","A40_003":"0.3m以上 〜 1m未満"},"geometry":{"type":"Polygon","coordinates":[[[131.21508,33.60289],[131.21379,33.60334],[131.2154,33.60343],[131.21519,33.60433],[131.21551,33.60442],[131.2154,33.60289],[131.21508,33.60289]],[[131.21497,33.60298],[131.21508,33.60307],[131.21497,33.60307],[131.21497,33.60298]]]}},{"type":"Feature","properties":{"A40_001":"大分県","A40_002":"44","A40_003":"0.3m以上 〜 1m未満"},"geometry":{"type":"Polygon","coordinates":[[[131.2153,33.6037],[131.21519,33.60361],[131.21519,33.6037],[131.2153,33.6037]]]}},{"type":"Feature","properties":{"A40_001":"大分県","A40_002":"44","A40_003":"0.3m以上 〜 1m未満"},"geometry":{"type":"Polygon","coordinates":[[[131.21497,33.60352],[131.21443,33.6037],[131.21497,33.6037],[131.21497,33.60352]]]}},{"type":"Feature","properties":{"A40_001":"大分県","A40_002":"44","A40_003":"0.3m以上 〜 1m未満"},"geometry":{"type":"Polygon","coordinates":[[[131.21336,33.6037],[131.21325,33.60361],[131.21325,33.6037],[131.21336,33.6037]]]}},{"type":"Feature","properties":{"A40_001":"大分県","A40_002":"44","A40_003":"0.3m未満"},"geometry":{"type":"Polygon","coordinates":[[[131.22435,33.60368],[131.22424,33.60359],[131.22424,33.60368],[131.22435,33.60368]]]}},{"type":"Feature","properties":{"A40_001":"大分県","A40_002":"44","A40_003":"0.3m未満"},"geometry":{"type":"Polygon","coordinates":[[[131.22349,33.60368],[131.22338,33.60359],[131.22338,33.60368],[131.22349,33.60368]]]}},{"type":"Feature","properties":{"A40_001":"大分県","A40_002":"44","A40_003":"0.3m未満"},"geometry":{"type":"Polygon","coordinates":[[[131.22165,33.60369],[131.22155,33.6036],[131.22155,33.60369],[131.22165,33.60369]]]}},{"type":"Feature","properties":{"A40_001":"大分県","A40_002":"44","A40_003":"0.3m未満"},"geometry":{"type":"Polygon","coordinates":[[[131.22025,33.60369],[131.21993,33.6036],[131.21993,33.60369],[131.22025,33.60369]]]}},{"type":"Feature","properties":{"A40_001":"大分県","A40_002":"44","A40_003":"1m以上 〜 2m未満"},"geometry":{"type":"Polygon","coordinates":[[[131.22435,33.60377],[131.22424,33.60368],[131.22424,33.60377],[131.22435,33.60377]]]}},{"type":"Feature","properties":{"A40_001":"大分県","A40_002":"44","A40_003":"0.3m以上 〜 1m未満"},"geometry":{"type":"Polygon","coordinates":[[[131.22424,33.60377],[131.22413,33.60368],[131.22413,33.60377],[131.22424,33.60377]]]}},{"type":"Feature","properties":{"A40_001":"大分県","A40_002":"44","A40_003":"0.3m未満"},"geometry":{"type":"Polygon","coordinates":[[[131.22413,33.60377],[131.22402,33.60368],[131.22402,33.60377],[131.22413,33.60377]]]}},{"type":"Feature","properties":{"A40_001":"大分県","A40_002":"44","A40_003":"0.3m未満"},"geometry":{"type":"Polygon","coordinates":[[[131.22327,33.60377],[131.22316,33.60368],[131.22316,33.60377],[131.22327,33.60377]]]}},{"type":"Feature","properties":{"A40_001":"大分県","A40_002":"44","A40_003":"0.3m以上 〜 1m未満"},"geometry":{"type":"Polygon","coordinates":[[[131.22004,33.60378],[131.21982,33.60369],[131.21982,33.60378],[131.22004,33.60378]]]}},{"type":"Feature","properties":{"A40_001":"大分県","A40_002":"44","A40_003":"0.3m未満"},"geometry":{"type":"Polygon","coordinates":[[[131.21874,33.60378],[131.21864,33.60369],[131.21864,33.60378],[131.21874,33.60378]]]}},{"type":"Feature","properties":{"A40_001":"大分県","A40_002":"44","A40_003":"1m以上 〜 2m未満"},"geometry":{"type":"Polygon","coordinates":[[[131.24029,33.60329],[131.24094,33.60338],[131.24105,33.60419],[131.24116,33.60338],[131.24029,33.60329]]]}},{"type":"Feature","properties":{"A40_001":"大分県","A40_002":"44","A40_003":"1m以上 〜 2m未満"},"geometry":{"type":"Polygon","coordinates":[[[131.239,33.60374],[131.23922,33.60383],[131.23922,33.60374],[131.239,33.60374]]]}},{"type":"Feature","properties":{"A40_001":"大分県","A40_002":"44","A40_003":"2m以上 〜 3m未満"},"geometry":{"type":"Polygon","coordinates":[[[131.22413,33.60377],[131.22392,33.60386],[131.22413,33.60386],[131.22413,33.60377]]]}},{"type":"Feature","properties":{"A40_001":"大分県","A40_002":"44","A40_003":"0.3m以上 〜 1m未満"},"geometry":{"type":"Polygon","coordinates":[[[131.22392,33.60386],[131.22381,33.60377],[131.22381,33.60386],[131.22392,33.60386]]]}},{"type":"Feature","properties":{"A40_001":"大分県","A40_002":"44","A40_003":"0.3m未満"},"geometry":{"type":"Polygon","coordinates":[[[131.22381,33.60386],[131.2237,33.60377],[131.2237,33.60386],[131.22381,33.60386]]]}},{"type":"Feature","properties":{"A40_001":"大分県","A40_002":"44","A40_003":"0.3m未満"},"geometry":{"type":"Polygon","coordinates":[[[131.22252,33.60386],[131.22219,33.60377],[131.22219,33.60386],[131.22252,33.60386]]]}},{"type":"Feature","properties":{"A40_001":"大分県","A40_002":"44","A40_003":"0.3m未満"},"geometry":{"type":"Polygon","coordinates":[[[131.24482,33.60355],[131.24418,33.60391],[131.24471,33.60409],[131.24482,33.60355]]]}},{"type":"Feature","properties":{"A40_001":"大分県","A40_002":"44","A40_003":"0.3m未満"},"geometry":{"type":"Polygon","coordinates":[[[131.21907,33.60387],[131.21896,33.60378],[131.21896,33.60387],[131.21907,33.60387]]]}},{"type":"Feature","properties":{"A40_001":"大分県","A40_002":"44","A40_003":"0.3m未満"},"geometry":{"type":"Polygon","coordinates":[[[131.24525,33.60391],[131.24514,33.60382],[131.24515,33.60391],[131.24525,33.60391]]]}},{"type":"Feature","properties":{"A40_001":"大分県","A40_002":"44","A40_003":"0.3m未満"},"geometry":{"type":"Polygon","coordinates":[[[131.24396,33.60391],[131.24385,33.60382],[131.24385,33.60391],[131.24396,33.60391]]]}},{"type":"Feature","properties":{"A40_001":"大分県","A40_002":"44","A40_003":"0.3m以上 〜 1m未満"},"geometry":{"type":"Polygon","coordinates":[[[131.21174,33.6037],[131.21163,33.60361],[131.21163,33.6037],[131.21174,33.6037]]]}},{"type":"Feature","properties":{"A40_001":"大分県","A40_002":"44","A40_003":"0.3m未満"},"geometry":{"type":"Polygon","coordinates":[[[131.21142,33.6037],[131.21131,33.60361],[131.21131,33.6037],[131.21142,33.6037]]]}},{"type":"Feature","properties":{"A40_001":"大分県","A40_002":"44","A40_003":"0.3m未満"},"geometry":{"type":"Polygon","coordinates":[[[131.21346,33.6037],[131.21325,33.60361],[131.21368,33.60388],[131.21346,33.6037]]]}},{"type":"Feature","properties":{"A40_001":"大分県","A40_002":"44","A40_003":"0.3m未満"},"geometry":{"type":"Polygon","coordinates":[[[131.21842,33.60378],[131.21821,33.6036],[131.21821,33.60387],[131.21842,33.60378]]]}},{"type":"Feature","properties":{"A40_001":"大分県","A40_002":"44","A40_003":"0.3m未満"},"geometry":{"type":"Polygon","coordinates":[[[131.21745,33.60378],[131.21724,33.60369],[131.21724,33.60378],[131.21745,33.60378]]]}},{"type":"Feature","properties":{"A40_001":"大分県","A40_002":"44","A40_003":"0.3m以上 〜 1m未満"},"geometry":{"type":"Polygon","coordinates":[[[131.21336,33.60343],[131.21357,33.60406],[131.21433,33.6037],[131.21368,33.60361],[131.21336,33.60343]]]}},{"type":"Feature","properties":{"A40_001":"大分県","A40_002":"44","A40_003":"2m以上 〜 3m未満"},"geometry":{"type":"Polygon","coordinates":[[[131.21293,33.60379],[131.21282,33.6037],[131.21282,33.60379],[131.21293,33.60379]]]}},{"type":"Feature","properties":{"A40_001":"大分県","A40_002":"44","A40_003":"0.3m未満"},"geometry":{"type":"Polygon","coordinates":[[[131.21239,33.60379],[131.21228,33.6037],[131.21228,33.60379],[131.21239,33.60379]]]}},{"type":"Feature","properties":{"A40_001":"大分県","A40_002":"44","A40_003":"0.3m未満"},"geometry":{"type":"Polygon","coordinates":[[[131.21185,33.6037],[131.21142,33.60379],[131.21174,33.60388],[131.21185,33.6037]]]}},{"type":"Feature","properties":{"A40_001":"大分県","A40_002":"44","A40_003":"1m以上 〜 2m未満"},"geometry":{"type":"Polygon","coordinates":[[[131.21142,33.60379],[131.21131,33.6037],[131.21131,33.60379],[131.21142,33.60379]]]}},{"type":"Feature","properties":{"A40_001":"大分県","A40_002":"44","A40_003":"0.3m以上 〜 1m未満"},"geometry":{"type":"Polygon","coordinates":[[[131.21982,33.60378],[131.21961,33.60396],[131.21982,33.60396],[131.21982,33.60378]]]}},{"type":"Feature","properties":{"A40_001":"大分県","A40_002":"44","A40_003":"1m以上 〜 2m未満"},"geometry":{"type":"Polygon","coordinates":[[[131.24126,33.60338],[131.24116,33.6041],[131.24213,33.60401],[131.24224,33.60455],[131.24321,33.60446],[131.24374,33.60364],[131.24299,33.60319],[131.24267,33.60392],[131.24223,33.60338],[131.24126,33.60338]],[[131.24299,33.60401],[131.2431,33.6041],[131.24299,33.6041],[131.24299,33.60401]]]}},{"type":"Feature","properties":{"A40_001":"大分県","A40_002":"44","A40_003":"2m以上 〜 3m未満"},"geometry":{"type":"Polygon","coordinates":[[[131.22392,33.60386],[131.2237,33.60395],[131.22392,33.60395],[131.22392,33.60386]]]}},{"type":"Feature","properties":{"A40_001":"大分県","A40_002":"44","A40_003":"1m以上 〜 2m未満"},"geometry":{"type":"Polygon","coordinates":[[[131.2237,33.60395],[131.22359,33.60386],[131.22359,33.60395],[131.2237,33.60395]]]}},{"type":"Feature","properties":{"A40_001":"大分県","A40_002":"44","A40_003":"0.3m未満"},"geometry":{"type":"Polygon","coordinates":[[[131.21961,33.60396],[131.2195,33.60387],[131.2195,33.60396],[131.21961,33.60396]]]}},{"type":"Feature","properties":{"A40_001":"大分県","A40_002":"44","A40_003":"0.3m以上 〜 1m未満"},"geometry":{"type":"Polygon","coordinates":[[[131.24094,33.60338],[131.23922,33.60329],[131.23933,33.60455],[131.24094,33.60428],[131.24094,33.60338]]]}},{"type":"Feature","properties":{"A40_001":"大分県","A40_002":"44","A40_003":"0.3m未満"},"geometry":{"type":"Polygon","coordinates":[[[131.24558,33.604],[131.24547,33.60391],[131.24547,33.604],[131.24558,33.604]]]}},{"type":"Feature","properties":{"A40_001":"大分県","A40_002":"44","A40_003":"1m以上 〜 2m未満"},"geometry":{"type":"Polygon","coordinates":[[[131.22359,33.60404],[131.22349,33.60395],[131.22349,33.60404],[131.22359,33.60404]]]}},{"type":"Feature","properties":{"A40_001":"大分県","A40_002":"44","A40_003":"0.3m以上 〜 1m未満"},"geometry":{"type":"Polygon","coordinates":[[[131.22349,33.60404],[131.22338,33.60395],[131.22338,33.60404],[131.22349,33.60404]]]}},{"type":"Feature","properties":{"A40_001":"大分県","A40_002":"44","A40_003":"0.3m以上 〜 1m未満"},"geometry":{"type":"Polygon","coordinates":[[[131.24547,33.60382],[131.24525,33.60418],[131.24558,33.60409],[131.24547,33.60382]]]}},{"type":"Feature","properties":{"A40_001":"大分県","A40_002":"44","A40_003":"0.3m以上 〜 1m未満"},"geometry":{"type":"Polygon","coordinates":[[[131.20247,33.60363],[131.20237,33.60354],[131.20237,33.60363],[131.20247,33.60363]]]}},{"type":"Feature","properties":{"A40_001":"大分県","A40_002":"44","A40_003":"0.3m以上 〜 1m未満"},"geometry":{"type":"Polygon","coordinates":[[[131.20334,33.60372],[131.20323,33.60363],[131.20323,33.60372],[131.20334,33.60372]]]}},{"type":"Feature","properties":{"A40_001":"大分県","A40_002":"44","A40_003":"0.3m以上 〜 1m未満"},"geometry":{"type":"Polygon","coordinates":[[[131.20301,33.60372],[131.2029,33.60363],[131.2029,33.60372],[131.20301,33.60372]]]}},{"type":"Feature","properties":{"A40_001":"大分県","A40_002":"44","A40_003":"0.3m未満"},"geometry":{"type":"Polygon","coordinates":[[[131.20215,33.60417],[131.20172,33.60354],[131.20161,33.60417],[131.20215,33.60417]]]}},{"type":"Feature","properties":{"A40_001":"大分県","A40_002":"44","A40_003":"0.3m以上 〜 1m未満"},"geometry":{"type":"Polygon","coordinates":[[[131.2029,33.60399],[131.2028,33.6039],[131.2028,33.60399],[131.2029,33.60399]]]}},{"type":"Feature","properties":{"A40_001":"大分県","A40_002":"44","A40_003":"0.3m未満"},"geometry":{"type":"Polygon","coordinates":[[[131.20237,33.6039],[131.20215,33.60399],[131.20237,33.60399],[131.20237,33.6039]]]}},{"type":"Feature","properties":{"A40_001":"大分県","A40_002":"44","A40_003":"0.3m以上 〜 1m未満"},"geometry":{"type":"Polygon","coordinates":[[[131.20258,33.60417],[131.20204,33.60408],[131.20215,33.60417],[131.20258,33.60417]]]}},{"type":"Feature","properties":{"A40_001":"大分県","A40_002":"44","A40_003":"0.3m以上 〜 1m未満"},"geometry":{"type":"Polygon","coordinates":[[[131.20161,33.60417],[131.2014,33.60399],[131.2014,33.60408],[131.20161,33.60417]]]}},{"type":"Feature","properties":{"A40_001":"大分県","A40_002":"44","A40_003":"0.3m未満"},"geometry":{"type":"Polygon","coordinates":[[[131.20355,33.60426],[131.20344,33.60417],[131.20344,33.60426],[131.20355,33.60426]]]}},{"type":"Feature","properties":{"A40_001":"大分県","A40_002":"44","A40_003":"0.3m以上 〜 1m未満"},"geometry":{"type":"Polygon","coordinates":[[[131.20269,33.60426],[131.20258,33.60417],[131.20258,33.60426],[131.20269,33.60426]]]}},{"type":"Feature","properties":{"A40_001":"大分県","A40_002":"44","A40_003":"1m以上 〜 2m未満"},"geometry":{"type":"Polygon","coordinates":[[[131.21109,33.60388],[131.21099,33.6037],[131.21099,33.60388],[131.21109,33.60388]]]}},{"type":"Feature","properties":{"A40_001":"大分県","A40_002":"44","A40_003":"0.3m以上 〜 1m未満"},"geometry":{"type":"Polygon","coordinates":[[[131.21346,33.60388],[131.21336,33.60379],[131.21336,33.60388],[131.21346,33.60388]]]}},{"type":"Feature","properties":{"A40_001":"大分県","A40_002":"44","A40_003":"0.3m以上 〜 1m未満"},"geometry":{"type":"Polygon","coordinates":[[[131.21217,33.60388],[131.21206,33.60379],[131.21206,33.60388],[131.21217,33.60388]]]}},{"type":"Feature","properties":{"A40_001":"大分県","A40_002":"44","A40_003":"0.3m未満"},"geometry":{"type":"Polygon","coordinates":[[[131.21206,33.60388],[131.21196,33.60379],[131.21196,33.60388],[131.21206,33.60388]]]}},{"type":"Feature","properties":{"A40_001":"大分県","A40_002":"44","A40_003":"0.3m以上 〜 1m未満"},"geometry":{"type":"Polygon","coordinates":[[[131.21519,33.60406],[131.21487,33.60379],[131.21476,33.60406],[131.21519,33.60406]]]}},{"type":"Feature","properties":{"A40_001":"大分県","A40_002":"44","A40_003":"0.3m未満"},"geometry":{"type":"Polygon","coordinates":[[[131.214,33.60334],[131.21433,33.60361],[131.21379,33.6037],[131.21411,33.60451],[131.21541,33.60442],[131.21519,33.60334],[131.214,33.60334]],[[131.21433,33.60433],[131.21422,33.60424],[131.21433,33.60424],[131.21433,33.60433]],[[131.21433,33.60424],[131.21454,33.60415],[131.21454,33.60424],[131.21433,33.60424]],[[131.21519,33.60415],[131.21487,33.60424],[131.21487,33.60415],[131.21519,33.60415]],[[131.21487,33.60379],[131.21519,33.60406],[131.21476,33.60406],[131.21487,33.60379]],[[131.21497,33.60352],[131.21443,33.6037],[131.21443,33.60352],[131.21497,33.60352]],[[131.214,33.60397],[131.21422,33.60388],[131.21422,33.60397],[131.214,33.60397]]]}},{"type":"Feature","properties":{"A40_001":"大分県","A40_002":"44","A40_003":"0.3m以上 〜 1m未満"},"geometry":{"type":"Polygon","coordinates":[[[131.21422,33.60388],[131.214,33.60397],[131.21422,33.60397],[131.21422,33.60388]]]}},{"type":"Feature","properties":{"A40_001":"大分県","A40_002":"44","A40_003":"0.3m未満"},"geometry":{"type":"Polygon","coordinates":[[[131.21163,33.60397],[131.21153,33.60388],[131.21153,33.60397],[131.21163,33.60397]]]}},{"type":"Feature","properties":{"A40_001":"大分県","A40_002":"44","A40_003":"0.3m以上 〜 1m未満"},"geometry":{"type":"Polygon","coordinates":[[[131.21066,33.60434],[131.21088,33.60461],[131.21163,33.60424],[131.21185,33.60388],[131.21131,33.60379],[131.21152,33.60334],[131.21099,33.60361],[131.21142,33.60406],[131.21066,33.60434]],[[131.21163,33.60388],[131.21153,33.60397],[131.21153,33.60388],[131.21163,33.60388]],[[131.2112,33.60415],[131.21131,33.60424],[131.2112,33.60424],[131.2112,33.60415]]]}},{"type":"Feature","properties":{"A40_001":"大分県","A40_002":"44","A40_003":"1m以上 〜 2m未満"},"geometry":{"type":"Polygon","coordinates":[[[131.21088,33.60397],[131.21077,33.60388],[131.21077,33.60398],[131.21088,33.60397]]]}},{"type":"Feature","properties":{"A40_001":"大分県","A40_002":"44","A40_003":"0.3m未満"},"geometry":{"type":"Polygon","coordinates":[[[131.24418,33.60409],[131.24407,33.60391],[131.24407,33.60409],[131.24418,33.60409]]]}},{"type":"Feature","properties":{"A40_001":"大分県","A40_002":"44","A40_003":"2m以上 〜 3m未満"},"geometry":{"type":"Polygon","coordinates":[[[131.21961,33.60405],[131.2195,33.60396],[131.2195,33.60405],[131.21961,33.60405]]]}},{"type":"Feature","properties":{"A40_001":"大分県","A40_002":"44","A40_003":"0.3m以上 〜 1m未満"},"geometry":{"type":"Polygon","coordinates":[[[131.24364,33.60419],[131.24342,33.60383],[131.24331,33.60428],[131.24364,33.60419]]]}},{"type":"Feature","properties":{"A40_001":"大分県","A40_002":"44","A40_003":"0.3m未満"},"geometry":{"type":"Polygon","coordinates":[[[131.24568,33.60409],[131.24558,33.604],[131.24558,33.60409],[131.24568,33.60409]]]}},{"type":"Feature","properties":{"A40_001":"大分県","A40_002":"44","A40_003":"0.3m以上 〜 1m未満"},"geometry":{"type":"Polygon","coordinates":[[[131.2431,33.6041],[131.24299,33.60401],[131.24299,33.6041],[131.2431,33.6041]]]}},{"type":"Feature","properties":{"A40_001":"大分県","A40_002":"44","A40_003":"2m以上 〜 3m未満"},"geometry":{"type":"Polygon","coordinates":[[[131.22338,33.60413],[131.22327,33.60404],[131.22327,33.60413],[131.22338,33.60413]]]}},{"type":"Feature","properties":{"A40_001":"大分県","A40_002":"44","A40_003":"1m以上 〜 2m未満"},"geometry":{"type":"Polygon","coordinates":[[[131.22327,33.60413],[131.22316,33.60404],[131.22316,33.60413],[131.22327,33.60413]]]}},{"type":"Feature","properties":{"A40_001":"大分県","A40_002":"44","A40_003":"0.3m未満"},"geometry":{"type":"Polygon","coordinates":[[[131.24525,33.60418],[131.24515,33.60409],[131.24515,33.60418],[131.24525,33.60418]]]}},{"type":"Feature","properties":{"A40_001":"大分県","A40_002":"44","A40_003":"1m以上 〜 2m未満"},"geometry":{"type":"Polygon","coordinates":[[[131.21885,33.60423],[131.21875,33.60405],[131.21875,33.60423],[131.21885,33.60423]]]}},{"type":"Feature","properties":{"A40_001":"大分県","A40_002":"44","A40_003":"0.3m以上 〜 1m未満"},"geometry":{"type":"Polygon","coordinates":[[[131.22316,33.60422],[131.22306,33.60413],[131.22306,33.60422],[131.22316,33.60422]]]}},{"type":"Feature","properties":{"A40_001":"大分県","A40_002":"44","A40_003":"0.3m以上 〜 1m未満"},"geometry":{"type":"Polygon","coordinates":[[[131.21099,33.60397],[131.21056,33.60389],[131.21056,33.60416],[131.21099,33.60397]]]}},{"type":"Feature","properties":{"A40_001":"大分県","A40_002":"44","A40_003":"0.3m未満"},"geometry":{"type":"Polygon","coordinates":[[[131.21282,33.60406],[131.21271,33.60397],[131.21271,33.60406],[131.21282,33.60406]]]}},{"type":"Feature","properties":{"A40_001":"大分県","A40_002":"44","A40_003":"0.3m未満"},"geometry":{"type":"Polygon","coordinates":[[[131.21142,33.60406],[131.21131,33.60397],[131.21131,33.60406],[131.21142,33.60406]]]}},{"type":"Feature","properties":{"A40_001":"大分県","A40_002":"44","A40_003":"0.3m以上 〜 1m未満"},"geometry":{"type":"Polygon","coordinates":[[[131.21109,33.60406],[131.21099,33.60397],[131.21099,33.60406],[131.21109,33.60406]]]}},{"type":"Feature","properties":{"A40_001":"大分県","A40_002":"44","A40_003":"1m以上 〜 2m未満"},"geometry":{"type":"Polygon","coordinates":[[[131.21077,33.60407],[131.21066,33.60398],[131.21066,33.60407],[131.21077,33.60407]]]}},{"type":"Feature","properties":{"A40_001":"大分県","A40_002":"44","A40_003":"1m以上 〜 2m未満"},"geometry":{"type":"Polygon","coordinates":[[[131.21821,33.60396],[131.21756,33.60405],[131.21831,33.60423],[131.21821,33.60396]]]}},{"type":"Feature","properties":{"A40_001":"大分県","A40_002":"44","A40_003":"2m以上 〜 3m未満"},"geometry":{"type":"Polygon","coordinates":[[[131.21314,33.60415],[131.21303,33.60406],[131.21303,33.60415],[131.21314,33.60415]]]}},{"type":"Feature","properties":{"A40_001":"大分県","A40_002":"44","A40_003":"0.3m以上 〜 1m未満"},"geometry":{"type":"Polygon","coordinates":[[[131.21088,33.60416],[131.21077,33.60407],[131.21077,33.60416],[131.21088,33.60416]]]}},{"type":"Feature","properties":{"A40_001":"大分県","A40_002":"44","A40_003":"0.3m未満"},"geometry":{"type":"Polygon","coordinates":[[[131.21077,33.60416],[131.21066,33.60407],[131.21066,33.60416],[131.21077,33.60416]]]}},{"type":"Feature","properties":{"A40_001":"大分県","A40_002":"44","A40_003":"0.3m未満"},"geometry":{"type":"Polygon","coordinates":[[[131.2181,33.60423],[131.21799,33.60405],[131.21799,33.60423],[131.2181,33.60423]]]}},{"type":"Feature","properties":{"A40_001":"大分県","A40_002":"44","A40_003":"0.3m以上 〜 1m未満"},"geometry":{"type":"Polygon","coordinates":[[[131.21799,33.60423],[131.21788,33.60405],[131.21788,33.60423],[131.21799,33.60423]]]}},{"type":"Feature","properties":{"A40_001":"大分県","A40_002":"44","A40_003":"1m以上 〜 2m未満"},"geometry":{"type":"Polygon","coordinates":[[[131.21756,33.60405],[131.21724,33.60414],[131.21756,33.60423],[131.21756,33.60405]]]}},{"type":"Feature","properties":{"A40_001":"大分県","A40_002":"44","A40_003":"1m以上 〜 2m未満"},"geometry":{"type":"Polygon","coordinates":[[[131.21605,33.60397],[131.21573,33.60433],[131.21627,33.60433],[131.21605,33.60397]]]}},{"type":"Feature","properties":{"A40_001":"大分県","A40_002":"44","A40_003":"1m以上 〜 2m未満"},"geometry":{"type":"Polygon","coordinates":[[[131.2139,33.60406],[131.21368,33.60424],[131.2139,33.60424],[131.2139,33.60406]]]}},{"type":"Feature","properties":{"A40_001":"大分県","A40_002":"44","A40_003":"0.3m未満"},"geometry":{"type":"Polygon","coordinates":[[[131.21691,33.60423],[131.21681,33.60415],[131.21681,33.60424],[131.21691,33.60423]]]}},{"type":"Feature","properties":{"A40_001":"大分県","A40_002":"44","A40_003":"0.3m未満"},"geometry":{"type":"Polygon","coordinates":[[[131.2167,33.60424],[131.21659,33.60415],[131.21659,33.60424],[131.2167,33.60424]]]}},{"type":"Feature","properties":{"A40_001":"大分県","A40_002":"44","A40_003":"0.3m以上 〜 1m未満"},"geometry":{"type":"Polygon","coordinates":[[[131.21519,33.60415],[131.21487,33.60424],[131.21519,33.60424],[131.21519,33.60415]]]}},{"type":"Feature","properties":{"A40_001":"大分県","A40_002":"44","A40_003":"0.3m以上 〜 1m未満"},"geometry":{"type":"Polygon","coordinates":[[[131.214,33.60424],[131.2139,33.60415],[131.2139,33.60424],[131.214,33.60424]]]}},{"type":"Feature","properties":{"A40_001":"大分県","A40_002":"44","A40_003":"1m以上 〜 2m未満"},"geometry":{"type":"Polygon","coordinates":[[[131.21131,33.60424],[131.2112,33.60415],[131.2112,33.60424],[131.21131,33.60424]]]}},{"type":"Feature","properties":{"A40_001":"大分県","A40_002":"44","A40_003":"0.3m以上 〜 1m未満"},"geometry":{"type":"Polygon","coordinates":[[[131.21077,33.60425],[131.21066,33.60416],[131.21066,33.60425],[131.21077,33.60425]]]}},{"type":"Feature","properties":{"A40_001":"大分県","A40_002":"44","A40_003":"0.3m未満"},"geometry":{"type":"Polygon","coordinates":[[[131.22306,33.60422],[131.22295,33.60413],[131.22295,33.60422],[131.22306,33.60422]]]}},{"type":"Feature","properties":{"A40_001":"大分県","A40_002":"44","A40_003":"0.3m以上 〜 1m未満"},"geometry":{"type":"Polygon","coordinates":[[[131.21972,33.60432],[131.21961,33.60405],[131.21961,33.60432],[131.21972,33.60432]]]}},{"type":"Feature","properties":{"A40_001":"大分県","A40_002":"44","A40_003":"2m以上 〜 3m未満"},"geometry":{"type":"Polygon","coordinates":[[[131.21907,33.60423],[131.21896,33.60414],[131.21896,33.60423],[131.21907,33.60423]]]}},{"type":"Feature","properties":{"A40_001":"大分県","A40_002":"44","A40_003":"1m以上 〜 2m未満"},"geometry":{"type":"Polygon","coordinates":[[[131.22295,33.60431],[131.22284,33.60422],[131.22284,33.60431],[131.22295,33.60431]]]}},{"type":"Feature","properties":{"A40_001":"大分県","A40_002":"44","A40_003":"0.3m以上 〜 1m未満"},"geometry":{"type":"Polygon","coordinates":[[[131.22284,33.60431],[131.22273,33.60422],[131.22273,33.60431],[131.22284,33.60431]]]}},{"type":"Feature","properties":{"A40_001":"大分県","A40_002":"44","A40_003":"0.3m以上 〜 1m未満"},"geometry":{"type":"Polygon","coordinates":[[[131.24439,33.60382],[131.24429,33.60463],[131.24493,33.60472],[131.2445,33.60436],[131.24439,33.60382]]]}},{"type":"Feature","properties":{"A40_001":"大分県","A40_002":"44","A40_003":"2m以上 〜 3m未満"},"geometry":{"type":"Polygon","coordinates":[[[131.21864,33.60423],[131.21831,33.60432],[131.21864,33.60432],[131.21864,33.60423]]]}},{"type":"Feature","properties":{"A40_001":"大分県","A40_002":"44","A40_003":"0.3m未満"},"geometry":{"type":"Polygon","coordinates":[[[131.24461,33.60436],[131.2445,33.60427],[131.2445,33.60436],[131.24461,33.60436]]]}},{"type":"Feature","properties":{"A40_001":"大分県","A40_002":"44","A40_003":"0.3m未満"},"geometry":{"type":"Polygon","coordinates":[[[131.24342,33.60437],[131.24331,33.60428],[131.24331,33.60437],[131.24342,33.60437]]]}},{"type":"Feature","properties":{"A40_001":"大分県","A40_002":"44","A40_003":"0.3m未満"},"geometry":{"type":"Polygon","coordinates":[[[131.25862,33.60425],[131.25851,33.60443],[131.25862,33.60443],[131.25862,33.60425]]]}},{"type":"Feature","properties":{"A40_001":"大分県","A40_002":"44","A40_003":"0.3m以上 〜 1m未満"},"geometry":{"type":"Polygon","coordinates":[[[131.20916,33.60425],[131.20905,33.60416],[131.20905,33.60425],[131.20916,33.60425]]]}},{"type":"Feature","properties":{"A40_001":"大分県","A40_002":"44","A40_003":"0.3m未満"},"geometry":{"type":"Polygon","coordinates":[[[131.21745,33.60432],[131.21734,33.60414],[131.21735,33.60432],[131.21745,33.60432]]]}},{"type":"Feature","properties":{"A40_001":"大分県","A40_002":"44","A40_003":"0.3m以上 〜 1m未満"},"geometry":{"type":"Polygon","coordinates":[[[131.21735,33.60432],[131.21724,33.60414],[131.21724,33.60432],[131.21735,33.60432]]]}},{"type":"Feature","properties":{"A40_001":"大分県","A40_002":"44","A40_003":"1m以上 〜 2m未満"},"geometry":{"type":"Polygon","coordinates":[[[131.21724,33.60432],[131.21702,33.60414],[131.21702,33.60423],[131.21724,33.60432]]]}},{"type":"Feature","properties":{"A40_001":"大分県","A40_002":"44","A40_003":"1m以上 〜 2m未満"},"geometry":{"type":"Polygon","coordinates":[[[131.21799,33.60432],[131.21788,33.60423],[131.21788,33.60432],[131.21799,33.60432]]]}},{"type":"Feature","properties":{"A40_001":"大分県","A40_002":"44","A40_003":"0.3m以上 〜 1m未満"},"geometry":{"type":"Polygon","coordinates":[[[131.21788,33.60432],[131.21767,33.60423],[131.21767,33.60432],[131.21788,33.60432]]]}},{"type":"Feature","properties":{"A40_001":"大分県","A40_002":"44","A40_003":"2m以上 〜 3m未満"},"geometry":{"type":"Polygon","coordinates":[[[131.21325,33.60433],[131.21314,33.60424],[131.21314,33.60433],[131.21325,33.60433]]]}},{"type":"Feature","properties":{"A40_001":"大分県","A40_002":"44","A40_003":"0.3m以上 〜 1m未満"},"geometry":{"type":"Polygon","coordinates":[[[131.21713,33.60432],[131.21702,33.60442],[131.21724,33.60441],[131.21713,33.60432]]]}},{"type":"Feature","properties":{"A40_001":"大分県","A40_002":"44","A40_003":"1m以上 〜 2m未満"},"geometry":{"type":"Polygon","coordinates":[[[131.21702,33.60423],[131.21681,33.60442],[131.21702,33.60442],[131.21702,33.60423]]]}},{"type":"Feature","properties":{"A40_001":"大分県","A40_002":"44","A40_003":"1m以上 〜 2m未満"},"geometry":{"type":"Polygon","coordinates":[[[131.214,33.60442],[131.2139,33.60424],[131.2139,33.60442],[131.214,33.60442]]]}},{"type":"Feature","properties":{"A40_001":"大分県","A40_002":"44","A40_003":"1m以上 〜 2m未満"},"geometry":{"type":"Polygon","coordinates":[[[131.22273,33.6044],[131.22263,33.60432],[131.22263,33.60441],[131.22273,33.6044]]]}},{"type":"Feature","properties":{"A40_001":"大分県","A40_002":"44","A40_003":"0.3m未満"},"geometry":{"type":"Polygon","coordinates":[[[131.22263,33.60441],[131.22252,33.60432],[131.22252,33.60441],[131.22263,33.60441]]]}},{"type":"Feature","properties":{"A40_001":"大分県","A40_002":"44","A40_003":"0.3m以上 〜 1m未満"},"geometry":{"type":"Polygon","coordinates":[[[131.22198,33.60459],[131.22187,33.60414],[131.22187,33.60459],[131.22198,33.60459]]]}},{"type":"Feature","properties":{"A40_001":"大分県","A40_002":"44","A40_003":"0.3m以上 〜 1m未満"},"geometry":{"type":"Polygon","coordinates":[[[131.24224,33.6041],[131.24127,33.60401],[131.24116,33.60446],[131.24213,33.60428],[131.24159,33.60473],[131.24235,33.60482],[131.24224,33.6041]]]}},{"type":"Feature","properties":{"A40_001":"大分県","A40_002":"44","A40_003":"1m以上 〜 2m未満"},"geometry":{"type":"Polygon","coordinates":[[[131.24084,33.60437],[131.23933,33.60455],[131.239,33.60401],[131.23933,33.60473],[131.24041,33.60473],[131.24084,33.60437]],[[131.24019,33.60464],[131.2403,33.60455],[131.2403,33.60464],[131.24019,33.60464]]]}},{"type":"Feature","properties":{"A40_001":"大分県","A40_002":"44","A40_003":"0.3m未満"},"geometry":{"type":"Polygon","coordinates":[[[131.24472,33.60445],[131.24461,33.60436],[131.24461,33.60445],[131.24472,33.60445]]]}},{"type":"Feature","properties":{"A40_001":"大分県","A40_002":"44","A40_003":"1m以上 〜 2m未満"},"geometry":{"type":"Polygon","coordinates":[[[131.24213,33.60446],[131.2417,33.60428],[131.24138,33.60455],[131.24213,33.60446]]]}},{"type":"Feature","properties":{"A40_001":"大分県","A40_002":"44","A40_003":"0.3m以上 〜 1m未満"},"geometry":{"type":"Polygon","coordinates":[[[131.22252,33.6045],[131.22241,33.60441],[131.22241,33.6045],[131.22252,33.6045]]]}},{"type":"Feature","properties":{"A40_001":"大分県","A40_002":"44","A40_003":"0.3m未満"},"geometry":{"type":"Polygon","coordinates":[[[131.24428,33.60427],[131.24385,33.60464],[131.24439,33.60472],[131.24428,33.60427]]]}},{"type":"Feature","properties":{"A40_001":"大分県","A40_002":"44","A40_003":"0.3m以上 〜 1m未満"},"geometry":{"type":"Polygon","coordinates":[[[131.22004,33.60441],[131.21972,33.6045],[131.22004,33.6045],[131.22004,33.60441]]]}},{"type":"Feature","properties":{"A40_001":"大分県","A40_002":"44","A40_003":"0.3m以上 〜 1m未満"},"geometry":{"type":"Polygon","coordinates":[[[131.2139,33.60442],[131.21379,33.60424],[131.21379,33.60442],[131.2139,33.60442]]]}},{"type":"Feature","properties":{"A40_001":"大分県","A40_002":"44","A40_003":"0.3m以上 〜 1m未満"},"geometry":{"type":"Polygon","coordinates":[[[131.21411,33.60442],[131.214,33.60433],[131.214,33.60442],[131.21411,33.60442]]]}},{"type":"Feature","properties":{"A40_001":"大分県","A40_002":"44","A40_003":"0.3m以上 〜 1m未満"},"geometry":{"type":"Polygon","coordinates":[[[131.21023,33.60443],[131.21013,33.60434],[131.21013,33.60443],[131.21023,33.60443]]]}},{"type":"Feature","properties":{"A40_001":"大分県","A40_002":"44","A40_003":"2m以上 〜 3m未満"},"geometry":{"type":"Polygon","coordinates":[[[131.21659,33.60442],[131.21648,33.60451],[131.2167,33.60451],[131.21659,33.60442]]]}},{"type":"Feature","properties":{"A40_001":"大分県","A40_002":"44","A40_003":"0.3m以上 〜 1m未満"},"geometry":{"type":"Polygon","coordinates":[[[131.21444,33.60442],[131.21433,33.60451],[131.21476,33.60451],[131.21444,33.60442]]]}},{"type":"Feature","properties":{"A40_001":"大分県","A40_002":"44","A40_003":"1m以上 〜 2m未満"},"geometry":{"type":"Polygon","coordinates":[[[131.21638,33.6046],[131.21551,33.60442],[131.21551,33.60451],[131.21638,33.6046]]]}},{"type":"Feature","properties":{"A40_001":"大分県","A40_002":"44","A40_003":"1m以上 〜 2m未満"},"geometry":{"type":"Polygon","coordinates":[[[131.21411,33.60451],[131.214,33.60442],[131.21401,33.60451],[131.21411,33.60451]]]}},{"type":"Feature","properties":{"A40_001":"大分県","A40_002":"44","A40_003":"0.3m以上 〜 1m未満"},"geometry":{"type":"Polygon","coordinates":[[[131.21401,33.60451],[131.2139,33.60442],[131.2139,33.60451],[131.21401,33.60451]]]}},{"type":"Feature","properties":{"A40_001":"大分県","A40_002":"44","A40_003":"2m以上 〜 3m未満"},"geometry":{"type":"Polygon","coordinates":[[[131.21336,33.60451],[131.21325,33.60442],[131.21325,33.60451],[131.21336,33.60451]]]}},{"type":"Feature","properties":{"A40_001":"大分県","A40_002":"44","A40_003":"0.3m以上 〜 1m未満"},"geometry":{"type":"Polygon","coordinates":[[[131.21013,33.60452],[131.21002,33.60443],[131.21002,33.60452],[131.21013,33.60452]]]}},{"type":"Feature","properties":{"A40_001":"大分県","A40_002":"44","A40_003":"0.3m以上 〜 1m未満"},"geometry":{"type":"Polygon","coordinates":[[[131.23911,33.60437],[131.239,33.60455],[131.23911,33.60455],[131.23911,33.60437]]]}},{"type":"Feature","properties":{"A40_001":"大分県","A40_002":"44","A40_003":"0.3m未満"},"geometry":{"type":"Polygon","coordinates":[[[131.24612,33.60454],[131.24601,33.60445],[131.24601,33.60454],[131.24612,33.60454]]]}},{"type":"Feature","properties":{"A40_001":"大分県","A40_002":"44","A40_003":"0.3m未満"},"geometry":{"type":"Polygon","coordinates":[[[131.24536,33.60409],[131.24504,33.60463],[131.24461,33.6049],[131.2459,33.60481],[131.24558,33.60454],[131.24601,33.60436],[131.24536,33.60409]],[[131.24558,33.60454],[131.24547,33.60445],[131.24558,33.60445],[131.24558,33.60454]],[[131.24547,33.60454],[131.24525,33.60463],[131.24525,33.60454],[131.24547,33.60454]]]}},{"type":"Feature","properties":{"A40_001":"大分県","A40_002":"44","A40_003":"0.3m未満"},"geometry":{"type":"Polygon","coordinates":[[[131.24256,33.60455],[131.24245,33.60446],[131.24245,33.60455],[131.24256,33.60455]]]}},{"type":"Feature","properties":{"A40_001":"大分県","A40_002":"44","A40_003":"0.3m以上 〜 1m未満"},"geometry":{"type":"Polygon","coordinates":[[[131.25862,33.60443],[131.25851,33.60461],[131.25862,33.60461],[131.25862,33.60443]]]}},{"type":"Feature","properties":{"A40_001":"大分県","A40_002":"44","A40_003":"0.3m未満"},"geometry":{"type":"Polygon","coordinates":[[[131.22219,33.60459],[131.22209,33.6045],[131.22209,33.60459],[131.22219,33.60459]]]}},{"type":"Feature","properties":{"A40_001":"大分県","A40_002":"44","A40_003":"0.3m未満"},"geometry":{"type":"Polygon","coordinates":[[[131.22166,33.6045],[131.21993,33.60459],[131.22166,33.60468],[131.22166,33.6045]]]}},{"type":"Feature","properties":{"A40_001":"大分県","A40_002":"44","A40_003":"0.3m以上 〜 1m未満"},"geometry":{"type":"Polygon","coordinates":[[[131.24331,33.60428],[131.24267,33.60437],[131.24267,33.60455],[131.24332,33.60482],[131.24331,33.60428]]]}},{"type":"Feature","properties":{"A40_001":"大分県","A40_002":"44","A40_003":"1m以上 〜 2m未満"},"geometry":{"type":"Polygon","coordinates":[[[131.24138,33.60455],[131.24105,33.60464],[131.24127,33.60482],[131.24138,33.60455]]]}},{"type":"Feature","properties":{"A40_001":"大分県","A40_002":"44","A40_003":"0.3m以上 〜 1m未満"},"geometry":{"type":"Polygon","coordinates":[[[131.2459,33.60472],[131.24558,33.60454],[131.24558,33.60463],[131.2459,33.60472]]]}},{"type":"Feature","properties":{"A40_001":"大分県","A40_002":"44","A40_003":"0.3m以上 〜 1m未満"},"geometry":{"type":"Polygon","coordinates":[[[131.21271,33.60487],[131.21217,33.60442],[131.21239,33.60478],[131.21271,33.60487]]]}},{"type":"Feature","properties":{"A40_001":"大分県","A40_002":"44","A40_003":"2m以上 〜 3m未満"},"geometry":{"type":"Polygon","coordinates":[[[131.21648,33.6046],[131.21638,33.60451],[131.21638,33.6046],[131.21648,33.6046]]]}},{"type":"Feature","properties":{"A40_001":"大分県","A40_002":"44","A40_003":"0.3m以上 〜 1m未満"},"geometry":{"type":"Polygon","coordinates":[[[131.21056,33.6047],[131.21023,33.60452],[131.21023,33.60461],[131.21056,33.6047]]]}},{"type":"Feature","properties":{"A40_001":"大分県","A40_002":"44","A40_003":"0.3m未満"},"geometry":{"type":"Polygon","coordinates":[[[131.21002,33.6047],[131.2098,33.60443],[131.20991,33.6047],[131.21002,33.6047]]]}},{"type":"Feature","properties":{"A40_001":"大分県","A40_002":"44","A40_003":"0.3m以上 〜 1m未満"},"geometry":{"type":"Polygon","coordinates":[[[131.20991,33.60461],[131.2098,33.60452],[131.2098,33.60461],[131.20991,33.60461]]]}},{"type":"Feature","properties":{"A40_001":"大分県","A40_002":"44","A40_003":"0.3m未満"},"geometry":{"type":"Polygon","coordinates":[[[131.21594,33.60451],[131.21573,33.60469],[131.21594,33.6046],[131.21594,33.60451]]]}},{"type":"Feature","properties":{"A40_001":"大分県","A40_002":"44","A40_003":"1m以上 〜 2m未満"},"geometry":{"type":"Polygon","coordinates":[[[131.21519,33.60469],[131.21508,33.60451],[131.21508,33.60469],[131.21519,33.60469]]]}},{"type":"Feature","properties":{"A40_001":"大分県","A40_002":"44","A40_003":"1m以上 〜 2m未満"},"geometry":{"type":"Polygon","coordinates":[[[131.21498,33.6046],[131.21401,33.60469],[131.21498,33.60469],[131.21498,33.6046]]]}},{"type":"Feature","properties":{"A40_001":"大分県","A40_002":"44","A40_003":"2m以上 〜 3m未満"},"geometry":{"type":"Polygon","coordinates":[[[131.21347,33.60469],[131.21336,33.6046],[131.21336,33.60469],[131.21347,33.60469]]]}},{"type":"Feature","properties":{"A40_001":"大分県","A40_002":"44","A40_003":"0.3m以上 〜 1m未満"},"geometry":{"type":"Polygon","coordinates":[[[131.21271,33.60469],[131.2126,33.6046],[131.2126,33.60469],[131.21271,33.60469]]]}},{"type":"Feature","properties":{"A40_001":"大分県","A40_002":"44","A40_003":"0.3m未満"},"geometry":{"type":"Polygon","coordinates":[[[131.20344,33.60435],[131.20334,33.60426],[131.20334,33.60435],[131.20344,33.60435]]]}},{"type":"Feature","properties":{"A40_001":"大分県","A40_002":"44","A40_003":"0.3m以上 〜 1m未満"},"geometry":{"type":"Polygon","coordinates":[[[131.20355,33.60426],[131.20323,33.60417],[131.20334,33.60462],[131.20366,33.60444],[131.20355,33.60426]],[[131.20344,33.60426],[131.20334,33.60435],[131.20334,33.60426],[131.20344,33.60426]]]}},{"type":"Feature","properties":{"A40_001":"大分県","A40_002":"44","A40_003":"0.3m以上 〜 1m未満"},"geometry":{"type":"Polygon","coordinates":[[[131.20269,33.60444],[131.20258,33.60435],[131.20258,33.60444],[131.20269,33.60444]]]}},{"type":"Feature","properties":{"A40_001":"大分県","A40_002":"44","A40_003":"0.3m以上 〜 1m未満"},"geometry":{"type":"Polygon","coordinates":[[[131.20248,33.60453],[131.20237,33.60435],[131.20237,33.60453],[131.20248,33.60453]]]}},{"type":"Feature","properties":{"A40_001":"大分県","A40_002":"44","A40_003":"0.3m未満"},"geometry":{"type":"Polygon","coordinates":[[[131.20226,33.60417],[131.20226,33.6048],[131.20269,33.60489],[131.20291,33.60435],[131.20226,33.60417]]]}},{"type":"Feature","properties":{"A40_001":"大分県","A40_002":"44","A40_003":"0.3m以上 〜 1m未満"},"geometry":{"type":"Polygon","coordinates":[[[131.20237,33.60462],[131.20226,33.60453],[131.20226,33.60462],[131.20237,33.60462]]]}},{"type":"Feature","properties":{"A40_001":"大分県","A40_002":"44","A40_003":"0.3m未満"},"geometry":{"type":"Polygon","coordinates":[[[131.20312,33.60462],[131.20291,33.60471],[131.20312,33.60471],[131.20312,33.60462]]]}},{"type":"Feature","properties":{"A40_001":"大分県","A40_002":"44","A40_003":"0.3m以上 〜 1m未満"},"geometry":{"type":"Polygon","coordinates":[[[131.20291,33.60489],[131.2028,33.60453],[131.20269,33.60489],[131.20291,33.60489]]]}},{"type":"Feature","properties":{"A40_001":"大分県","A40_002":"44","A40_003":"0.3m以上 〜 1m未満"},"geometry":{"type":"Polygon","coordinates":[[[131.20226,33.6048],[131.20215,33.60471],[131.20215,33.6048],[131.20226,33.6048]]]}},{"type":"Feature","properties":{"A40_001":"大分県","A40_002":"44","A40_003":"1m以上 〜 2m未満"},"geometry":{"type":"Polygon","coordinates":[[[131.20301,33.60489],[131.20291,33.60471],[131.20291,33.60489],[131.20301,33.60489]]]}},{"type":"Feature","properties":{"A40_001":"大分県","A40_002":"44","A40_003":"0.3m未満"},"geometry":{"type":"Polygon","coordinates":[[[131.24472,33.60463],[131.24461,33.60454],[131.24461,33.60463],[131.24472,33.60463]]]}},{"type":"Feature","properties":{"A40_001":"大分県","A40_002":"44","A40_003":"0.3m未満"},"geometry":{"type":"Polygon","coordinates":[[[131.24278,33.60464],[131.24267,33.60455],[131.24267,33.60464],[131.24278,33.60464]]]}},{"type":"Feature","properties":{"A40_001":"大分県","A40_002":"44","A40_003":"2m以上 〜 3m未満"},"geometry":{"type":"Polygon","coordinates":[[[131.24235,33.60464],[131.24224,33.60455],[131.24224,33.60464],[131.24235,33.60464]]]}},{"type":"Feature","properties":{"A40_001":"大分県","A40_002":"44","A40_003":"0.3m未満"},"geometry":{"type":"Polygon","coordinates":[[[131.24148,33.60455],[131.24159,33.60464],[131.24159,33.60455],[131.24148,33.60455]]]}},{"type":"Feature","properties":{"A40_001":"大分県","A40_002":"44","A40_003":"0.3m以上 〜 1m未満"},"geometry":{"type":"Polygon","coordinates":[[[131.24019,33.60455],[131.2403,33.60464],[131.2403,33.60455],[131.24019,33.60455]]]}},{"type":"Feature","properties":{"A40_001":"大分県","A40_002":"44","A40_003":"0.3m未満"},"geometry":{"type":"Polygon","coordinates":[[[131.239,33.60455],[131.23911,33.60464],[131.23911,33.60455],[131.239,33.60455]]]}},{"type":"Feature","properties":{"A40_001":"大分県","A40_002":"44","A40_003":"2m以上 〜 3m未満"},"geometry":{"type":"Polygon","coordinates":[[[131.2209,33.60468],[131.22058,33.60459],[131.22058,33.60468],[131.2209,33.60468]]]}},{"type":"Feature","properties":{"A40_001":"大分県","A40_002":"44","A40_003":"0.3m以上 〜 1m未満"},"geometry":{"type":"Polygon","coordinates":[[[131.24148,33.60455],[131.24138,33.60473],[131.24148,33.60473],[131.24148,33.60455]]]}},{"type":"Feature","properties":{"A40_001":"大分県","A40_002":"44","A40_003":"0.3m未満"},"geometry":{"type":"Polygon","coordinates":[[[131.24472,33.60463],[131.24482,33.60472],[131.24482,33.60463],[131.24472,33.60463]]]}},{"type":"Feature","properties":{"A40_001":"大分県","A40_002":"44","A40_003":"0.3m未満"},"geometry":{"type":"Polygon","coordinates":[[[131.24299,33.60464],[131.2431,33.60473],[131.2431,33.60464],[131.24299,33.60464]]]}},{"type":"Feature","properties":{"A40_001":"大分県","A40_002":"44","A40_003":"1m以上 〜 2m未満"},"geometry":{"type":"Polygon","coordinates":[[[131.24202,33.60464],[131.24213,33.60473],[131.24213,33.60464],[131.24202,33.60464]]]}},{"type":"Feature","properties":{"A40_001":"大分県","A40_002":"44","A40_003":"2m以上 〜 3m未満"},"geometry":{"type":"Polygon","coordinates":[[[131.23965,33.60464],[131.23976,33.60473],[131.23976,33.60464],[131.23965,33.60464]]]}},{"type":"Feature","properties":{"A40_001":"大分県","A40_002":"44","A40_003":"0.3m以上 〜 1m未満"},"geometry":{"type":"Polygon","coordinates":[[[131.23922,33.60464],[131.23933,33.60473],[131.23933,33.60464],[131.23922,33.60464]]]}},{"type":"Feature","properties":{"A40_001":"大分県","A40_002":"44","A40_003":"0.3m未満"},"geometry":{"type":"Polygon","coordinates":[[[131.23911,33.60464],[131.23922,33.60473],[131.23922,33.60464],[131.23911,33.60464]]]}},{"type":"Feature","properties":{"A40_001":"大分県","A40_002":"44","A40_003":"0.3m以上 〜 1m未満"},"geometry":{"type":"Polygon","coordinates":[[[131.23901,33.60465],[131.23911,33.60474],[131.23911,33.60464],[131.23901,33.60465]]]}},{"type":"Feature","properties":{"A40_001":"大分県","A40_002":"44","A40_003":"0.3m未満"},"geometry":{"type":"Polygon","coordinates":[[[131.24202,33.60455],[131.24202,33.60491],[131.24224,33.60482],[131.24202,33.60455]]]}},{"type":"Feature","properties":{"A40_001":"大分県","A40_002":"44","A40_003":"0.3m以上 〜 1m未満"},"geometry":{"type":"Polygon","coordinates":[[[131.24127,33.60473],[131.24138,33.60482],[131.24138,33.60473],[131.24127,33.60473]]]}},{"type":"Feature","properties":{"A40_001":"大分県","A40_002":"44","A40_003":"1m以上 〜 2m未満"},"geometry":{"type":"Polygon","coordinates":[[[131.24084,33.60473],[131.24105,33.60482],[131.24105,33.60473],[131.24084,33.60473]]]}},{"type":"Feature","properties":{"A40_001":"大分県","A40_002":"44","A40_003":"0.3m未満"},"geometry":{"type":"Polygon","coordinates":[[[131.24062,33.60473],[131.24073,33.60482],[131.24073,33.60473],[131.24062,33.60473]]]}},{"type":"Feature","properties":{"A40_001":"大分県","A40_002":"44","A40_003":"0.3m未満"},"geometry":{"type":"Polygon","coordinates":[[[131.24041,33.60473],[131.24051,33.60482],[131.24051,33.60473],[131.24041,33.60473]]]}},{"type":"Feature","properties":{"A40_001":"大分県","A40_002":"44","A40_003":"0.3m未満"},"geometry":{"type":"Polygon","coordinates":[[[131.2126,33.60469],[131.2125,33.6046],[131.2125,33.60469],[131.2126,33.60469]]]}},{"type":"Feature","properties":{"A40_001":"大分県","A40_002":"44","A40_003":"0.3m以上 〜 1m未満"},"geometry":{"type":"Polygon","coordinates":[[[131.21013,33.6047],[131.21002,33.60461],[131.21002,33.6047],[131.21013,33.6047]]]}},{"type":"Feature","properties":{"A40_001":"大分県","A40_002":"44","A40_003":"1m以上 〜 2m未満"},"geometry":{"type":"Polygon","coordinates":[[[131.21541,33.60478],[131.2153,33.60469],[131.2153,33.60478],[131.21541,33.60478]]]}},{"type":"Feature","properties":{"A40_001":"大分県","A40_002":"44","A40_003":"0.3m未満"},"geometry":{"type":"Polygon","coordinates":[[[131.21487,33.60478],[131.21476,33.60469],[131.21476,33.60478],[131.21487,33.60478]]]}},{"type":"Feature","properties":{"A40_001":"大分県","A40_002":"44","A40_003":"0.3m未満"},"geometry":{"type":"Polygon","coordinates":[[[131.21454,33.60469],[131.21433,33.60478],[131.21454,33.60478],[131.21454,33.60469]]]}},{"type":"Feature","properties":{"A40_001":"大分県","A40_002":"44","A40_003":"0.3m未満"},"geometry":{"type":"Polygon","coordinates":[[[131.21347,33.60469],[131.21325,33.60478],[131.21347,33.60478],[131.21347,33.60469]]]}},{"type":"Feature","properties":{"A40_001":"大分県","A40_002":"44","A40_003":"0.3m未満"},"geometry":{"type":"Polygon","coordinates":[[[131.21271,33.60478],[131.2126,33.60469],[131.2126,33.60478],[131.21271,33.60478]]]}},{"type":"Feature","properties":{"A40_001":"大分県","A40_002":"44","A40_003":"0.3m以上 〜 1m未満"},"geometry":{"type":"Polygon","coordinates":[[[131.21411,33.60478],[131.21552,33.60505],[131.21594,33.6046],[131.21497,33.60451],[131.21411,33.60478]],[[131.2153,33.60478],[131.21541,33.60469],[131.21541,33.60478],[131.2153,33.60478]]]}},{"type":"Feature","properties":{"A40_001":"大分県","A40_002":"44","A40_003":"1m以上 〜 2m未満"},"geometry":{"type":"Polygon","coordinates":[[[131.21411,33.60487],[131.21401,33.60478],[131.21401,33.60487],[131.21411,33.60487]]]}},{"type":"Feature","properties":{"A40_001":"大分県","A40_002":"44","A40_003":"2m以上 〜 3m未満"},"geometry":{"type":"Polygon","coordinates":[[[131.21357,33.60487],[131.21347,33.60478],[131.21347,33.60487],[131.21357,33.60487]]]}},{"type":"Feature","properties":{"A40_001":"大分県","A40_002":"44","A40_003":"0.3m未満"},"geometry":{"type":"Polygon","coordinates":[[[131.20226,33.6048],[131.20194,33.60489],[131.20226,33.60498],[131.20226,33.6048]]]}},{"type":"Feature","properties":{"A40_001":"大分県","A40_002":"44","A40_003":"0.3m以上 〜 1m未満"},"geometry":{"type":"Polygon","coordinates":[[[131.20237,33.60498],[131.20226,33.6048],[131.20226,33.60498],[131.20237,33.60498]]]}},{"type":"Feature","properties":{"A40_001":"大分県","A40_002":"44","A40_003":"0.3m未満"},"geometry":{"type":"Polygon","coordinates":[[[131.20366,33.60444],[131.20388,33.60498],[131.20474,33.60534],[131.20474,33.60444],[131.20366,33.60444]]]}},{"type":"Feature","properties":{"A40_001":"大分県","A40_002":"44","A40_003":"2m以上 〜 3m未満"},"geometry":{"type":"Polygon","coordinates":[[[131.20345,33.60498],[131.20334,33.60489],[131.20334,33.60498],[131.20345,33.60498]]]}},{"type":"Feature","properties":{"A40_001":"大分県","A40_002":"44","A40_003":"2m以上 〜 3m未満"},"geometry":{"type":"Polygon","coordinates":[[[131.20355,33.60507],[131.20345,33.60498],[131.20345,33.60507],[131.20355,33.60507]]]}},{"type":"Feature","properties":{"A40_001":"大分県","A40_002":"44","A40_003":"0.3m未満"},"geometry":{"type":"Polygon","coordinates":[[[131.20345,33.60507],[131.20323,33.60498],[131.20323,33.60507],[131.20345,33.60507]]]}},{"type":"Feature","properties":{"A40_001":"大分県","A40_002":"44","A40_003":"0.3m以上 〜 1m未満"},"geometry":{"type":"Polygon","coordinates":[[[131.20226,33.60507],[131.20215,33.60498],[131.20215,33.60507],[131.20226,33.60507]]]}},{"type":"Feature","properties":{"A40_001":"大分県","A40_002":"44","A40_003":"0.3m以上 〜 1m未満"},"geometry":{"type":"Polygon","coordinates":[[[131.20301,33.60471],[131.20323,33.60543],[131.20366,33.60534],[131.20334,33.6048],[131.20301,33.60471]]]}},{"type":"Feature","properties":{"A40_001":"大分県","A40_002":"44","A40_003":"0.3m未満"},"geometry":{"type":"Polygon","coordinates":[[[131.20409,33.60534],[131.20399,33.60516],[131.20399,33.60534],[131.20409,33.60534]]]}},{"type":"Feature","properties":{"A40_001":"大分県","A40_002":"44","A40_003":"2m以上 〜 3m未満"},"geometry":{"type":"Polygon","coordinates":[[[131.20377,33.60534],[131.20366,33.60525],[131.20366,33.60534],[131.20377,33.60534]]]}},{"type":"Feature","properties":{"A40_001":"大分県","A40_002":"44","A40_003":"0.3m以上 〜 1m未満"},"geometry":{"type":"Polygon","coordinates":[[[131.20991,33.60497],[131.2098,33.60488],[131.2098,33.60497],[131.20991,33.60497]]]}},{"type":"Feature","properties":{"A40_001":"大分県","A40_002":"44","A40_003":"1m以上 〜 2m未満"},"geometry":{"type":"Polygon","coordinates":[[[131.20959,33.60497],[131.20948,33.60488],[131.20948,33.60497],[131.20959,33.60497]]]}},{"type":"Feature","properties":{"A40_001":"大分県","A40_002":"44","A40_003":"0.3m未満"},"geometry":{"type":"Polygon","coordinates":[[[131.21358,33.60505],[131.21347,33.60487],[131.21347,33.60505],[131.21358,33.60505]]]}},{"type":"Feature","properties":{"A40_001":"大分県","A40_002":"44","A40_003":"2m以上 〜 3m未満"},"geometry":{"type":"Polygon","coordinates":[[[131.21368,33.60514],[131.21358,33.60496],[131.21358,33.60514],[131.21368,33.60514]]]}},{"type":"Feature","properties":{"A40_001":"大分県","A40_002":"44","A40_003":"0.3m以上 〜 1m未満"},"geometry":{"type":"Polygon","coordinates":[[[131.20948,33.60515],[131.20916,33.60506],[131.20916,33.60515],[131.20948,33.60515]]]}},{"type":"Feature","properties":{"A40_001":"大分県","A40_002":"44","A40_003":"0.3m以上 〜 1m未満"},"geometry":{"type":"Polygon","coordinates":[[[131.21336,33.60514],[131.21325,33.60505],[131.21325,33.60514],[131.21336,33.60514]]]}},{"type":"Feature","properties":{"A40_001":"大分県","A40_002":"44","A40_003":"0.3m以上 〜 1m未満"},"geometry":{"type":"Polygon","coordinates":[[[131.20905,33.60515],[131.20894,33.60506],[131.20894,33.60515],[131.20905,33.60515]]]}},{"type":"Feature","properties":{"A40_001":"大分県","A40_002":"44","A40_003":"0.3m以上 〜 1m未満"},"geometry":{"type":"Polygon","coordinates":[[[131.21174,33.60524],[131.21164,33.60506],[131.21164,33.60524],[131.21174,33.60524]]]}},{"type":"Feature","properties":{"A40_001":"大分県","A40_002":"44","A40_003":"2m以上 〜 3m未満"},"geometry":{"type":"Polygon","coordinates":[[[131.21379,33.60523],[131.21368,33.60514],[131.21368,33.60523],[131.21379,33.60523]]]}},{"type":"Feature","properties":{"A40_001":"大分県","A40_002":"44","A40_003":"0.3m未満"},"geometry":{"type":"Polygon","coordinates":[[[131.21368,33.60523],[131.21358,33.60514],[131.21358,33.60523],[131.21368,33.60523]]]}},{"type":"Feature","properties":{"A40_001":"大分県","A40_002":"44","A40_003":"0.3m以上 〜 1m未満"},"geometry":{"type":"Polygon","coordinates":[[[131.21347,33.60523],[131.21336,33.60514],[131.21336,33.60523],[131.21347,33.60523]]]}},{"type":"Feature","properties":{"A40_001":"大分県","A40_002":"44","A40_003":"0.3m以上 〜 1m未満"},"geometry":{"type":"Polygon","coordinates":[[[131.21013,33.60524],[131.21002,33.60515],[131.21002,33.60524],[131.21013,33.60524]]]}},{"type":"Feature","properties":{"A40_001":"大分県","A40_002":"44","A40_003":"0.3m未満"},"geometry":{"type":"Polygon","coordinates":[[[131.20959,33.60524],[131.20948,33.60515],[131.20948,33.60524],[131.20959,33.60524]]]}},{"type":"Feature","properties":{"A40_001":"大分県","A40_002":"44","A40_003":"0.3m以上 〜 1m未満"},"geometry":{"type":"Polygon","coordinates":[[[131.20894,33.60524],[131.20883,33.60515],[131.20883,33.60524],[131.20894,33.60524]]]}},{"type":"Feature","properties":{"A40_001":"大分県","A40_002":"44","A40_003":"2m以上 〜 3m未満"},"geometry":{"type":"Polygon","coordinates":[[[131.21422,33.60514],[131.2139,33.60541],[131.21433,33.60532],[131.21422,33.60514]]]}},{"type":"Feature","properties":{"A40_001":"大分県","A40_002":"44","A40_003":"0.3m以上 〜 1m未満"},"geometry":{"type":"Polygon","coordinates":[[[131.21379,33.60532],[131.21368,33.60523],[131.21368,33.60532],[131.21379,33.60532]]]}},{"type":"Feature","properties":{"A40_001":"大分県","A40_002":"44","A40_003":"2m以上 〜 3m未満"},"geometry":{"type":"Polygon","coordinates":[[[131.21368,33.60532],[131.21358,33.60523],[131.21358,33.60532],[131.21368,33.60532]]]}},{"type":"Feature","properties":{"A40_001":"大分県","A40_002":"44","A40_003":"0.3m以上 〜 1m未満"},"geometry":{"type":"Polygon","coordinates":[[[131.20916,33.60533],[131.20905,33.60524],[131.20905,33.60533],[131.20916,33.60533]]]}},{"type":"Feature","properties":{"A40_001":"大分県","A40_002":"44","A40_003":"0.3m以上 〜 1m未満"},"geometry":{"type":"Polygon","coordinates":[[[131.20883,33.60533],[131.20873,33.60524],[131.20873,33.60533],[131.20883,33.60533]]]}},{"type":"Feature","properties":{"A40_001":"大分県","A40_002":"44","A40_003":"0.3m以上 〜 1m未満"},"geometry":{"type":"Polygon","coordinates":[[[131.20959,33.60542],[131.20948,33.60524],[131.20948,33.60542],[131.20959,33.60542]]]}},{"type":"Feature","properties":{"A40_001":"大分県","A40_002":"44","A40_003":"0.3m以上 〜 1m未満"},"geometry":{"type":"Polygon","coordinates":[[[131.2139,33.60541],[131.21379,33.60532],[131.21379,33.60541],[131.2139,33.60541]]]}},{"type":"Feature","properties":{"A40_001":"大分県","A40_002":"44","A40_003":"0.3m未満"},"geometry":{"type":"Polygon","coordinates":[[[131.21379,33.60541],[131.21368,33.60532],[131.21368,33.60541],[131.21379,33.60541]]]}},{"type":"Feature","properties":{"A40_001":"大分県","A40_002":"44","A40_003":"0.3m未満"},"geometry":{"type":"Polygon","coordinates":[[[131.2097,33.60542],[131.20959,33.60533],[131.20959,33.60542],[131.2097,33.60542]]]}},{"type":"Feature","properties":{"A40_001":"大分県","A40_002":"44","A40_003":"0.3m以上 〜 1m未満"},"geometry":{"type":"Polygon","coordinates":[[[131.20873,33.60533],[131.20851,33.60542],[131.20873,33.60542],[131.20873,33.60533]]]}},{"type":"Feature","properties":{"A40_001":"大分県","A40_002":"44","A40_003":"0.3m未満"},"geometry":{"type":"Polygon","coordinates":[[[131.20894,33.60524],[131.20851,33.60542],[131.2084,33.6056],[131.20873,33.6056],[131.20894,33.60524]]]}},{"type":"Feature","properties":{"A40_001":"大分県","A40_002":"44","A40_003":"0.3m未満"},"geometry":{"type":"Polygon","coordinates":[[[131.20851,33.60533],[131.20797,33.60551],[131.20851,33.60542],[131.20851,33.60533]]]}},{"type":"Feature","properties":{"A40_001":"大分県","A40_002":"44","A40_003":"0.3m以上 〜 1m未満"},"geometry":{"type":"Polygon","coordinates":[[[131.21401,33.6055],[131.2139,33.60541],[131.2139,33.6055],[131.21401,33.6055]]]}},{"type":"Feature","properties":{"A40_001":"大分県","A40_002":"44","A40_003":"0.3m未満"},"geometry":{"type":"Polygon","coordinates":[[[131.2139,33.6055],[131.21379,33.60541],[131.21379,33.6055],[131.2139,33.6055]]]}},{"type":"Feature","properties":{"A40_001":"大分県","A40_002":"44","A40_003":"0.3m以上 〜 1m未満"},"geometry":{"type":"Polygon","coordinates":[[[131.20981,33.60551],[131.2097,33.60542],[131.2097,33.60551],[131.20981,33.60551]]]}},{"type":"Feature","properties":{"A40_001":"大分県","A40_002":"44","A40_003":"0.3m以上 〜 1m未満"},"geometry":{"type":"Polygon","coordinates":[[[131.20894,33.60551],[131.20883,33.60542],[131.20884,33.60551],[131.20894,33.60551]]]}},{"type":"Feature","properties":{"A40_001":"大分県","A40_002":"44","A40_003":"2m以上 〜 3m未満"},"geometry":{"type":"Polygon","coordinates":[[[131.20388,33.60543],[131.20377,33.60534],[131.20377,33.60543],[131.20388,33.60543]]]}},{"type":"Feature","properties":{"A40_001":"大分県","A40_002":"44","A40_003":"0.3m未満"},"geometry":{"type":"Polygon","coordinates":[[[131.20323,33.60543],[131.20312,33.60534],[131.20312,33.60543],[131.20323,33.60543]]]}},{"type":"Feature","properties":{"A40_001":"大分県","A40_002":"44","A40_003":"0.3m未満"},"geometry":{"type":"Polygon","coordinates":[[[131.20506,33.60543],[131.20474,33.60543],[131.20506,33.60561],[131.20506,33.60543]]]}},{"type":"Feature","properties":{"A40_001":"大分県","A40_002":"44","A40_003":"2m以上 〜 3m未満"},"geometry":{"type":"Polygon","coordinates":[[[131.20399,33.60552],[131.20388,33.60543],[131.20388,33.60552],[131.20399,33.60552]]]}},{"type":"Feature","properties":{"A40_001":"大分県","A40_002":"44","A40_003":"0.3m以上 〜 1m未満"},"geometry":{"type":"Polygon","coordinates":[[[131.20323,33.60552],[131.20312,33.60543],[131.20312,33.60552],[131.20323,33.60552]]]}},{"type":"Feature","properties":{"A40_001":"大分県","A40_002":"44","A40_003":"0.3m以上 〜 1m未満"},"geometry":{"type":"Polygon","coordinates":[[[131.20194,33.60552],[131.20183,33.60543],[131.20183,33.60552],[131.20194,33.60552]]]}},{"type":"Feature","properties":{"A40_001":"大分県","A40_002":"44","A40_003":"1m以上 〜 2m未満"},"geometry":{"type":"Polygon","coordinates":[[[131.20388,33.60561],[131.20377,33.60543],[131.20377,33.60561],[131.20388,33.60561]]]}},{"type":"Feature","properties":{"A40_001":"大分県","A40_002":"44","A40_003":"1m以上 〜 2m未満"},"geometry":{"type":"Polygon","coordinates":[[[131.20453,33.60561],[131.20442,33.60552],[131.20442,33.60561],[131.20453,33.60561]]]}},{"type":"Feature","properties":{"A40_001":"大分県","A40_002":"44","A40_003":"0.3m以上 〜 1m未満"},"geometry":{"type":"Polygon","coordinates":[[[131.20442,33.60561],[131.20431,33.60552],[131.20431,33.60561],[131.20442,33.60561]]]}},{"type":"Feature","properties":{"A40_001":"大分県","A40_002":"44","A40_003":"2m以上 〜 3m未満"},"geometry":{"type":"Polygon","coordinates":[[[131.20409,33.60561],[131.20399,33.60552],[131.20399,33.60561],[131.20409,33.60561]]]}},{"type":"Feature","properties":{"A40_001":"大分県","A40_002":"44","A40_003":"0.3m未満"},"geometry":{"type":"Polygon","coordinates":[[[131.23922,33.60473],[131.23933,33.60482],[131.23933,33.60473],[131.23922,33.60473]]]}},{"type":"Feature","properties":{"A40_001":"大分県","A40_002":"44","A40_003":"1m以上 〜 2m未満"},"geometry":{"type":"Polygon","coordinates":[[[131.23911,33.60519],[131.23901,33.60474],[131.23901,33.60519],[131.23911,33.60519]]]}},{"type":"Feature","properties":{"A40_001":"大分県","A40_002":"44","A40_003":"0.3m以上 〜 1m未満"},"geometry":{"type":"Polygon","coordinates":[[[131.23901,33.60519],[131.23911,33.60528],[131.23911,33.60519],[131.23901,33.60519]]]}},{"type":"Feature","properties":{"A40_001":"大分県","A40_002":"44","A40_003":"0.3m未満"},"geometry":{"type":"Polygon","coordinates":[[[131.23901,33.60528],[131.23911,33.60537],[131.23911,33.60528],[131.23901,33.60528]]]}},{"type":"Feature","properties":{"A40_001":"大分県","A40_002":"44","A40_003":"0.3m未満"},"geometry":{"type":"Polygon","coordinates":[[[131.2584,33.60533],[131.25851,33.60542],[131.25851,33.60533],[131.2584,33.60533]]]}},{"type":"Feature","properties":{"A40_001":"大分県","A40_002":"44","A40_003":"0.3m以上 〜 1m未満"},"geometry":{"type":"Polygon","coordinates":[[[131.25851,33.60542],[131.2584,33.60569],[131.25851,33.60569],[131.25851,33.60542]]]}},{"type":"Feature","properties":{"A40_001":"大分県","A40_002":"44","A40_003":"0.3m以上 〜 1m未満"},"geometry":{"type":"Polygon","coordinates":[[[131.23901,33.60582],[131.23912,33.60591],[131.23912,33.60582],[131.23901,33.60582]]]}},{"type":"Feature","properties":{"A40_001":"大分県","A40_002":"44","A40_003":"0.3m未満"},"geometry":{"type":"Polygon","coordinates":[[[131.23933,33.60618],[131.23955,33.60609],[131.23933,33.60609],[131.23933,33.60618]]]}},{"type":"Feature","properties":{"A40_001":"大分県","A40_002":"44","A40_003":"0.3m以上 〜 1m未満"},"geometry":{"type":"Polygon","coordinates":[[[131.23966,33.60618],[131.23976,33.60627],[131.23976,33.60618],[131.23966,33.60618]]]}},{"type":"Feature","properties":{"A40_001":"大分県","A40_002":"44","A40_003":"1m以上 〜 2m未満"},"geometry":{"type":"Polygon","coordinates":[[[131.23944,33.60618],[131.23966,33.60627],[131.23966,33.60618],[131.23944,33.60618]]]}},{"type":"Feature","properties":{"A40_001":"大分県","A40_002":"44","A40_003":"0.3m未満"},"geometry":{"type":"Polygon","coordinates":[[[131.20991,33.6056],[131.20981,33.60551],[131.20981,33.6056],[131.20991,33.6056]]]}},{"type":"Feature","properties":{"A40_001":"大分県","A40_002":"44","A40_003":"0.3m以上 〜 1m未満"},"geometry":{"type":"Polygon","coordinates":[[[131.20884,33.6056],[131.20873,33.60551],[131.20873,33.6056],[131.20884,33.6056]]]}},{"type":"Feature","properties":{"A40_001":"大分県","A40_002":"44","A40_003":"0.3m未満"},"geometry":{"type":"Polygon","coordinates":[[[131.21412,33.6055],[131.2139,33.60568],[131.21412,33.60559],[131.21412,33.6055]]]}},{"type":"Feature","properties":{"A40_001":"大分県","A40_002":"44","A40_003":"0.3m以上 〜 1m未満"},"geometry":{"type":"Polygon","coordinates":[[[131.2139,33.60568],[131.21379,33.6055],[131.21379,33.60568],[131.2139,33.60568]]]}},{"type":"Feature","properties":{"A40_001":"大分県","A40_002":"44","A40_003":"2m以上 〜 3m未満"},"geometry":{"type":"Polygon","coordinates":[[[131.21325,33.60568],[131.21315,33.60559],[131.21315,33.60568],[131.21325,33.60568]]]}},{"type":"Feature","properties":{"A40_001":"大分県","A40_002":"44","A40_003":"0.3m以上 〜 1m未満"},"geometry":{"type":"Polygon","coordinates":[[[131.21024,33.60569],[131.21013,33.6056],[131.21013,33.60569],[131.21024,33.60569]]]}},{"type":"Feature","properties":{"A40_001":"大分県","A40_002":"44","A40_003":"0.3m未満"},"geometry":{"type":"Polygon","coordinates":[[[131.20797,33.60551],[131.20743,33.60578],[131.20808,33.60587],[131.20797,33.60551]]]}},{"type":"Feature","properties":{"A40_001":"大分県","A40_002":"44","A40_003":"0.3m以上 〜 1m未満"},"geometry":{"type":"Polygon","coordinates":[[[131.21412,33.60568],[131.21401,33.60577],[131.21422,33.60577],[131.21412,33.60568]]]}},{"type":"Feature","properties":{"A40_001":"大分県","A40_002":"44","A40_003":"0.3m以上 〜 1m未満"},"geometry":{"type":"Polygon","coordinates":[[[131.21013,33.60578],[131.21002,33.60569],[131.21002,33.60578],[131.21013,33.60578]]]}},{"type":"Feature","properties":{"A40_001":"大分県","A40_002":"44","A40_003":"0.3m未満"},"geometry":{"type":"Polygon","coordinates":[[[131.21002,33.60578],[131.20991,33.60569],[131.20991,33.60578],[131.21002,33.60578]]]}},{"type":"Feature","properties":{"A40_001":"大分県","A40_002":"44","A40_003":"0.3m以上 〜 1m未満"},"geometry":{"type":"Polygon","coordinates":[[[131.20991,33.60578],[131.20981,33.60569],[131.20981,33.60578],[131.20991,33.60578]]]}},{"type":"Feature","properties":{"A40_001":"大分県","A40_002":"44","A40_003":"0.3m以上 〜 1m未満"},"geometry":{"type":"Polygon","coordinates":[[[131.20884,33.60578],[131.20873,33.60569],[131.20873,33.60578],[131.20884,33.60578]]]}},{"type":"Feature","properties":{"A40_001":"大分県","A40_002":"44","A40_003":"1m以上 〜 2m未満"},"geometry":{"type":"Polygon","coordinates":[[[131.20873,33.60578],[131.20862,33.60569],[131.20862,33.60578],[131.20873,33.60578]]]}},{"type":"Feature","properties":{"A40_001":"大分県","A40_002":"44","A40_003":"0.3m以上 〜 1m未満"},"geometry":{"type":"Polygon","coordinates":[[[131.21379,33.60586],[131.21358,33.60577],[131.21358,33.60586],[131.21379,33.60586]]]}},{"type":"Feature","properties":{"A40_001":"大分県","A40_002":"44","A40_003":"2m以上 〜 3m未満"},"geometry":{"type":"Polygon","coordinates":[[[131.21067,33.60587],[131.21056,33.60578],[131.21056,33.60587],[131.21067,33.60587]]]}},{"type":"Feature","properties":{"A40_001":"大分県","A40_002":"44","A40_003":"0.3m以上 〜 1m未満"},"geometry":{"type":"Polygon","coordinates":[[[131.20894,33.60587],[131.20884,33.60578],[131.20884,33.60587],[131.20894,33.60587]]]}},{"type":"Feature","properties":{"A40_001":"大分県","A40_002":"44","A40_003":"0.3m未満"},"geometry":{"type":"Polygon","coordinates":[[[131.20884,33.60587],[131.20873,33.60578],[131.20873,33.60587],[131.20884,33.60587]]]}},{"type":"Feature","properties":{"A40_001":"大分県","A40_002":"44","A40_003":"0.3m以上 〜 1m未満"},"geometry":{"type":"Polygon","coordinates":[[[131.20873,33.6056],[131.20787,33.60569],[131.20851,33.60623],[131.20873,33.6056]],[[131.20841,33.60596],[131.2083,33.60587],[131.20841,33.60587],[131.20841,33.60596]]]}},{"type":"Feature","properties":{"A40_001":"大分県","A40_002":"44","A40_003":"0.3m以上 〜 1m未満"},"geometry":{"type":"Polygon","coordinates":[[[131.21433,33.60595],[131.21412,33.60586],[131.21412,33.60595],[131.21433,33.60595]]]}},{"type":"Feature","properties":{"A40_001":"大分県","A40_002":"44","A40_003":"2m以上 〜 3m未満"},"geometry":{"type":"Polygon","coordinates":[[[131.21412,33.60595],[131.21401,33.60586],[131.21401,33.60595],[131.21412,33.60595]]]}},{"type":"Feature","properties":{"A40_001":"大分県","A40_002":"44","A40_003":"0.3m以上 〜 1m未満"},"geometry":{"type":"Polygon","coordinates":[[[131.20399,33.60561],[131.20388,33.60552],[131.20388,33.60561],[131.20399,33.60561]]]}},{"type":"Feature","properties":{"A40_001":"大分県","A40_002":"44","A40_003":"0.3m未満"},"geometry":{"type":"Polygon","coordinates":[[[131.20517,33.6057],[131.20506,33.60561],[131.20506,33.6057],[131.20517,33.6057]]]}},{"type":"Feature","properties":{"A40_001":"大分県","A40_002":"44","A40_003":"0.3m以上 〜 1m未満"},"geometry":{"type":"Polygon","coordinates":[[[131.20409,33.6057],[131.20399,33.60561],[131.20399,33.6057],[131.20409,33.6057]]]}},{"type":"Feature","properties":{"A40_001":"大分県","A40_002":"44","A40_003":"2m以上 〜 3m未満"},"geometry":{"type":"Polygon","coordinates":[[[131.2042,33.60579],[131.20409,33.6057],[131.20409,33.60579],[131.2042,33.60579]]]}},{"type":"Feature","properties":{"A40_001":"大分県","A40_002":"44","A40_003":"0.3m以上 〜 1m未満"},"geometry":{"type":"Polygon","coordinates":[[[131.20302,33.60579],[131.20291,33.6057],[131.20291,33.60579],[131.20302,33.60579]]]}},{"type":"Feature","properties":{"A40_001":"大分県","A40_002":"44","A40_003":"0.3m未満"},"geometry":{"type":"Polygon","coordinates":[[[131.2055,33.60588],[131.20539,33.60579],[131.20539,33.60588],[131.2055,33.60588]]]}},{"type":"Feature","properties":{"A40_001":"大分県","A40_002":"44","A40_003":"0.3m以上 〜 1m未満"},"geometry":{"type":"Polygon","coordinates":[[[131.20474,33.60534],[131.20453,33.60588],[131.20528,33.60624],[131.2055,33.60588],[131.20474,33.60534]]]}},{"type":"Feature","properties":{"A40_001":"大分県","A40_002":"44","A40_003":"2m以上 〜 3m未満"},"geometry":{"type":"Polygon","coordinates":[[[131.20431,33.60588],[131.2042,33.60579],[131.2042,33.60588],[131.20431,33.60588]]]}},{"type":"Feature","properties":{"A40_001":"大分県","A40_002":"44","A40_003":"0.3m以上 〜 1m未満"},"geometry":{"type":"Polygon","coordinates":[[[131.2042,33.60588],[131.20409,33.60579],[131.20409,33.60588],[131.2042,33.60588]]]}},{"type":"Feature","properties":{"A40_001":"大分県","A40_002":"44","A40_003":"2m以上 〜 3m未満"},"geometry":{"type":"Polygon","coordinates":[[[131.20442,33.60597],[131.20431,33.60588],[131.20431,33.60597],[131.20442,33.60597]]]}},{"type":"Feature","properties":{"A40_001":"大分県","A40_002":"44","A40_003":"2m以上 〜 3m未満"},"geometry":{"type":"Polygon","coordinates":[[[131.21325,33.60595],[131.21315,33.60586],[131.21315,33.60595],[131.21325,33.60595]]]}},{"type":"Feature","properties":{"A40_001":"大分県","A40_002":"44","A40_003":"0.3m以上 〜 1m未満"},"geometry":{"type":"Polygon","coordinates":[[[131.20905,33.60596],[131.20894,33.60587],[131.20894,33.60596],[131.20905,33.60596]]]}},{"type":"Feature","properties":{"A40_001":"大分県","A40_002":"44","A40_003":"0.3m以上 〜 1m未満"},"geometry":{"type":"Polygon","coordinates":[[[131.20884,33.60596],[131.20873,33.60587],[131.20873,33.60596],[131.20884,33.60596]]]}},{"type":"Feature","properties":{"A40_001":"大分県","A40_002":"44","A40_003":"0.3m未満"},"geometry":{"type":"Polygon","coordinates":[[[131.20841,33.60596],[131.2083,33.60587],[131.2083,33.60596],[131.20841,33.60596]]]}},{"type":"Feature","properties":{"A40_001":"大分県","A40_002":"44","A40_003":"0.3m未満"},"geometry":{"type":"Polygon","coordinates":[[[131.20819,33.60605],[131.20797,33.60596],[131.20797,33.60605],[131.20819,33.60605]]]}},{"type":"Feature","properties":{"A40_001":"大分県","A40_002":"44","A40_003":"2m以上 〜 3m未満"},"geometry":{"type":"Polygon","coordinates":[[[131.21444,33.60604],[131.21433,33.60595],[131.21433,33.60604],[131.21444,33.60604]]]}},{"type":"Feature","properties":{"A40_001":"大分県","A40_002":"44","A40_003":"1m以上 〜 2m未満"},"geometry":{"type":"Polygon","coordinates":[[[131.21433,33.60604],[131.21412,33.60595],[131.21412,33.60604],[131.21433,33.60604]]]}},{"type":"Feature","properties":{"A40_001":"大分県","A40_002":"44","A40_003":"2m以上 〜 3m未満"},"geometry":{"type":"Polygon","coordinates":[[[131.21315,33.60604],[131.21304,33.60595],[131.21304,33.60605],[131.21315,33.60604]]]}},{"type":"Feature","properties":{"A40_001":"大分県","A40_002":"44","A40_003":"0.3m以上 〜 1m未満"},"geometry":{"type":"Polygon","coordinates":[[[131.20916,33.60605],[131.20905,33.60596],[131.20905,33.60605],[131.20916,33.60605]]]}},{"type":"Feature","properties":{"A40_001":"大分県","A40_002":"44","A40_003":"0.3m以上 〜 1m未満"},"geometry":{"type":"Polygon","coordinates":[[[131.20862,33.60605],[131.20851,33.60596],[131.20851,33.60605],[131.20862,33.60605]]]}},{"type":"Feature","properties":{"A40_001":"大分県","A40_002":"44","A40_003":"0.3m未満"},"geometry":{"type":"Polygon","coordinates":[[[131.20851,33.60605],[131.20841,33.60596],[131.20841,33.60605],[131.20851,33.60605]]]}},{"type":"Feature","properties":{"A40_001":"大分県","A40_002":"44","A40_003":"0.3m以上 〜 1m未満"},"geometry":{"type":"Polygon","coordinates":[[[131.20722,33.60605],[131.207,33.60597],[131.207,33.60606],[131.20722,33.60605]]]}},{"type":"Feature","properties":{"A40_001":"大分県","A40_002":"44","A40_003":"0.3m未満"},"geometry":{"type":"Polygon","coordinates":[[[131.207,33.60606],[131.2069,33.60597],[131.2069,33.60606],[131.207,33.60606]]]}},{"type":"Feature","properties":{"A40_001":"大分県","A40_002":"44","A40_003":"0.3m以上 〜 1m未満"},"geometry":{"type":"Polygon","coordinates":[[[131.21444,33.60604],[131.21422,33.60613],[131.21444,33.60613],[131.21444,33.60604]]]}},{"type":"Feature","properties":{"A40_001":"大分県","A40_002":"44","A40_003":"2m以上 〜 3m未満"},"geometry":{"type":"Polygon","coordinates":[[[131.21422,33.60613],[131.21412,33.60604],[131.21412,33.60613],[131.21422,33.60613]]]}},{"type":"Feature","properties":{"A40_001":"大分県","A40_002":"44","A40_003":"0.3m以上 〜 1m未満"},"geometry":{"type":"Polygon","coordinates":[[[131.21401,33.60631],[131.21379,33.60604],[131.21379,33.60631],[131.21401,33.60631]]]}},{"type":"Feature","properties":{"A40_001":"大分県","A40_002":"44","A40_003":"0.3m以上 〜 1m未満"},"geometry":{"type":"Polygon","coordinates":[[[131.20927,33.60614],[131.20916,33.60605],[131.20916,33.60614],[131.20927,33.60614]]]}},{"type":"Feature","properties":{"A40_001":"大分県","A40_002":"44","A40_003":"0.3m以上 〜 1m未満"},"geometry":{"type":"Polygon","coordinates":[[[131.20894,33.60614],[131.20884,33.60605],[131.20884,33.60614],[131.20894,33.60614]]]}},{"type":"Feature","properties":{"A40_001":"大分県","A40_002":"44","A40_003":"0.3m未満"},"geometry":{"type":"Polygon","coordinates":[[[131.2083,33.60614],[131.20819,33.60605],[131.20819,33.60614],[131.2083,33.60614]]]}},{"type":"Feature","properties":{"A40_001":"大分県","A40_002":"44","A40_003":"0.3m以上 〜 1m未満"},"geometry":{"type":"Polygon","coordinates":[[[131.20733,33.60578],[131.20765,33.60605],[131.2069,33.60633],[131.2083,33.60623],[131.20733,33.60578]]]}},{"type":"Feature","properties":{"A40_001":"大分県","A40_002":"44","A40_003":"0.3m以上 〜 1m未満"},"geometry":{"type":"Polygon","coordinates":[[[131.2069,33.60615],[131.20668,33.60606],[131.20668,33.60615],[131.2069,33.60615]]]}},{"type":"Feature","properties":{"A40_001":"大分県","A40_002":"44","A40_003":"0.3m未満"},"geometry":{"type":"Polygon","coordinates":[[[131.21379,33.60595],[131.21325,33.60604],[131.21326,33.60641],[131.21379,33.60595]]]}},{"type":"Feature","properties":{"A40_001":"大分県","A40_002":"44","A40_003":"0.3m未満"},"geometry":{"type":"Polygon","coordinates":[[[131.20862,33.60623],[131.20851,33.60605],[131.20851,33.60623],[131.20862,33.60623]]]}},{"type":"Feature","properties":{"A40_001":"大分県","A40_002":"44","A40_003":"1m以上 〜 2m未満"},"geometry":{"type":"Polygon","coordinates":[[[131.20744,33.60587],[131.20657,33.60633],[131.20765,33.60596],[131.20744,33.60587]]]}},{"type":"Feature","properties":{"A40_001":"大分県","A40_002":"44","A40_003":"0.3m未満"},"geometry":{"type":"Polygon","coordinates":[[[131.21433,33.60613],[131.21455,33.60622],[131.21455,33.60613],[131.21433,33.60613]]]}},{"type":"Feature","properties":{"A40_001":"大分県","A40_002":"44","A40_003":"0.3m未満"},"geometry":{"type":"Polygon","coordinates":[[[131.21412,33.60622],[131.21401,33.60631],[131.21423,33.60631],[131.21412,33.60622]]]}},{"type":"Feature","properties":{"A40_001":"大分県","A40_002":"44","A40_003":"2m以上 〜 3m未満"},"geometry":{"type":"Polygon","coordinates":[[[131.21282,33.60614],[131.21293,33.60623],[131.21293,33.60614],[131.21282,33.60614]]]}},{"type":"Feature","properties":{"A40_001":"大分県","A40_002":"44","A40_003":"0.3m以上 〜 1m未満"},"geometry":{"type":"Polygon","coordinates":[[[131.20938,33.60623],[131.20927,33.60614],[131.20927,33.60623],[131.20938,33.60623]]]}},{"type":"Feature","properties":{"A40_001":"大分県","A40_002":"44","A40_003":"0.3m未満"},"geometry":{"type":"Polygon","coordinates":[[[131.20841,33.60623],[131.2083,33.60614],[131.2083,33.60623],[131.20841,33.60623]]]}},{"type":"Feature","properties":{"A40_001":"大分県","A40_002":"44","A40_003":"0.3m未満"},"geometry":{"type":"Polygon","coordinates":[[[131.20797,33.60623],[131.20787,33.60614],[131.20787,33.60623],[131.20797,33.60623]]]}},{"type":"Feature","properties":{"A40_001":"大分県","A40_002":"44","A40_003":"0.3m以上 〜 1m未満"},"geometry":{"type":"Polygon","coordinates":[[[131.20431,33.60597],[131.2042,33.60588],[131.2042,33.60597],[131.20431,33.60597]]]}},{"type":"Feature","properties":{"A40_001":"大分県","A40_002":"44","A40_003":"0.3m未満"},"geometry":{"type":"Polygon","coordinates":[[[131.20431,33.60606],[131.2042,33.60597],[131.2042,33.60606],[131.20431,33.60606]]]}},{"type":"Feature","properties":{"A40_001":"大分県","A40_002":"44","A40_003":"0.3m以上 〜 1m未満"},"geometry":{"type":"Polygon","coordinates":[[[131.20442,33.60615],[131.20431,33.60597],[131.20431,33.60615],[131.20442,33.60615]]]}},{"type":"Feature","properties":{"A40_001":"大分県","A40_002":"44","A40_003":"0.3m未満"},"geometry":{"type":"Polygon","coordinates":[[[131.20582,33.60615],[131.20571,33.60606],[131.20571,33.60615],[131.20582,33.60615]]]}},{"type":"Feature","properties":{"A40_001":"大分県","A40_002":"44","A40_003":"0.3m以上 〜 1m未満"},"geometry":{"type":"Polygon","coordinates":[[[131.20571,33.60615],[131.2056,33.60606],[131.2056,33.60615],[131.20571,33.60615]]]}},{"type":"Feature","properties":{"A40_001":"大分県","A40_002":"44","A40_003":"0.3m未満"},"geometry":{"type":"Polygon","coordinates":[[[131.2056,33.60615],[131.2055,33.60606],[131.2055,33.60615],[131.2056,33.60615]]]}},{"type":"Feature","properties":{"A40_001":"大分県","A40_002":"44","A40_003":"2m以上 〜 3m未満"},"geometry":{"type":"Polygon","coordinates":[[[131.20463,33.60606],[131.20442,33.60615],[131.20463,33.60624],[131.20463,33.60606]]]}},{"type":"Feature","properties":{"A40_001":"大分県","A40_002":"44","A40_003":"0.3m未満"},"geometry":{"type":"Polygon","coordinates":[[[131.20517,33.60624],[131.20507,33.60615],[131.20507,33.60624],[131.20517,33.60624]]]}},{"type":"Feature","properties":{"A40_001":"大分県","A40_002":"44","A40_003":"1m以上 〜 2m未満"},"geometry":{"type":"Polygon","coordinates":[[[131.20453,33.60624],[131.20442,33.60615],[131.20442,33.60624],[131.20453,33.60624]]]}},{"type":"Feature","properties":{"A40_001":"大分県","A40_002":"44","A40_003":"0.3m未満"},"geometry":{"type":"Polygon","coordinates":[[[131.20237,33.60435],[131.2,33.60471],[131.20054,33.6058],[131.20119,33.60606],[131.2013,33.60679],[131.20173,33.60661],[131.20216,33.60796],[131.20313,33.60777],[131.20334,33.60723],[131.20291,33.60741],[131.20291,33.60687],[131.2041,33.60624],[131.2028,33.60642],[131.20259,33.60687],[131.20226,33.60651],[131.20237,33.60615],[131.20345,33.60615],[131.20377,33.60534],[131.20291,33.60552],[131.20312,33.60507],[131.20237,33.60489],[131.20269,33.60552],[131.20237,33.60552],[131.20172,33.60489],[131.20108,33.60552],[131.20129,33.60462],[131.20226,33.60471],[131.20237,33.60435]],[[131.20259,33.60778],[131.20248,33.60769],[131.20259,33.60769],[131.20259,33.60778]],[[131.2028,33.60732],[131.20216,33.60769],[131.20205,33.60724],[131.2028,33.60732]],[[131.20323,33.60552],[131.20334,33.60561],[131.20323,33.60561],[131.20323,33.60552]],[[131.20248,33.60597],[131.2028,33.6057],[131.20291,33.60588],[131.20248,33.60597]],[[131.20291,33.60579],[131.20302,33.6057],[131.20302,33.60579],[131.20291,33.60579]],[[131.20183,33.60552],[131.20194,33.60543],[131.20194,33.60552],[131.20183,33.60552]],[[131.2027,33.60769],[131.20281,33.6076],[131.20281,33.60769],[131.2027,33.60769]],[[131.20162,33.60624],[131.20183,33.60615],[131.20183,33.60624],[131.20162,33.60624]],[[131.20183,33.60642],[131.20173,33.60651],[131.20173,33.60642],[131.20183,33.60642]]]}},{"type":"Feature","properties":{"A40_001":"大分県","A40_002":"44","A40_003":"1m以上 〜 2m未満"},"geometry":{"type":"Polygon","coordinates":[[[131.21433,33.60631],[131.21412,33.60613],[131.21412,33.60622],[131.21433,33.60631]]]}},{"type":"Feature","properties":{"A40_001":"大分県","A40_002":"44","A40_003":"0.3m以上 〜 1m未満"},"geometry":{"type":"Polygon","coordinates":[[[131.21325,33.60613],[131.21315,33.60632],[131.21326,33.60632],[131.21325,33.60613]]]}},{"type":"Feature","properties":{"A40_001":"大分県","A40_002":"44","A40_003":"2m以上 〜 3m未満"},"geometry":{"type":"Polygon","coordinates":[[[131.21455,33.60622],[131.21466,33.60631],[131.21466,33.60622],[131.21455,33.60622]]]}},{"type":"Feature","properties":{"A40_001":"大分県","A40_002":"44","A40_003":"0.3m以上 〜 1m未満"},"geometry":{"type":"Polygon","coordinates":[[[131.21433,33.60622],[131.21455,33.60631],[131.21455,33.60622],[131.21433,33.60622]]]}},{"type":"Feature","properties":{"A40_001":"大分県","A40_002":"44","A40_003":"0.3m以上 〜 1m未満"},"geometry":{"type":"Polygon","coordinates":[[[131.20916,33.60632],[131.20905,33.60623],[131.20905,33.60632],[131.20916,33.60632]]]}},{"type":"Feature","properties":{"A40_001":"大分県","A40_002":"44","A40_003":"0.3m未満"},"geometry":{"type":"Polygon","coordinates":[[[131.20873,33.60632],[131.20862,33.60623],[131.20862,33.60632],[131.20873,33.60632]]]}},{"type":"Feature","properties":{"A40_001":"大分県","A40_002":"44","A40_003":"0.3m以上 〜 1m未満"},"geometry":{"type":"Polygon","coordinates":[[[131.20862,33.60632],[131.20851,33.60623],[131.20851,33.60632],[131.20862,33.60632]]]}},{"type":"Feature","properties":{"A40_001":"大分県","A40_002":"44","A40_003":"0.3m以上 〜 1m未満"},"geometry":{"type":"Polygon","coordinates":[[[131.20841,33.60632],[131.2083,33.60623],[131.2083,33.60632],[131.20841,33.60632]]]}},{"type":"Feature","properties":{"A40_001":"大分県","A40_002":"44","A40_003":"0.3m以上 〜 1m未満"},"geometry":{"type":"Polygon","coordinates":[[[131.20798,33.60632],[131.20787,33.60623],[131.20787,33.60632],[131.20798,33.60632]]]}},{"type":"Feature","properties":{"A40_001":"大分県","A40_002":"44","A40_003":"0.3m以上 〜 1m未満"},"geometry":{"type":"Polygon","coordinates":[[[131.20657,33.60633],[131.20647,33.60624],[131.20647,33.60633],[131.20657,33.60633]]]}},{"type":"Feature","properties":{"A40_001":"大分県","A40_002":"44","A40_003":"0.3m未満"},"geometry":{"type":"Polygon","coordinates":[[[131.1833,33.60618],[131.18341,33.60627],[131.18341,33.60618],[131.1833,33.60618]]]}},{"type":"Feature","properties":{"A40_001":"大分県","A40_002":"44","A40_003":"0.3m以上 〜 1m未満"},"geometry":{"type":"Polygon","coordinates":[[[131.2056,33.60615],[131.2055,33.60633],[131.2056,33.60633],[131.2056,33.60615]]]}},{"type":"Feature","properties":{"A40_001":"大分県","A40_002":"44","A40_003":"1m以上 〜 2m未満"},"geometry":{"type":"Polygon","coordinates":[[[131.20539,33.60642],[131.20528,33.60624],[131.20507,33.60642],[131.20539,33.60642]]]}},{"type":"Feature","properties":{"A40_001":"大分県","A40_002":"44","A40_003":"0.3m未満"},"geometry":{"type":"Polygon","coordinates":[[[131.20647,33.60633],[131.20625,33.60624],[131.20625,33.60633],[131.20647,33.60633]]]}},{"type":"Feature","properties":{"A40_001":"大分県","A40_002":"44","A40_003":"2m以上 〜 3m未満"},"geometry":{"type":"Polygon","coordinates":[[[131.20474,33.60633],[131.20463,33.60624],[131.20463,33.60633],[131.20474,33.60633]]]}},{"type":"Feature","properties":{"A40_001":"大分県","A40_002":"44","A40_003":"0.3m以上 〜 1m未満"},"geometry":{"type":"Polygon","coordinates":[[[131.20463,33.60633],[131.20453,33.60624],[131.20453,33.60633],[131.20463,33.60633]]]}},{"type":"Feature","properties":{"A40_001":"大分県","A40_002":"44","A40_003":"0.3m未満"},"geometry":{"type":"Polygon","coordinates":[[[131.20614,33.60642],[131.20604,33.60633],[131.20604,33.60642],[131.20614,33.60642]]]}},{"type":"Feature","properties":{"A40_001":"大分県","A40_002":"44","A40_003":"2m以上 〜 3m未満"},"geometry":{"type":"Polygon","coordinates":[[[131.20485,33.60642],[131.20474,33.60633],[131.20474,33.60642],[131.20485,33.60642]]]}},{"type":"Feature","properties":{"A40_001":"大分県","A40_002":"44","A40_003":"0.3m未満"},"geometry":{"type":"Polygon","coordinates":[[[131.20474,33.60642],[131.20463,33.60633],[131.20463,33.60642],[131.20474,33.60642]]]}},{"type":"Feature","properties":{"A40_001":"大分県","A40_002":"44","A40_003":"0.3m以上 〜 1m未満"},"geometry":{"type":"Polygon","coordinates":[[[131.20647,33.6066],[131.20636,33.60633],[131.20636,33.6066],[131.20647,33.6066]]]}},{"type":"Feature","properties":{"A40_001":"大分県","A40_002":"44","A40_003":"0.3m未満"},"geometry":{"type":"Polygon","coordinates":[[[131.20819,33.60623],[131.20798,33.60641],[131.20819,33.60632],[131.20819,33.60623]]]}},{"type":"Feature","properties":{"A40_001":"大分県","A40_002":"44","A40_003":"0.3m以上 〜 1m未満"},"geometry":{"type":"Polygon","coordinates":[[[131.21455,33.60631],[131.21466,33.6064],[131.21466,33.60631],[131.21455,33.60631]]]}},{"type":"Feature","properties":{"A40_001":"大分県","A40_002":"44","A40_003":"0.3m未満"},"geometry":{"type":"Polygon","coordinates":[[[131.21444,33.60631],[131.21455,33.6064],[131.21455,33.60631],[131.21444,33.60631]]]}},{"type":"Feature","properties":{"A40_001":"大分県","A40_002":"44","A40_003":"0.3m未満"},"geometry":{"type":"Polygon","coordinates":[[[131.21379,33.60631],[131.2139,33.6064],[131.2139,33.60631],[131.21379,33.60631]]]}},{"type":"Feature","properties":{"A40_001":"大分県","A40_002":"44","A40_003":"2m以上 〜 3m未満"},"geometry":{"type":"Polygon","coordinates":[[[131.21207,33.60632],[131.21218,33.60641],[131.21218,33.60632],[131.21207,33.60632]]]}},{"type":"Feature","properties":{"A40_001":"大分県","A40_002":"44","A40_003":"0.3m以上 〜 1m未満"},"geometry":{"type":"Polygon","coordinates":[[[131.20927,33.60641],[131.20916,33.60632],[131.20916,33.60641],[131.20927,33.60641]]]}},{"type":"Feature","properties":{"A40_001":"大分県","A40_002":"44","A40_003":"0.3m未満"},"geometry":{"type":"Polygon","coordinates":[[[131.20851,33.60587],[131.20873,33.60641],[131.20916,33.6065],[131.20884,33.60677],[131.20948,33.60668],[131.20948,33.60632],[131.20894,33.60587],[131.20851,33.60587]],[[131.20916,33.60659],[131.20927,33.60668],[131.20916,33.60668],[131.20916,33.60659]],[[131.20927,33.60641],[131.20916,33.60632],[131.20927,33.60632],[131.20927,33.60641]],[[131.20916,33.60632],[131.20905,33.60623],[131.20916,33.60623],[131.20916,33.60632]],[[131.20905,33.60632],[131.20895,33.60641],[131.20894,33.60632],[131.20905,33.60632]],[[131.20884,33.60605],[131.20894,33.60614],[131.20884,33.60614],[131.20884,33.60605]]]}},{"type":"Feature","properties":{"A40_001":"大分県","A40_002":"44","A40_003":"0.3m以上 〜 1m未満"},"geometry":{"type":"Polygon","coordinates":[[[131.20905,33.60641],[131.20894,33.60632],[131.20895,33.60641],[131.20905,33.60641]]]}},{"type":"Feature","properties":{"A40_001":"大分県","A40_002":"44","A40_003":"0.3m以上 〜 1m未満"},"geometry":{"type":"Polygon","coordinates":[[[131.20873,33.60641],[131.20862,33.60632],[131.20862,33.60641],[131.20873,33.60641]]]}},{"type":"Feature","properties":{"A40_001":"大分県","A40_002":"44","A40_003":"0.3m未満"},"geometry":{"type":"Polygon","coordinates":[[[131.20851,33.60632],[131.20841,33.60641],[131.20873,33.6065],[131.20851,33.60632]]]}},{"type":"Feature","properties":{"A40_001":"大分県","A40_002":"44","A40_003":"0.3m以上 〜 1m未満"},"geometry":{"type":"Polygon","coordinates":[[[131.20819,33.60641],[131.20808,33.60632],[131.20808,33.60641],[131.20819,33.60641]]]}},{"type":"Feature","properties":{"A40_001":"大分県","A40_002":"44","A40_003":"1m以上 〜 2m未満"},"geometry":{"type":"Polygon","coordinates":[[[131.21444,33.60631],[131.21433,33.60649],[131.21444,33.60649],[131.21444,33.60631]]]}},{"type":"Feature","properties":{"A40_001":"大分県","A40_002":"44","A40_003":"0.3m未満"},"geometry":{"type":"Polygon","coordinates":[[[131.20722,33.60651],[131.2069,33.60633],[131.2069,33.60651],[131.20722,33.60651]]]}},{"type":"Feature","properties":{"A40_001":"大分県","A40_002":"44","A40_003":"0.3m以上 〜 1m未満"},"geometry":{"type":"Polygon","coordinates":[[[131.2069,33.60651],[131.20657,33.60633],[131.20657,33.60651],[131.2069,33.60651]]]}},{"type":"Feature","properties":{"A40_001":"大分県","A40_002":"44","A40_003":"2m以上 〜 3m未満"},"geometry":{"type":"Polygon","coordinates":[[[131.21466,33.6064],[131.21476,33.60649],[131.21476,33.6064],[131.21466,33.6064]]]}},{"type":"Feature","properties":{"A40_001":"大分県","A40_002":"44","A40_003":"1m以上 〜 2m未満"},"geometry":{"type":"Polygon","coordinates":[[[131.21455,33.6064],[131.21466,33.60649],[131.21466,33.6064],[131.21455,33.6064]]]}},{"type":"Feature","properties":{"A40_001":"大分県","A40_002":"44","A40_003":"0.3m以上 〜 1m未満"},"geometry":{"type":"Polygon","coordinates":[[[131.21444,33.6064],[131.21455,33.60649],[131.21455,33.6064],[131.21444,33.6064]]]}},{"type":"Feature","properties":{"A40_001":"大分県","A40_002":"44","A40_003":"2m以上 〜 3m未満"},"geometry":{"type":"Polygon","coordinates":[[[131.2125,33.60641],[131.21261,33.6065],[131.21261,33.60641],[131.2125,33.60641]]]}},{"type":"Feature","properties":{"A40_001":"大分県","A40_002":"44","A40_003":"0.3m以上 〜 1m未満"},"geometry":{"type":"Polygon","coordinates":[[[131.20938,33.6065],[131.20927,33.60641],[131.20927,33.6065],[131.20938,33.6065]]]}},{"type":"Feature","properties":{"A40_001":"大分県","A40_002":"44","A40_003":"0.3m以上 〜 1m未満"},"geometry":{"type":"Polygon","coordinates":[[[131.20884,33.6065],[131.20873,33.60641],[131.20873,33.6065],[131.20884,33.6065]]]}},{"type":"Feature","properties":{"A40_001":"大分県","A40_002":"44","A40_003":"0.3m以上 〜 1m未満"},"geometry":{"type":"Polygon","coordinates":[[[131.23933,33.60618],[131.23944,33.60627],[131.23944,33.60618],[131.23933,33.60618]]]}},{"type":"Feature","properties":{"A40_001":"大分県","A40_002":"44","A40_003":"0.3m以上 〜 1m未満"},"geometry":{"type":"Polygon","coordinates":[[[131.23976,33.60636],[131.23966,33.60654],[131.2402,33.60654],[131.23976,33.60636]]]}},{"type":"Feature","properties":{"A40_001":"大分県","A40_002":"44","A40_003":"0.3m未満"},"geometry":{"type":"Polygon","coordinates":[[[131.24063,33.60654],[131.24095,33.60644],[131.24063,33.60645],[131.24063,33.60654]]]}},{"type":"Feature","properties":{"A40_001":"大分県","A40_002":"44","A40_003":"0.3m未満"},"geometry":{"type":"Polygon","coordinates":[[[131.2402,33.60645],[131.2403,33.60654],[131.2403,33.60645],[131.2402,33.60645]]]}},{"type":"Feature","properties":{"A40_001":"大分県","A40_002":"44","A40_003":"1m以上 〜 2m未満"},"geometry":{"type":"Polygon","coordinates":[[[131.23933,33.60645],[131.23944,33.60654],[131.23944,33.60645],[131.23933,33.60645]]]}},{"type":"Feature","properties":{"A40_001":"大分県","A40_002":"44","A40_003":"0.3m未満"},"geometry":{"type":"Polygon","coordinates":[[[131.23923,33.60645],[131.23933,33.60654],[131.23933,33.60645],[131.23923,33.60645]]]}},{"type":"Feature","properties":{"A40_001":"大分県","A40_002":"44","A40_003":"0.3m未満"},"geometry":{"type":"Polygon","coordinates":[[[131.24138,33.60653],[131.24149,33.60662],[131.24149,33.60653],[131.24138,33.60653]]]}},{"type":"Feature","properties":{"A40_001":"大分県","A40_002":"44","A40_003":"0.3m以上 〜 1m未満"},"geometry":{"type":"Polygon","coordinates":[[[131.24127,33.60653],[131.24138,33.60662],[131.24138,33.60653],[131.24127,33.60653]]]}},{"type":"Feature","properties":{"A40_001":"大分県","A40_002":"44","A40_003":"0.3m未満"},"geometry":{"type":"Polygon","coordinates":[[[131.25841,33.6065],[131.2583,33.60668],[131.25841,33.60668],[131.25841,33.6065]]]}},{"type":"Feature","properties":{"A40_001":"大分県","A40_002":"44","A40_003":"0.3m未満"},"geometry":{"type":"Polygon","coordinates":[[[131.2417,33.60653],[131.2416,33.60671],[131.2417,33.60671],[131.2417,33.60653]]]}},{"type":"Feature","properties":{"A40_001":"大分県","A40_002":"44","A40_003":"0.3m未満"},"geometry":{"type":"Polygon","coordinates":[[[131.20657,33.6066],[131.20647,33.60633],[131.20647,33.6066],[131.20657,33.6066]]]}},{"type":"Feature","properties":{"A40_001":"大分県","A40_002":"44","A40_003":"0.3m以上 〜 1m未満"},"geometry":{"type":"Polygon","coordinates":[[[131.2139,33.6064],[131.21379,33.60658],[131.2139,33.60658],[131.2139,33.6064]]]}},{"type":"Feature","properties":{"A40_001":"大分県","A40_002":"44","A40_003":"0.3m以上 〜 1m未満"},"geometry":{"type":"Polygon","coordinates":[[[131.21466,33.60649],[131.21476,33.60658],[131.21476,33.60649],[131.21466,33.60649]]]}},{"type":"Feature","properties":{"A40_001":"大分県","A40_002":"44","A40_003":"0.3m未満"},"geometry":{"type":"Polygon","coordinates":[[[131.21455,33.60649],[131.21466,33.60658],[131.21466,33.60649],[131.21455,33.60649]]]}},{"type":"Feature","properties":{"A40_001":"大分県","A40_002":"44","A40_003":"2m以上 〜 3m未満"},"geometry":{"type":"Polygon","coordinates":[[[131.2111,33.6065],[131.21121,33.60659],[131.21121,33.6065],[131.2111,33.6065]]]}},{"type":"Feature","properties":{"A40_001":"大分県","A40_002":"44","A40_003":"0.3m以上 〜 1m未満"},"geometry":{"type":"Polygon","coordinates":[[[131.20895,33.60659],[131.20884,33.6065],[131.20884,33.60659],[131.20895,33.60659]]]}},{"type":"Feature","properties":{"A40_001":"大分県","A40_002":"44","A40_003":"0.3m未満"},"geometry":{"type":"Polygon","coordinates":[[[131.20884,33.60659],[131.20873,33.6065],[131.20873,33.60659],[131.20884,33.60659]]]}},{"type":"Feature","properties":{"A40_001":"大分県","A40_002":"44","A40_003":"0.3m以上 〜 1m未満"},"geometry":{"type":"Polygon","coordinates":[[[131.20873,33.60659],[131.20862,33.6065],[131.20862,33.60659],[131.20873,33.60659]]]}},{"type":"Feature","properties":{"A40_001":"大分県","A40_002":"44","A40_003":"0.3m以上 〜 1m未満"},"geometry":{"type":"Polygon","coordinates":[[[131.20711,33.6066],[131.2069,33.60651],[131.2069,33.6066],[131.20711,33.6066]]]}},{"type":"Feature","properties":{"A40_001":"大分県","A40_002":"44","A40_003":"1m以上 〜 2m未満"},"geometry":{"type":"Polygon","coordinates":[[[131.21455,33.60649],[131.21444,33.60667],[131.21455,33.60667],[131.21455,33.60649]]]}},{"type":"Feature","properties":{"A40_001":"大分県","A40_002":"44","A40_003":"0.3m以上 〜 1m未満"},"geometry":{"type":"Polygon","coordinates":[[[131.20183,33.60651],[131.20173,33.60642],[131.20173,33.60651],[131.20183,33.60651]]]}},{"type":"Feature","properties":{"A40_001":"大分県","A40_002":"44","A40_003":"0.3m以上 〜 1m未満"},"geometry":{"type":"Polygon","coordinates":[[[131.20593,33.6066],[131.20582,33.60651],[131.20582,33.6066],[131.20593,33.6066]]]}},{"type":"Feature","properties":{"A40_001":"大分県","A40_002":"44","A40_003":"1m以上 〜 2m未満"},"geometry":{"type":"Polygon","coordinates":[[[131.2055,33.6066],[131.20539,33.60651],[131.20539,33.6066],[131.2055,33.6066]]]}},{"type":"Feature","properties":{"A40_001":"大分県","A40_002":"44","A40_003":"2m以上 〜 3m未満"},"geometry":{"type":"Polygon","coordinates":[[[131.20507,33.60651],[131.20485,33.6066],[131.20507,33.60669],[131.20507,33.60651]]]}},{"type":"Feature","properties":{"A40_001":"大分県","A40_002":"44","A40_003":"0.3m以上 〜 1m未満"},"geometry":{"type":"Polygon","coordinates":[[[131.20485,33.6066],[131.20474,33.60669],[131.20496,33.60669],[131.20485,33.6066]]]}},{"type":"Feature","properties":{"A40_001":"大分県","A40_002":"44","A40_003":"1m以上 〜 2m未満"},"geometry":{"type":"Polygon","coordinates":[[[131.20636,33.6066],[131.20582,33.6066],[131.20582,33.60687],[131.20636,33.6066]]]}},{"type":"Feature","properties":{"A40_001":"大分県","A40_002":"44","A40_003":"0.3m未満"},"geometry":{"type":"Polygon","coordinates":[[[131.20636,33.60669],[131.20625,33.6066],[131.20625,33.60669],[131.20636,33.60669]]]}},{"type":"Feature","properties":{"A40_001":"大分県","A40_002":"44","A40_003":"0.3m以上 〜 1m未満"},"geometry":{"type":"Polygon","coordinates":[[[131.20625,33.60669],[131.20614,33.6066],[131.20614,33.60669],[131.20625,33.60669]]]}},{"type":"Feature","properties":{"A40_001":"大分県","A40_002":"44","A40_003":"1m以上 〜 2m未満"},"geometry":{"type":"Polygon","coordinates":[[[131.20561,33.60669],[131.2055,33.6066],[131.2055,33.60669],[131.20561,33.60669]]]}},{"type":"Feature","properties":{"A40_001":"大分県","A40_002":"44","A40_003":"0.3m未満"},"geometry":{"type":"Polygon","coordinates":[[[131.20625,33.60678],[131.20614,33.60669],[131.20614,33.60678],[131.20625,33.60678]]]}},{"type":"Feature","properties":{"A40_001":"大分県","A40_002":"44","A40_003":"0.3m未満"},"geometry":{"type":"Polygon","coordinates":[[[131.21379,33.60649],[131.21347,33.60668],[131.21379,33.60667],[131.21379,33.60649]]]}},{"type":"Feature","properties":{"A40_001":"大分県","A40_002":"44","A40_003":"0.3m以上 〜 1m未満"},"geometry":{"type":"Polygon","coordinates":[[[131.21455,33.60658],[131.21466,33.60667],[131.21466,33.60658],[131.21455,33.60658]]]}},{"type":"Feature","properties":{"A40_001":"大分県","A40_002":"44","A40_003":"2m以上 〜 3m未満"},"geometry":{"type":"Polygon","coordinates":[[[131.21153,33.60659],[131.21164,33.60668],[131.21164,33.60659],[131.21153,33.60659]]]}},{"type":"Feature","properties":{"A40_001":"大分県","A40_002":"44","A40_003":"2m以上 〜 3m未満"},"geometry":{"type":"Polygon","coordinates":[[[131.21121,33.60659],[131.21132,33.60668],[131.21132,33.60659],[131.21121,33.60659]]]}},{"type":"Feature","properties":{"A40_001":"大分県","A40_002":"44","A40_003":"2m以上 〜 3m未満"},"geometry":{"type":"Polygon","coordinates":[[[131.21089,33.60659],[131.21099,33.60668],[131.21099,33.60659],[131.21089,33.60659]]]}},{"type":"Feature","properties":{"A40_001":"大分県","A40_002":"44","A40_003":"0.3m以上 〜 1m未満"},"geometry":{"type":"Polygon","coordinates":[[[131.20927,33.60668],[131.20916,33.60659],[131.20916,33.60668],[131.20927,33.60668]]]}},{"type":"Feature","properties":{"A40_001":"大分県","A40_002":"44","A40_003":"0.3m以上 〜 1m未満"},"geometry":{"type":"Polygon","coordinates":[[[131.20884,33.60668],[131.20873,33.60659],[131.20873,33.60668],[131.20884,33.60668]]]}},{"type":"Feature","properties":{"A40_001":"大分県","A40_002":"44","A40_003":"0.3m以上 〜 1m未満"},"geometry":{"type":"Polygon","coordinates":[[[131.20679,33.60669],[131.20668,33.6066],[131.20668,33.60669],[131.20679,33.60669]]]}},{"type":"Feature","properties":{"A40_001":"大分県","A40_002":"44","A40_003":"0.3m未満"},"geometry":{"type":"Polygon","coordinates":[[[131.20668,33.60669],[131.20657,33.6066],[131.20658,33.60669],[131.20668,33.60669]]]}},{"type":"Feature","properties":{"A40_001":"大分県","A40_002":"44","A40_003":"0.3m以上 〜 1m未満"},"geometry":{"type":"Polygon","coordinates":[[[131.20959,33.60686],[131.20948,33.60668],[131.20905,33.60695],[131.20959,33.60686]]]}},{"type":"Feature","properties":{"A40_001":"大分県","A40_002":"44","A40_003":"2m以上 〜 3m未満"},"geometry":{"type":"Polygon","coordinates":[[[131.21487,33.60667],[131.21498,33.60676],[131.21498,33.60667],[131.21487,33.60667]]]}},{"type":"Feature","properties":{"A40_001":"大分県","A40_002":"44","A40_003":"0.3m以上 〜 1m未満"},"geometry":{"type":"Polygon","coordinates":[[[131.21476,33.60667],[131.21487,33.60676],[131.21487,33.60667],[131.21476,33.60667]]]}},{"type":"Feature","properties":{"A40_001":"大分県","A40_002":"44","A40_003":"0.3m未満"},"geometry":{"type":"Polygon","coordinates":[[[131.21466,33.60667],[131.21476,33.60676],[131.21476,33.60667],[131.21466,33.60667]]]}},{"type":"Feature","properties":{"A40_001":"大分県","A40_002":"44","A40_003":"0.3m以上 〜 1m未満"},"geometry":{"type":"Polygon","coordinates":[[[131.21347,33.60668],[131.21369,33.60677],[131.21369,33.60668],[131.21347,33.60668]]]}},{"type":"Feature","properties":{"A40_001":"大分県","A40_002":"44","A40_003":"0.3m以上 〜 1m未満"},"geometry":{"type":"Polygon","coordinates":[[[131.21336,33.60686],[131.21315,33.60668],[131.21304,33.60659],[131.21315,33.60686],[131.21336,33.60686]]]}},{"type":"Feature","properties":{"A40_001":"大分県","A40_002":"44","A40_003":"2m以上 〜 3m未満"},"geometry":{"type":"Polygon","coordinates":[[[131.21186,33.60659],[131.21164,33.60668],[131.21164,33.60686],[131.21186,33.60659]]]}},{"type":"Feature","properties":{"A40_001":"大分県","A40_002":"44","A40_003":"2m以上 〜 3m未満"},"geometry":{"type":"Polygon","coordinates":[[[131.21035,33.60668],[131.21045,33.60677],[131.21045,33.60668],[131.21035,33.60668]]]}},{"type":"Feature","properties":{"A40_001":"大分県","A40_002":"44","A40_003":"0.3m以上 〜 1m未満"},"geometry":{"type":"Polygon","coordinates":[[[131.20668,33.60678],[131.20658,33.60669],[131.20658,33.60678],[131.20668,33.60678]]]}},{"type":"Feature","properties":{"A40_001":"大分県","A40_002":"44","A40_003":"0.3m未満"},"geometry":{"type":"Polygon","coordinates":[[[131.20658,33.60678],[131.20647,33.60669],[131.20647,33.60678],[131.20658,33.60678]]]}},{"type":"Feature","properties":{"A40_001":"大分県","A40_002":"44","A40_003":"0.3m以上 〜 1m未満"},"geometry":{"type":"Polygon","coordinates":[[[131.21466,33.60676],[131.21477,33.60685],[131.21476,33.60676],[131.21466,33.60676]]]}},{"type":"Feature","properties":{"A40_001":"大分県","A40_002":"44","A40_003":"0.3m以上 〜 1m未満"},"geometry":{"type":"Polygon","coordinates":[[[131.2583,33.60668],[131.25841,33.60677],[131.25841,33.60668],[131.2583,33.60668]]]}},{"type":"Feature","properties":{"A40_001":"大分県","A40_002":"44","A40_003":"1m以上 〜 2m未満"},"geometry":{"type":"Polygon","coordinates":[[[131.2417,33.60671],[131.24181,33.6068],[131.24181,33.60671],[131.2417,33.60671]]]}},{"type":"Feature","properties":{"A40_001":"大分県","A40_002":"44","A40_003":"0.3m未満"},"geometry":{"type":"Polygon","coordinates":[[[131.25119,33.60679],[131.2513,33.60687],[131.2513,33.60678],[131.25119,33.60679]]]}},{"type":"Feature","properties":{"A40_001":"大分県","A40_002":"44","A40_003":"0.3m以上 〜 1m未満"},"geometry":{"type":"Polygon","coordinates":[[[131.24192,33.60671],[131.24181,33.60707],[131.24192,33.60707],[131.24192,33.60671]]]}},{"type":"Feature","properties":{"A40_001":"大分県","A40_002":"44","A40_003":"0.3m以上 〜 1m未満"},"geometry":{"type":"Polygon","coordinates":[[[131.2513,33.60687],[131.2514,33.60696],[131.2514,33.60687],[131.2513,33.60687]]]}},{"type":"Feature","properties":{"A40_001":"大分県","A40_002":"44","A40_003":"1m以上 〜 2m未満"},"geometry":{"type":"Polygon","coordinates":[[[131.25119,33.60688],[131.2513,33.60697],[131.2513,33.60687],[131.25119,33.60688]]]}},{"type":"Feature","properties":{"A40_001":"大分県","A40_002":"44","A40_003":"0.3m以上 〜 1m未満"},"geometry":{"type":"Polygon","coordinates":[[[131.25108,33.60688],[131.25119,33.60697],[131.25119,33.60688],[131.25108,33.60688]]]}},{"type":"Feature","properties":{"A40_001":"大分県","A40_002":"44","A40_003":"0.3m以上 〜 1m未満"},"geometry":{"type":"Polygon","coordinates":[[[131.25324,33.60696],[131.25334,33.60705],[131.25334,33.60696],[131.25324,33.60696]]]}},{"type":"Feature","properties":{"A40_001":"大分県","A40_002":"44","A40_003":"0.3m未満"},"geometry":{"type":"Polygon","coordinates":[[[131.2514,33.60696],[131.25151,33.60705],[131.25151,33.60696],[131.2514,33.60696]]]}},{"type":"Feature","properties":{"A40_001":"大分県","A40_002":"44","A40_003":"0.3m以上 〜 1m未満"},"geometry":{"type":"Polygon","coordinates":[[[131.25086,33.60697],[131.25097,33.60706],[131.25097,33.60697],[131.25086,33.60697]]]}},{"type":"Feature","properties":{"A40_001":"大分県","A40_002":"44","A40_003":"0.3m以上 〜 1m未満"},"geometry":{"type":"Polygon","coordinates":[[[131.20582,33.6066],[131.20571,33.60687],[131.20582,33.60687],[131.20582,33.6066]]]}},{"type":"Feature","properties":{"A40_001":"大分県","A40_002":"44","A40_003":"2m以上 〜 3m未満"},"geometry":{"type":"Polygon","coordinates":[[[131.20517,33.60678],[131.20507,33.60669],[131.20507,33.60678],[131.20517,33.60678]]]}},{"type":"Feature","properties":{"A40_001":"大分県","A40_002":"44","A40_003":"0.3m未満"},"geometry":{"type":"Polygon","coordinates":[[[131.20647,33.60687],[131.20636,33.60678],[131.20636,33.60687],[131.20647,33.60687]]]}},{"type":"Feature","properties":{"A40_001":"大分県","A40_002":"44","A40_003":"0.3m未満"},"geometry":{"type":"Polygon","coordinates":[[[131.20614,33.60696],[131.20604,33.60678],[131.20604,33.60696],[131.20614,33.60696]]]}},{"type":"Feature","properties":{"A40_001":"大分県","A40_002":"44","A40_003":"0.3m以上 〜 1m未満"},"geometry":{"type":"Polygon","coordinates":[[[131.20604,33.60696],[131.20593,33.60678],[131.20593,33.60696],[131.20604,33.60696]]]}},{"type":"Feature","properties":{"A40_001":"大分県","A40_002":"44","A40_003":"2m以上 〜 3m未満"},"geometry":{"type":"Polygon","coordinates":[[[131.20528,33.60696],[131.20517,33.60678],[131.20517,33.60696],[131.20528,33.60696]]]}},{"type":"Feature","properties":{"A40_001":"大分県","A40_002":"44","A40_003":"0.3m未満"},"geometry":{"type":"Polygon","coordinates":[[[131.20636,33.60696],[131.20625,33.60687],[131.20625,33.60696],[131.20636,33.60696]]]}},{"type":"Feature","properties":{"A40_001":"大分県","A40_002":"44","A40_003":"0.3m以上 〜 1m未満"},"geometry":{"type":"Polygon","coordinates":[[[131.20658,33.60714],[131.20625,33.60696],[131.20625,33.60714],[131.20658,33.60714]]]}},{"type":"Feature","properties":{"A40_001":"大分県","A40_002":"44","A40_003":"2m以上 〜 3m未満"},"geometry":{"type":"Polygon","coordinates":[[[131.20539,33.60705],[131.20528,33.60696],[131.20528,33.60705],[131.20539,33.60705]]]}},{"type":"Feature","properties":{"A40_001":"大分県","A40_002":"44","A40_003":"0.3m以上 〜 1m未満"},"geometry":{"type":"Polygon","coordinates":[[[131.20517,33.60696],[131.20496,33.60705],[131.2055,33.60732],[131.20517,33.60696]]]}},{"type":"Feature","properties":{"A40_001":"大分県","A40_002":"44","A40_003":"1m以上 〜 2m未満"},"geometry":{"type":"Polygon","coordinates":[[[131.21466,33.60667],[131.21455,33.60694],[131.21477,33.60694],[131.21466,33.60667]]]}},{"type":"Feature","properties":{"A40_001":"大分県","A40_002":"44","A40_003":"2m以上 〜 3m未満"},"geometry":{"type":"Polygon","coordinates":[[[131.21132,33.60677],[131.21142,33.60686],[131.21142,33.60677],[131.21132,33.60677]]]}},{"type":"Feature","properties":{"A40_001":"大分県","A40_002":"44","A40_003":"0.3m以上 〜 1m未満"},"geometry":{"type":"Polygon","coordinates":[[[131.20905,33.60686],[131.20895,33.60677],[131.20895,33.60686],[131.20905,33.60686]]]}},{"type":"Feature","properties":{"A40_001":"大分県","A40_002":"44","A40_003":"0.3m未満"},"geometry":{"type":"Polygon","coordinates":[[[131.21477,33.60694],[131.21498,33.60676],[131.21476,33.60676],[131.21477,33.60694]]]}},{"type":"Feature","properties":{"A40_001":"大分県","A40_002":"44","A40_003":"2m以上 〜 3m未満"},"geometry":{"type":"Polygon","coordinates":[[[131.21035,33.60686],[131.21046,33.60695],[131.21045,33.60686],[131.21035,33.60686]]]}},{"type":"Feature","properties":{"A40_001":"大分県","A40_002":"44","A40_003":"2m以上 〜 3m未満"},"geometry":{"type":"Polygon","coordinates":[[[131.21477,33.60694],[131.21466,33.60712],[131.21477,33.60712],[131.21477,33.60694]]]}},{"type":"Feature","properties":{"A40_001":"大分県","A40_002":"44","A40_003":"0.3m以上 〜 1m未満"},"geometry":{"type":"Polygon","coordinates":[[[131.21272,33.60695],[131.21261,33.60713],[131.21283,33.60713],[131.21272,33.60695]]]}},{"type":"Feature","properties":{"A40_001":"大分県","A40_002":"44","A40_003":"1m以上 〜 2m未満"},"geometry":{"type":"Polygon","coordinates":[[[131.21498,33.60703],[131.2152,33.60712],[131.2152,33.60703],[131.21498,33.60703]]]}},{"type":"Feature","properties":{"A40_001":"大分県","A40_002":"44","A40_003":"0.3m未満"},"geometry":{"type":"Polygon","coordinates":[[[131.21477,33.60703],[131.21487,33.60712],[131.21487,33.60703],[131.21477,33.60703]]]}},{"type":"Feature","properties":{"A40_001":"大分県","A40_002":"44","A40_003":"0.3m以上 〜 1m未満"},"geometry":{"type":"Polygon","coordinates":[[[131.21541,33.60748],[131.21444,33.60649],[131.21369,33.60695],[131.21412,33.60767],[131.21466,33.60721],[131.21509,33.60766],[131.21541,33.60748]]]}},{"type":"Feature","properties":{"A40_001":"大分県","A40_002":"44","A40_003":"1m以上 〜 2m未満"},"geometry":{"type":"Polygon","coordinates":[[[131.18061,33.607],[131.18071,33.60709],[131.18071,33.607],[131.18061,33.607]]]}},{"type":"Feature","properties":{"A40_001":"大分県","A40_002":"44","A40_003":"0.3m以上 〜 1m未満"},"geometry":{"type":"Polygon","coordinates":[[[131.1805,33.607],[131.18061,33.60709],[131.18061,33.607],[131.1805,33.607]]]}},{"type":"Feature","properties":{"A40_001":"大分県","A40_002":"44","A40_003":"0.3m以上 〜 1m未満"},"geometry":{"type":"Polygon","coordinates":[[[131.20453,33.60714],[131.20442,33.60705],[131.20442,33.60714],[131.20453,33.60714]]]}},{"type":"Feature","properties":{"A40_001":"大分県","A40_002":"44","A40_003":"0.3m以上 〜 1m未満"},"geometry":{"type":"Polygon","coordinates":[[[131.18104,33.60709],[131.18114,33.60718],[131.18114,33.60709],[131.18104,33.60709]]]}},{"type":"Feature","properties":{"A40_001":"大分県","A40_002":"44","A40_003":"1m以上 〜 2m未満"},"geometry":{"type":"Polygon","coordinates":[[[131.20647,33.60723],[131.20636,33.60705],[131.20636,33.60723],[131.20647,33.60723]]]}},{"type":"Feature","properties":{"A40_001":"大分県","A40_002":"44","A40_003":"0.3m未満"},"geometry":{"type":"Polygon","coordinates":[[[131.20388,33.60705],[131.20367,33.60723],[131.20388,33.60714],[131.20388,33.60705]]]}},{"type":"Feature","properties":{"A40_001":"大分県","A40_002":"44","A40_003":"0.3m以上 〜 1m未満"},"geometry":{"type":"Polygon","coordinates":[[[131.20431,33.60723],[131.20421,33.60714],[131.20421,33.60723],[131.20431,33.60723]]]}},{"type":"Feature","properties":{"A40_001":"大分県","A40_002":"44","A40_003":"0.3m未満"},"geometry":{"type":"Polygon","coordinates":[[[131.20345,33.60723],[131.20334,33.60714],[131.20334,33.60723],[131.20345,33.60723]]]}},{"type":"Feature","properties":{"A40_001":"大分県","A40_002":"44","A40_003":"1m以上 〜 2m未満"},"geometry":{"type":"Polygon","coordinates":[[[131.18136,33.60718],[131.18147,33.60727],[131.18147,33.60718],[131.18136,33.60718]]]}},{"type":"Feature","properties":{"A40_001":"大分県","A40_002":"44","A40_003":"0.3m未満"},"geometry":{"type":"Polygon","coordinates":[[[131.18125,33.60718],[131.18136,33.60727],[131.18136,33.60718],[131.18125,33.60718]]]}},{"type":"Feature","properties":{"A40_001":"大分県","A40_002":"44","A40_003":"0.3m未満"},"geometry":{"type":"Polygon","coordinates":[[[131.25334,33.60705],[131.25345,33.60714],[131.25345,33.60705],[131.25334,33.60705]]]}},{"type":"Feature","properties":{"A40_001":"大分県","A40_002":"44","A40_003":"1m以上 〜 2m未満"},"geometry":{"type":"Polygon","coordinates":[[[131.25324,33.60705],[131.25334,33.60714],[131.25334,33.60705],[131.25324,33.60705]]]}},{"type":"Feature","properties":{"A40_001":"大分県","A40_002":"44","A40_003":"0.3m未満"},"geometry":{"type":"Polygon","coordinates":[[[131.2527,33.60705],[131.25281,33.60714],[131.2528,33.60705],[131.2527,33.60705]]]}},{"type":"Feature","properties":{"A40_001":"大分県","A40_002":"44","A40_003":"0.3m未満"},"geometry":{"type":"Polygon","coordinates":[[[131.25151,33.60705],[131.25162,33.60714],[131.25162,33.60705],[131.25151,33.60705]]]}},{"type":"Feature","properties":{"A40_001":"大分県","A40_002":"44","A40_003":"1m以上 〜 2m未満"},"geometry":{"type":"Polygon","coordinates":[[[131.2514,33.60706],[131.25151,33.60715],[131.25151,33.60705],[131.2514,33.60706]]]}},{"type":"Feature","properties":{"A40_001":"大分県","A40_002":"44","A40_003":"1m以上 〜 2m未満"},"geometry":{"type":"Polygon","coordinates":[[[131.25087,33.60706],[131.25097,33.60715],[131.25097,33.60706],[131.25087,33.60706]]]}},{"type":"Feature","properties":{"A40_001":"大分県","A40_002":"44","A40_003":"0.3m未満"},"geometry":{"type":"Polygon","coordinates":[[[131.25076,33.60706],[131.25087,33.60715],[131.25087,33.60706],[131.25076,33.60706]]]}},{"type":"Feature","properties":{"A40_001":"大分県","A40_002":"44","A40_003":"0.3m未満"},"geometry":{"type":"Polygon","coordinates":[[[131.24181,33.60707],[131.24192,33.60716],[131.24192,33.60707],[131.24181,33.60707]]]}},{"type":"Feature","properties":{"A40_001":"大分県","A40_002":"44","A40_003":"0.3m以上 〜 1m未満"},"geometry":{"type":"Polygon","coordinates":[[[131.24171,33.60707],[131.24181,33.60716],[131.24181,33.60707],[131.24171,33.60707]]]}},{"type":"Feature","properties":{"A40_001":"大分県","A40_002":"44","A40_003":"2m以上 〜 3m未満"},"geometry":{"type":"Polygon","coordinates":[[[131.23923,33.60645],[131.23891,33.60789],[131.23901,33.60789],[131.23923,33.60645]]]}},{"type":"Feature","properties":{"A40_001":"大分県","A40_002":"44","A40_003":"0.3m未満"},"geometry":{"type":"Polygon","coordinates":[[[131.21347,33.60704],[131.21358,33.60713],[131.21358,33.60704],[131.21347,33.60704]]]}},{"type":"Feature","properties":{"A40_001":"大分県","A40_002":"44","A40_003":"1m以上 〜 2m未満"},"geometry":{"type":"Polygon","coordinates":[[[131.2125,33.60704],[131.21261,33.60713],[131.21261,33.60704],[131.2125,33.60704]]]}},{"type":"Feature","properties":{"A40_001":"大分県","A40_002":"44","A40_003":"2m以上 〜 3m未満"},"geometry":{"type":"Polygon","coordinates":[[[131.21132,33.60704],[131.21143,33.60713],[131.21143,33.60704],[131.21132,33.60704]]]}},{"type":"Feature","properties":{"A40_001":"大分県","A40_002":"44","A40_003":"2m以上 〜 3m未満"},"geometry":{"type":"Polygon","coordinates":[[[131.2111,33.60704],[131.21121,33.60713],[131.21121,33.60704],[131.2111,33.60704]]]}},{"type":"Feature","properties":{"A40_001":"大分県","A40_002":"44","A40_003":"2m以上 〜 3m未満"},"geometry":{"type":"Polygon","coordinates":[[[131.21056,33.60695],[131.21046,33.60722],[131.21056,33.60722],[131.21056,33.60695]]]}},{"type":"Feature","properties":{"A40_001":"大分県","A40_002":"44","A40_003":"1m以上 〜 2m未満"},"geometry":{"type":"Polygon","coordinates":[[[131.21229,33.60704],[131.21218,33.60722],[131.2124,33.60722],[131.21229,33.60704]]]}},{"type":"Feature","properties":{"A40_001":"大分県","A40_002":"44","A40_003":"2m以上 〜 3m未満"},"geometry":{"type":"Polygon","coordinates":[[[131.21498,33.60712],[131.2152,33.60721],[131.2152,33.60712],[131.21498,33.60712]]]}},{"type":"Feature","properties":{"A40_001":"大分県","A40_002":"44","A40_003":"0.3m以上 〜 1m未満"},"geometry":{"type":"Polygon","coordinates":[[[131.21326,33.60713],[131.21337,33.60722],[131.21336,33.60713],[131.21326,33.60713]]]}},{"type":"Feature","properties":{"A40_001":"大分県","A40_002":"44","A40_003":"2m以上 〜 3m未満"},"geometry":{"type":"Polygon","coordinates":[[[131.21218,33.60686],[131.21261,33.60758],[131.21283,33.60758],[131.2125,33.60695],[131.21218,33.60686]]]}},{"type":"Feature","properties":{"A40_001":"大分県","A40_002":"44","A40_003":"1m以上 〜 2m未満"},"geometry":{"type":"Polygon","coordinates":[[[131.20916,33.60515],[131.20873,33.60569],[131.20959,33.60641],[131.20949,33.60695],[131.20754,33.60614],[131.20647,33.60696],[131.20776,33.60858],[131.20809,33.60822],[131.20874,33.60876],[131.20819,33.60786],[131.20949,33.60758],[131.21013,33.60821],[131.21046,33.60776],[131.2097,33.60722],[131.21013,33.60686],[131.21046,33.60731],[131.21078,33.60722],[131.2111,33.60776],[131.20981,33.60858],[131.20852,33.60903],[131.20798,33.60876],[131.21003,33.61065],[131.21423,33.60776],[131.21369,33.60704],[131.21401,33.60676],[131.21401,33.60631],[131.21358,33.60677],[131.21315,33.60632],[131.21422,33.60577],[131.2126,33.6037],[131.2098,33.60479],[131.21013,33.60578],[131.20916,33.60515]],[[131.20787,33.60795],[131.20733,33.60768],[131.20787,33.60777],[131.20787,33.60795]],[[131.20733,33.60768],[131.20722,33.60759],[131.20733,33.60759],[131.20733,33.60768]],[[131.20722,33.60759],[131.20712,33.6075],[131.20722,33.6075],[131.20722,33.60759]],[[131.20884,33.60759],[131.20873,33.6075],[131.20884,33.60749],[131.20884,33.60759]],[[131.21056,33.60722],[131.21046,33.60695],[131.21056,33.60695],[131.21056,33.60722]],[[131.21046,33.60695],[131.21035,33.60686],[131.21045,33.60686],[131.21046,33.60695]],[[131.20917,33.60975],[131.20928,33.60966],[131.20928,33.60975],[131.20917,33.60975]],[[131.2124,33.60731],[131.2125,33.60785],[131.21186,33.60704],[131.21272,33.60695],[131.21283,33.60758],[131.2124,33.60731]],[[131.21229,33.60785],[131.21218,33.60794],[131.21218,33.60785],[131.21229,33.60785]],[[131.21218,33.60794],[131.21207,33.60803],[131.21207,33.60794],[131.21218,33.60794]],[[131.21207,33.60803],[131.21197,33.60812],[131.21197,33.60803],[131.21207,33.60803]],[[131.21336,33.60523],[131.21347,33.60514],[131.21347,33.60523],[131.21336,33.60523]],[[131.21336,33.60514],[131.21325,33.60505],[131.21336,33.60505],[131.21336,33.60514]],[[131.21315,33.60586],[131.21325,33.60595],[131.21315,33.60595],[131.21315,33.60586]],[[131.21315,33.60595],[131.21304,33.60605],[131.21304,33.60595],[131.21315,33.60595]],[[131.21164,33.60686],[131.21186,33.60659],[131.21186,33.60677],[131.21164,33.60686]],[[131.21164,33.60668],[131.21153,33.60659],[131.21164,33.60659],[131.21164,33.60668]],[[131.2111,33.6065],[131.21121,33.60659],[131.2111,33.60659],[131.2111,33.6065]],[[131.21121,33.60659],[131.21132,33.60668],[131.21121,33.60668],[131.21121,33.60659]],[[131.21175,33.60812],[131.21186,33.60803],[131.21186,33.60812],[131.21175,33.60812]],[[131.21175,33.60803],[131.21164,33.60794],[131.21175,33.60794],[131.21175,33.60803]],[[131.21132,33.60767],[131.21143,33.60749],[131.21143,33.60767],[131.21132,33.60767]],[[131.21143,33.60767],[131.21153,33.60776],[131.21143,33.60776],[131.21143,33.60767]],[[131.21089,33.60975],[131.21014,33.61011],[131.20981,33.60939],[131.21046,33.60903],[131.21089,33.60975]],[[131.21014,33.60903],[131.20992,33.60912],[131.20992,33.60903],[131.21014,33.60903]],[[131.21164,33.60875],[131.21358,33.60704],[131.21391,33.60776],[131.21272,33.60812],[131.21272,33.60866],[131.21164,33.60875]],[[131.21239,33.60478],[131.21217,33.60415],[131.21271,33.60487],[131.21239,33.60478]],[[131.21164,33.60524],[131.21174,33.60506],[131.21174,33.60524],[131.21164,33.60524]],[[131.21207,33.60632],[131.21218,33.60641],[131.21207,33.60641],[131.21207,33.60632]],[[131.21056,33.60578],[131.21067,33.60587],[131.21056,33.60587],[131.21056,33.60578]],[[131.21315,33.60559],[131.21325,33.60568],[131.21315,33.60568],[131.21315,33.60559]],[[131.21282,33.60614],[131.21293,33.60623],[131.21282,33.60623],[131.21282,33.60614]],[[131.21035,33.60677],[131.21045,33.60668],[131.21045,33.60677],[131.21035,33.60677]],[[131.21132,33.60686],[131.21142,33.60677],[131.21142,33.60686],[131.21132,33.60686]],[[131.21315,33.60686],[131.21315,33.60659],[131.21336,33.60686],[131.21315,33.60686]],[[131.21089,33.60659],[131.21099,33.60668],[131.21089,33.60668],[131.21089,33.60659]],[[131.21261,33.6065],[131.2125,33.60641],[131.21261,33.60641],[131.21261,33.6065]],[[131.2111,33.60704],[131.21121,33.60713],[131.2111,33.60713],[131.2111,33.60704]],[[131.21132,33.60704],[131.21143,33.60713],[131.21132,33.60713],[131.21132,33.60704]],[[131.20992,33.60785],[131.21003,33.60776],[131.21003,33.60785],[131.20992,33.60785]],[[131.20874,33.60912],[131.20884,33.60921],[131.20874,33.60921],[131.20874,33.60912]],[[131.20971,33.60993],[131.20982,33.61002],[131.20971,33.61002],[131.20971,33.60993]]]}},{"type":"Feature","properties":{"A40_001":"大分県","A40_002":"44","A40_003":"0.3m未満"},"geometry":{"type":"Polygon","coordinates":[[[131.25345,33.60714],[131.25356,33.60723],[131.25356,33.60714],[131.25345,33.60714]]]}},{"type":"Feature","properties":{"A40_001":"大分県","A40_002":"44","A40_003":"0.3m以上 〜 1m未満"},"geometry":{"type":"Polygon","coordinates":[[[131.25259,33.60714],[131.2527,33.60723],[131.2527,33.60714],[131.25259,33.60714]]]}},{"type":"Feature","properties":{"A40_001":"大分県","A40_002":"44","A40_003":"1m以上 〜 2m未満"},"geometry":{"type":"Polygon","coordinates":[[[131.25151,33.60715],[131.25162,33.60723],[131.25162,33.60714],[131.25151,33.60715]]]}},{"type":"Feature","properties":{"A40_001":"大分県","A40_002":"44","A40_003":"1m以上 〜 2m未満"},"geometry":{"type":"Polygon","coordinates":[[[131.25065,33.60715],[131.25076,33.60724],[131.25076,33.60715],[131.25065,33.60715]]]}},{"type":"Feature","properties":{"A40_001":"大分県","A40_002":"44","A40_003":"1m以上 〜 2m未満"},"geometry":{"type":"Polygon","coordinates":[[[131.25345,33.60723],[131.25356,33.60732],[131.25356,33.60723],[131.25345,33.60723]]]}},{"type":"Feature","properties":{"A40_001":"大分県","A40_002":"44","A40_003":"1m以上 〜 2m未満"},"geometry":{"type":"Polygon","coordinates":[[[131.25259,33.60723],[131.2527,33.60732],[131.2527,33.60723],[131.25259,33.60723]]]}},{"type":"Feature","properties":{"A40_001":"大分県","A40_002":"44","A40_003":"0.3m以上 〜 1m未満"},"geometry":{"type":"Polygon","coordinates":[[[131.25248,33.60723],[131.25259,33.60732],[131.25259,33.60723],[131.25248,33.60723]]]}},{"type":"Feature","properties":{"A40_001":"大分県","A40_002":"44","A40_003":"0.3m以上 〜 1m未満"},"geometry":{"type":"Polygon","coordinates":[[[131.25162,33.60723],[131.25173,33.60732],[131.25173,33.60723],[131.25162,33.60723]]]}},{"type":"Feature","properties":{"A40_001":"大分県","A40_002":"44","A40_003":"1m以上 〜 2m未満"},"geometry":{"type":"Polygon","coordinates":[[[131.25054,33.60724],[131.25065,33.60733],[131.25065,33.60724],[131.25054,33.60724]]]}},{"type":"Feature","properties":{"A40_001":"大分県","A40_002":"44","A40_003":"0.3m以上 〜 1m未満"},"geometry":{"type":"Polygon","coordinates":[[[131.25356,33.60732],[131.25367,33.60741],[131.25367,33.60732],[131.25356,33.60732]]]}},{"type":"Feature","properties":{"A40_001":"大分県","A40_002":"44","A40_003":"0.3m未満"},"geometry":{"type":"Polygon","coordinates":[[[131.20399,33.60732],[131.20388,33.60714],[131.20388,33.60732],[131.20399,33.60732]]]}},{"type":"Feature","properties":{"A40_001":"大分県","A40_002":"44","A40_003":"0.3m以上 〜 1m未満"},"geometry":{"type":"Polygon","coordinates":[[[131.20442,33.60732],[131.20431,33.60723],[131.20431,33.60732],[131.20442,33.60732]]]}},{"type":"Feature","properties":{"A40_001":"大分県","A40_002":"44","A40_003":"0.3m以上 〜 1m未満"},"geometry":{"type":"Polygon","coordinates":[[[131.20421,33.60723],[131.20399,33.60732],[131.20421,33.60732],[131.20421,33.60723]]]}},{"type":"Feature","properties":{"A40_001":"大分県","A40_002":"44","A40_003":"0.3m未満"},"geometry":{"type":"Polygon","coordinates":[[[131.20367,33.60732],[131.20356,33.60723],[131.20356,33.60732],[131.20367,33.60732]]]}},{"type":"Feature","properties":{"A40_001":"大分県","A40_002":"44","A40_003":"1m以上 〜 2m未満"},"geometry":{"type":"Polygon","coordinates":[[[131.18233,33.60727],[131.18222,33.60745],[131.18265,33.60745],[131.18233,33.60727]]]}},{"type":"Feature","properties":{"A40_001":"大分県","A40_002":"44","A40_003":"0.3m未満"},"geometry":{"type":"Polygon","coordinates":[[[131.18222,33.60727],[131.18212,33.60745],[131.18222,33.60745],[131.18222,33.60727]]]}},{"type":"Feature","properties":{"A40_001":"大分県","A40_002":"44","A40_003":"0.3m以上 〜 1m未満"},"geometry":{"type":"Polygon","coordinates":[[[131.20464,33.60741],[131.20453,33.60732],[131.20453,33.60741],[131.20464,33.60741]]]}},{"type":"Feature","properties":{"A40_001":"大分県","A40_002":"44","A40_003":"0.3m未満"},"geometry":{"type":"Polygon","coordinates":[[[131.20345,33.60741],[131.20334,33.60732],[131.20334,33.60741],[131.20345,33.60741]]]}},{"type":"Feature","properties":{"A40_001":"大分県","A40_002":"44","A40_003":"0.3m以上 〜 1m未満"},"geometry":{"type":"Polygon","coordinates":[[[131.20334,33.60741],[131.20324,33.60732],[131.20324,33.60741],[131.20334,33.60741]]]}},{"type":"Feature","properties":{"A40_001":"大分県","A40_002":"44","A40_003":"0.3m以上 〜 1m未満"},"geometry":{"type":"Polygon","coordinates":[[[131.20582,33.6075],[131.2055,33.60732],[131.2055,33.6075],[131.20582,33.6075]]]}},{"type":"Feature","properties":{"A40_001":"大分県","A40_002":"44","A40_003":"0.3m未満"},"geometry":{"type":"Polygon","coordinates":[[[131.20658,33.60732],[131.20647,33.60714],[131.20647,33.60732],[131.20658,33.60732]]]}},{"type":"Feature","properties":{"A40_001":"大分県","A40_002":"44","A40_003":"0.3m以上 〜 1m未満"},"geometry":{"type":"Polygon","coordinates":[[[131.21315,33.60722],[131.21326,33.60731],[131.21326,33.60722],[131.21315,33.60722]]]}},{"type":"Feature","properties":{"A40_001":"大分県","A40_002":"44","A40_003":"1m以上 〜 2m未満"},"geometry":{"type":"Polygon","coordinates":[[[131.2153,33.60721],[131.2152,33.60739],[131.21541,33.60739],[131.2153,33.60721]]]}},{"type":"Feature","properties":{"A40_001":"大分県","A40_002":"44","A40_003":"1m以上 〜 2m未満"},"geometry":{"type":"Polygon","coordinates":[[[131.21477,33.60721],[131.21466,33.60739],[131.21477,33.60739],[131.21477,33.60721]]]}},{"type":"Feature","properties":{"A40_001":"大分県","A40_002":"44","A40_003":"2m以上 〜 3m未満"},"geometry":{"type":"Polygon","coordinates":[[[131.21509,33.6073],[131.2152,33.60739],[131.2152,33.6073],[131.21509,33.6073]]]}},{"type":"Feature","properties":{"A40_001":"大分県","A40_002":"44","A40_003":"2m以上 〜 3m未満"},"geometry":{"type":"Polygon","coordinates":[[[131.21196,33.60704],[131.21207,33.60767],[131.2125,33.60785],[131.2124,33.60722],[131.21196,33.60704]]]}},{"type":"Feature","properties":{"A40_001":"大分県","A40_002":"44","A40_003":"1m以上 〜 2m未満"},"geometry":{"type":"Polygon","coordinates":[[[131.21509,33.60739],[131.2152,33.60748],[131.2152,33.60739],[131.21509,33.60739]]]}},{"type":"Feature","properties":{"A40_001":"大分県","A40_002":"44","A40_003":"2m以上 〜 3m未満"},"geometry":{"type":"Polygon","coordinates":[[[131.21466,33.60739],[131.21477,33.60748],[131.21477,33.60739],[131.21466,33.60739]]]}},{"type":"Feature","properties":{"A40_001":"大分県","A40_002":"44","A40_003":"0.3m未満"},"geometry":{"type":"Polygon","coordinates":[[[131.21358,33.60731],[131.21326,33.60767],[131.21358,33.60776],[131.21358,33.60731]]]}},{"type":"Feature","properties":{"A40_001":"大分県","A40_002":"44","A40_003":"1m以上 〜 2m未満"},"geometry":{"type":"Polygon","coordinates":[[[131.21466,33.60758],[131.21444,33.6074],[131.21444,33.60749],[131.21466,33.60758]]]}},{"type":"Feature","properties":{"A40_001":"大分県","A40_002":"44","A40_003":"0.3m以上 〜 1m未満"},"geometry":{"type":"Polygon","coordinates":[[[131.25237,33.60732],[131.25248,33.60741],[131.25248,33.60732],[131.25237,33.60732]]]}},{"type":"Feature","properties":{"A40_001":"大分県","A40_002":"44","A40_003":"0.3m未満"},"geometry":{"type":"Polygon","coordinates":[[[131.25173,33.60732],[131.25184,33.60741],[131.25184,33.60732],[131.25173,33.60732]]]}},{"type":"Feature","properties":{"A40_001":"大分県","A40_002":"44","A40_003":"1m以上 〜 2m未満"},"geometry":{"type":"Polygon","coordinates":[[[131.25043,33.60733],[131.25054,33.60742],[131.25054,33.60733],[131.25043,33.60733]]]}},{"type":"Feature","properties":{"A40_001":"大分県","A40_002":"44","A40_003":"0.3m以上 〜 1m未満"},"geometry":{"type":"Polygon","coordinates":[[[131.25367,33.60741],[131.25378,33.6075],[131.25378,33.60741],[131.25367,33.60741]]]}},{"type":"Feature","properties":{"A40_001":"大分県","A40_002":"44","A40_003":"0.3m以上 〜 1m未満"},"geometry":{"type":"Polygon","coordinates":[[[131.25227,33.60741],[131.25238,33.6075],[131.25237,33.60741],[131.25227,33.60741]]]}},{"type":"Feature","properties":{"A40_001":"大分県","A40_002":"44","A40_003":"0.3m以上 〜 1m未満"},"geometry":{"type":"Polygon","coordinates":[[[131.25184,33.60741],[131.25194,33.6075],[131.25194,33.60741],[131.25184,33.60741]]]}},{"type":"Feature","properties":{"A40_001":"大分県","A40_002":"44","A40_003":"0.3m以上 〜 1m未満"},"geometry":{"type":"Polygon","coordinates":[[[131.25022,33.60742],[131.25033,33.60751],[131.25033,33.60742],[131.25022,33.60742]]]}},{"type":"Feature","properties":{"A40_001":"大分県","A40_002":"44","A40_003":"0.3m以上 〜 1m未満"},"geometry":{"type":"Polygon","coordinates":[[[131.25378,33.6075],[131.25388,33.60759],[131.25388,33.6075],[131.25378,33.6075]]]}},{"type":"Feature","properties":{"A40_001":"大分県","A40_002":"44","A40_003":"1m以上 〜 2m未満"},"geometry":{"type":"Polygon","coordinates":[[[131.25216,33.6075],[131.25227,33.60759],[131.25227,33.6075],[131.25216,33.6075]]]}},{"type":"Feature","properties":{"A40_001":"大分県","A40_002":"44","A40_003":"0.3m未満"},"geometry":{"type":"Polygon","coordinates":[[[131.25194,33.6075],[131.25205,33.60759],[131.25205,33.6075],[131.25194,33.6075]]]}},{"type":"Feature","properties":{"A40_001":"大分県","A40_002":"44","A40_003":"1m以上 〜 2m未満"},"geometry":{"type":"Polygon","coordinates":[[[131.21067,33.6074],[131.21056,33.60758],[131.21067,33.60758],[131.21067,33.6074]]]}},{"type":"Feature","properties":{"A40_001":"大分県","A40_002":"44","A40_003":"2m以上 〜 3m未満"},"geometry":{"type":"Polygon","coordinates":[[[131.21531,33.60757],[131.21552,33.60748],[131.21531,33.60748],[131.21531,33.60757]]]}},{"type":"Feature","properties":{"A40_001":"大分県","A40_002":"44","A40_003":"0.3m未満"},"geometry":{"type":"Polygon","coordinates":[[[131.21466,33.60748],[131.21477,33.60757],[131.21477,33.60748],[131.21466,33.60748]]]}},{"type":"Feature","properties":{"A40_001":"大分県","A40_002":"44","A40_003":"2m以上 〜 3m未満"},"geometry":{"type":"Polygon","coordinates":[[[131.21444,33.60749],[131.21455,33.60758],[131.21455,33.60749],[131.21444,33.60749]]]}},{"type":"Feature","properties":{"A40_001":"大分県","A40_002":"44","A40_003":"0.3m以上 〜 1m未満"},"geometry":{"type":"Polygon","coordinates":[[[131.20884,33.60759],[131.20873,33.6075],[131.20873,33.60759],[131.20884,33.60759]]]}},{"type":"Feature","properties":{"A40_001":"大分県","A40_002":"44","A40_003":"2m以上 〜 3m未満"},"geometry":{"type":"Polygon","coordinates":[[[131.20722,33.60759],[131.20712,33.6075],[131.20712,33.60759],[131.20722,33.60759]]]}},{"type":"Feature","properties":{"A40_001":"大分県","A40_002":"44","A40_003":"2m以上 〜 3m未満"},"geometry":{"type":"Polygon","coordinates":[[[131.21143,33.60749],[131.21132,33.60767],[131.21143,33.60767],[131.21143,33.60749]]]}},{"type":"Feature","properties":{"A40_001":"大分県","A40_002":"44","A40_003":"0.3m以上 〜 1m未満"},"geometry":{"type":"Polygon","coordinates":[[[131.21531,33.60766],[131.21552,33.60757],[131.21531,33.60757],[131.21531,33.60766]]]}},{"type":"Feature","properties":{"A40_001":"大分県","A40_002":"44","A40_003":"1m以上 〜 2m未満"},"geometry":{"type":"Polygon","coordinates":[[[131.2152,33.60757],[131.21531,33.60766],[131.21531,33.60757],[131.2152,33.60757]]]}},{"type":"Feature","properties":{"A40_001":"大分県","A40_002":"44","A40_003":"0.3m未満"},"geometry":{"type":"Polygon","coordinates":[[[131.21498,33.60757],[131.21509,33.60766],[131.21509,33.60757],[131.21498,33.60757]]]}},{"type":"Feature","properties":{"A40_001":"大分県","A40_002":"44","A40_003":"0.3m以上 〜 1m未満"},"geometry":{"type":"Polygon","coordinates":[[[131.2028,33.60732],[131.20237,33.60751],[131.20281,33.60741],[131.2028,33.60732]]]}},{"type":"Feature","properties":{"A40_001":"大分県","A40_002":"44","A40_003":"2m以上 〜 3m未満"},"geometry":{"type":"Polygon","coordinates":[[[131.1833,33.60745],[131.18341,33.60754],[131.18341,33.60745],[131.1833,33.60745]]]}},{"type":"Feature","properties":{"A40_001":"大分県","A40_002":"44","A40_003":"1m以上 〜 2m未満"},"geometry":{"type":"Polygon","coordinates":[[[131.18319,33.60745],[131.1833,33.60754],[131.1833,33.60745],[131.18319,33.60745]]]}},{"type":"Feature","properties":{"A40_001":"大分県","A40_002":"44","A40_003":"0.3m以上 〜 1m未満"},"geometry":{"type":"Polygon","coordinates":[[[131.18309,33.60745],[131.18319,33.60754],[131.18319,33.60745],[131.18309,33.60745]]]}},{"type":"Feature","properties":{"A40_001":"大分県","A40_002":"44","A40_003":"0.3m未満"},"geometry":{"type":"Polygon","coordinates":[[[131.18298,33.60745],[131.18309,33.60754],[131.18309,33.60745],[131.18298,33.60745]]]}},{"type":"Feature","properties":{"A40_001":"大分県","A40_002":"44","A40_003":"0.3m未満"},"geometry":{"type":"Polygon","coordinates":[[[131.20572,33.60768],[131.20518,33.6075],[131.20518,33.60759],[131.20572,33.60768]]]}},{"type":"Feature","properties":{"A40_001":"大分県","A40_002":"44","A40_003":"0.3m未満"},"geometry":{"type":"Polygon","coordinates":[[[131.18362,33.60753],[131.18373,33.60762],[131.18373,33.60753],[131.18362,33.60753]]]}},{"type":"Feature","properties":{"A40_001":"大分県","A40_002":"44","A40_003":"1m以上 〜 2m未満"},"geometry":{"type":"Polygon","coordinates":[[[131.20496,33.60696],[131.20388,33.60741],[131.20464,33.60822],[131.20496,33.60822],[131.20528,33.60786],[131.20496,33.60696]],[[131.20431,33.60723],[131.20442,33.60732],[131.20431,33.60732],[131.20431,33.60723]],[[131.20464,33.60777],[131.20453,33.6075],[131.20475,33.6075],[131.20464,33.60777]],[[131.20475,33.60768],[131.20485,33.60777],[131.20475,33.60777],[131.20475,33.60768]],[[131.20453,33.60732],[131.20464,33.60741],[131.20453,33.60741],[131.20453,33.60732]],[[131.20475,33.60813],[131.20485,33.60804],[131.20485,33.60813],[131.20475,33.60813]],[[131.20485,33.60795],[131.20496,33.60786],[131.20496,33.60795],[131.20485,33.60795]]]}},{"type":"Feature","properties":{"A40_001":"大分県","A40_002":"44","A40_003":"0.3m未満"},"geometry":{"type":"Polygon","coordinates":[[[131.18395,33.60753],[131.18384,33.60771],[131.18395,33.60771],[131.18395,33.60753]]]}},{"type":"Feature","properties":{"A40_001":"大分県","A40_002":"44","A40_003":"0.3m未満"},"geometry":{"type":"Polygon","coordinates":[[[131.20615,33.60768],[131.20593,33.60759],[131.20593,33.60768],[131.20615,33.60768]]]}},{"type":"Feature","properties":{"A40_001":"大分県","A40_002":"44","A40_003":"1m以上 〜 2m未満"},"geometry":{"type":"Polygon","coordinates":[[[131.25184,33.60751],[131.25194,33.60759],[131.25194,33.6075],[131.25184,33.60751]]]}},{"type":"Feature","properties":{"A40_001":"大分県","A40_002":"44","A40_003":"1m以上 〜 2m未満"},"geometry":{"type":"Polygon","coordinates":[[[131.25022,33.60751],[131.25033,33.6076],[131.25033,33.60751],[131.25022,33.60751]]]}},{"type":"Feature","properties":{"A40_001":"大分県","A40_002":"44","A40_003":"0.3m以上 〜 1m未満"},"geometry":{"type":"Polygon","coordinates":[[[131.25011,33.60751],[131.25022,33.6076],[131.25022,33.60751],[131.25011,33.60751]]]}},{"type":"Feature","properties":{"A40_001":"大分県","A40_002":"44","A40_003":"0.3m未満"},"geometry":{"type":"Polygon","coordinates":[[[131.25388,33.60759],[131.25399,33.60768],[131.25399,33.60759],[131.25388,33.60759]]]}},{"type":"Feature","properties":{"A40_001":"大分県","A40_002":"44","A40_003":"0.3m以上 〜 1m未満"},"geometry":{"type":"Polygon","coordinates":[[[131.25205,33.60759],[131.25216,33.60768],[131.25216,33.60759],[131.25205,33.60759]]]}},{"type":"Feature","properties":{"A40_001":"大分県","A40_002":"44","A40_003":"1m以上 〜 2m未満"},"geometry":{"type":"Polygon","coordinates":[[[131.25011,33.6076],[131.25022,33.60769],[131.25022,33.6076],[131.25011,33.6076]]]}},{"type":"Feature","properties":{"A40_001":"大分県","A40_002":"44","A40_003":"0.3m未満"},"geometry":{"type":"Polygon","coordinates":[[[131.25,33.6076],[131.25011,33.60769],[131.25011,33.6076],[131.25,33.6076]]]}},{"type":"Feature","properties":{"A40_001":"大分県","A40_002":"44","A40_003":"0.3m以上 〜 1m未満"},"geometry":{"type":"Polygon","coordinates":[[[131.2416,33.60762],[131.24171,33.60771],[131.24171,33.60762],[131.2416,33.60762]]]}},{"type":"Feature","properties":{"A40_001":"大分県","A40_002":"44","A40_003":"2m以上 〜 3m未満"},"geometry":{"type":"Polygon","coordinates":[[[131.2583,33.60758],[131.2582,33.60785],[131.2583,33.60785],[131.2583,33.60758]]]}},{"type":"Feature","properties":{"A40_001":"大分県","A40_002":"44","A40_003":"0.3m以上 〜 1m未満"},"geometry":{"type":"Polygon","coordinates":[[[131.25399,33.60768],[131.2541,33.60777],[131.2541,33.60768],[131.25399,33.60768]]]}},{"type":"Feature","properties":{"A40_001":"大分県","A40_002":"44","A40_003":"0.3m以上 〜 1m未満"},"geometry":{"type":"Polygon","coordinates":[[[131.20528,33.60768],[131.20518,33.60759],[131.20518,33.60768],[131.20528,33.60768]]]}},{"type":"Feature","properties":{"A40_001":"大分県","A40_002":"44","A40_003":"0.3m以上 〜 1m未満"},"geometry":{"type":"Polygon","coordinates":[[[131.20475,33.6075],[131.20442,33.60777],[131.20464,33.60777],[131.20475,33.6075]]]}},{"type":"Feature","properties":{"A40_001":"大分県","A40_002":"44","A40_003":"1m以上 〜 2m未満"},"geometry":{"type":"Polygon","coordinates":[[[131.18427,33.60762],[131.18438,33.60771],[131.18438,33.60762],[131.18427,33.60762]]]}},{"type":"Feature","properties":{"A40_001":"大分県","A40_002":"44","A40_003":"1m以上 〜 2m未満"},"geometry":{"type":"Polygon","coordinates":[[[131.18395,33.60762],[131.18406,33.60771],[131.18406,33.60762],[131.18395,33.60762]]]}},{"type":"Feature","properties":{"A40_001":"大分県","A40_002":"44","A40_003":"0.3m未満"},"geometry":{"type":"Polygon","coordinates":[[[131.1805,33.60763],[131.18061,33.60772],[131.18061,33.60763],[131.1805,33.60763]]]}},{"type":"Feature","properties":{"A40_001":"大分県","A40_002":"44","A40_003":"0.3m未満"},"geometry":{"type":"Polygon","coordinates":[[[131.18427,33.60762],[131.18416,33.6078],[131.18427,33.6078],[131.18427,33.60762]]]}},{"type":"Feature","properties":{"A40_001":"大分県","A40_002":"44","A40_003":"0.3m以上 〜 1m未満"},"geometry":{"type":"Polygon","coordinates":[[[131.20636,33.60786],[131.20593,33.60768],[131.20593,33.60777],[131.20636,33.60786]]]}},{"type":"Feature","properties":{"A40_001":"大分県","A40_002":"44","A40_003":"0.3m以上 〜 1m未満"},"geometry":{"type":"Polygon","coordinates":[[[131.20485,33.60777],[131.20475,33.60768],[131.20475,33.60777],[131.20485,33.60777]]]}},{"type":"Feature","properties":{"A40_001":"大分県","A40_002":"44","A40_003":"0.3m以上 〜 1m未満"},"geometry":{"type":"Polygon","coordinates":[[[131.1874,33.60771],[131.1875,33.6078],[131.1875,33.60771],[131.1874,33.60771]]]}},{"type":"Feature","properties":{"A40_001":"大分県","A40_002":"44","A40_003":"1m以上 〜 2m未満"},"geometry":{"type":"Polygon","coordinates":[[[131.18449,33.6078],[131.1847,33.60771],[131.18449,33.60771],[131.18449,33.6078]]]}},{"type":"Feature","properties":{"A40_001":"大分県","A40_002":"44","A40_003":"0.3m以上 〜 1m未満"},"geometry":{"type":"Polygon","coordinates":[[[131.21444,33.60758],[131.21455,33.60767],[131.21455,33.60758],[131.21444,33.60758]]]}},{"type":"Feature","properties":{"A40_001":"大分県","A40_002":"44","A40_003":"2m以上 〜 3m未満"},"geometry":{"type":"Polygon","coordinates":[[[131.20733,33.60768],[131.20722,33.60759],[131.20722,33.60768],[131.20733,33.60768]]]}},{"type":"Feature","properties":{"A40_001":"大分県","A40_002":"44","A40_003":"0.3m未満"},"geometry":{"type":"Polygon","coordinates":[[[131.21466,33.60758],[131.21455,33.60776],[131.21466,33.60776],[131.21466,33.60758]]]}},{"type":"Feature","properties":{"A40_001":"大分県","A40_002":"44","A40_003":"1m以上 〜 2m未満"},"geometry":{"type":"Polygon","coordinates":[[[131.21444,33.60758],[131.21434,33.60776],[131.21444,33.60776],[131.21444,33.60758]]]}},{"type":"Feature","properties":{"A40_001":"大分県","A40_002":"44","A40_003":"2m以上 〜 3m未満"},"geometry":{"type":"Polygon","coordinates":[[[131.21541,33.60766],[131.21563,33.60775],[131.21563,33.60766],[131.21541,33.60766]]]}},{"type":"Feature","properties":{"A40_001":"大分県","A40_002":"44","A40_003":"1m以上 〜 2m未満"},"geometry":{"type":"Polygon","coordinates":[[[131.21531,33.60766],[131.21541,33.60775],[131.21541,33.60766],[131.21531,33.60766]]]}},{"type":"Feature","properties":{"A40_001":"大分県","A40_002":"44","A40_003":"0.3m未満"},"geometry":{"type":"Polygon","coordinates":[[[131.21509,33.60766],[131.2152,33.60775],[131.2152,33.60766],[131.21509,33.60766]]]}},{"type":"Feature","properties":{"A40_001":"大分県","A40_002":"44","A40_003":"0.3m以上 〜 1m未満"},"geometry":{"type":"Polygon","coordinates":[[[131.21423,33.60767],[131.21434,33.60776],[131.21434,33.60767],[131.21423,33.60767]]]}},{"type":"Feature","properties":{"A40_001":"大分県","A40_002":"44","A40_003":"2m以上 〜 3m未満"},"geometry":{"type":"Polygon","coordinates":[[[131.21143,33.60767],[131.21153,33.60776],[131.21153,33.60767],[131.21143,33.60767]]]}},{"type":"Feature","properties":{"A40_001":"大分県","A40_002":"44","A40_003":"1m以上 〜 2m未満"},"geometry":{"type":"Polygon","coordinates":[[[131.21541,33.60775],[131.21563,33.60784],[131.21563,33.60775],[131.21541,33.60775]]]}},{"type":"Feature","properties":{"A40_001":"大分県","A40_002":"44","A40_003":"0.3m以上 〜 1m未満"},"geometry":{"type":"Polygon","coordinates":[[[131.20539,33.60786],[131.20528,33.60768],[131.20528,33.60786],[131.20539,33.60786]]]}},{"type":"Feature","properties":{"A40_001":"大分県","A40_002":"44","A40_003":"0.3m以上 〜 1m未満"},"geometry":{"type":"Polygon","coordinates":[[[131.18449,33.60771],[131.18438,33.60789],[131.18449,33.60789],[131.18449,33.60771]]]}},{"type":"Feature","properties":{"A40_001":"大分県","A40_002":"44","A40_003":"0.3m以上 〜 1m未満"},"geometry":{"type":"Polygon","coordinates":[[[131.20593,33.60786],[131.20582,33.60777],[131.20582,33.60786],[131.20593,33.60786]]]}},{"type":"Feature","properties":{"A40_001":"大分県","A40_002":"44","A40_003":"0.3m未満"},"geometry":{"type":"Polygon","coordinates":[[[131.20582,33.60777],[131.20561,33.60786],[131.20582,33.60786],[131.20582,33.60777]]]}},{"type":"Feature","properties":{"A40_001":"大分県","A40_002":"44","A40_003":"0.3m以上 〜 1m未満"},"geometry":{"type":"Polygon","coordinates":[[[131.20561,33.60786],[131.2055,33.60777],[131.2055,33.60786],[131.20561,33.60786]]]}},{"type":"Feature","properties":{"A40_001":"大分県","A40_002":"44","A40_003":"1m以上 〜 2m未満"},"geometry":{"type":"Polygon","coordinates":[[[131.20421,33.60786],[131.2041,33.60777],[131.2041,33.60786],[131.20421,33.60786]]]}},{"type":"Feature","properties":{"A40_001":"大分県","A40_002":"44","A40_003":"1m以上 〜 2m未満"},"geometry":{"type":"Polygon","coordinates":[[[131.1847,33.60798],[131.18492,33.6078],[131.1847,33.6078],[131.1847,33.60798]]]}},{"type":"Feature","properties":{"A40_001":"大分県","A40_002":"44","A40_003":"0.3m未満"},"geometry":{"type":"Polygon","coordinates":[[[131.1847,33.6078],[131.18459,33.60798],[131.1847,33.60798],[131.1847,33.6078]]]}},{"type":"Feature","properties":{"A40_001":"大分県","A40_002":"44","A40_003":"0.3m以上 〜 1m未満"},"geometry":{"type":"Polygon","coordinates":[[[131.20647,33.60795],[131.20636,33.60786],[131.20636,33.60795],[131.20647,33.60795]]]}},{"type":"Feature","properties":{"A40_001":"大分県","A40_002":"44","A40_003":"0.3m以上 〜 1m未満"},"geometry":{"type":"Polygon","coordinates":[[[131.20582,33.60795],[131.20561,33.60786],[131.20561,33.60795],[131.20582,33.60795]]]}},{"type":"Feature","properties":{"A40_001":"大分県","A40_002":"44","A40_003":"0.3m以上 〜 1m未満"},"geometry":{"type":"Polygon","coordinates":[[[131.21434,33.60776],[131.21444,33.60785],[131.21444,33.60776],[131.21434,33.60776]]]}},{"type":"Feature","properties":{"A40_001":"大分県","A40_002":"44","A40_003":"2m以上 〜 3m未満"},"geometry":{"type":"Polygon","coordinates":[[[131.21423,33.60776],[131.21434,33.60785],[131.21434,33.60776],[131.21423,33.60776]]]}},{"type":"Feature","properties":{"A40_001":"大分県","A40_002":"44","A40_003":"0.3m以上 〜 1m未満"},"geometry":{"type":"Polygon","coordinates":[[[131.21412,33.60776],[131.21423,33.60785],[131.21423,33.60776],[131.21412,33.60776]]]}},{"type":"Feature","properties":{"A40_001":"大分県","A40_002":"44","A40_003":"2m以上 〜 3m未満"},"geometry":{"type":"Polygon","coordinates":[[[131.21401,33.60776],[131.21412,33.60785],[131.21412,33.60776],[131.21401,33.60776]]]}},{"type":"Feature","properties":{"A40_001":"大分県","A40_002":"44","A40_003":"2m以上 〜 3m未満"},"geometry":{"type":"Polygon","coordinates":[[[131.20992,33.60776],[131.21003,33.60785],[131.21003,33.60776],[131.20992,33.60776]]]}},{"type":"Feature","properties":{"A40_001":"大分県","A40_002":"44","A40_003":"2m以上 〜 3m未満"},"geometry":{"type":"Polygon","coordinates":[[[131.20776,33.60768],[131.20755,33.60804],[131.20787,33.60795],[131.20776,33.60768]]]}},{"type":"Feature","properties":{"A40_001":"大分県","A40_002":"44","A40_003":"2m以上 〜 3m未満"},"geometry":{"type":"Polygon","coordinates":[[[131.21552,33.60784],[131.21574,33.60793],[131.21574,33.60784],[131.21552,33.60784]]]}},{"type":"Feature","properties":{"A40_001":"大分県","A40_002":"44","A40_003":"0.3m以上 〜 1m未満"},"geometry":{"type":"Polygon","coordinates":[[[131.2152,33.60775],[131.21541,33.60811],[131.21552,33.60811],[131.21552,33.60784],[131.2152,33.60775]]]}},{"type":"Feature","properties":{"A40_001":"大分県","A40_002":"44","A40_003":"0.3m未満"},"geometry":{"type":"Polygon","coordinates":[[[131.21434,33.60785],[131.21444,33.60794],[131.21444,33.60785],[131.21434,33.60785]]]}},{"type":"Feature","properties":{"A40_001":"大分県","A40_002":"44","A40_003":"0.3m以上 〜 1m未満"},"geometry":{"type":"Polygon","coordinates":[[[131.21423,33.60785],[131.21434,33.60794],[131.21434,33.60785],[131.21423,33.60785]]]}},{"type":"Feature","properties":{"A40_001":"大分県","A40_002":"44","A40_003":"1m以上 〜 2m未満"},"geometry":{"type":"Polygon","coordinates":[[[131.21412,33.60785],[131.21423,33.60794],[131.21423,33.60785],[131.21412,33.60785]]]}},{"type":"Feature","properties":{"A40_001":"大分県","A40_002":"44","A40_003":"3m以上 〜 4m未満"},"geometry":{"type":"Polygon","coordinates":[[[131.21401,33.60785],[131.21412,33.60794],[131.21412,33.60785],[131.21401,33.60785]]]}},{"type":"Feature","properties":{"A40_001":"大分県","A40_002":"44","A40_003":"2m以上 〜 3m未満"},"geometry":{"type":"Polygon","coordinates":[[[131.21391,33.60785],[131.21401,33.60794],[131.21401,33.60785],[131.21391,33.60785]]]}},{"type":"Feature","properties":{"A40_001":"大分県","A40_002":"44","A40_003":"2m以上 〜 3m未満"},"geometry":{"type":"Polygon","coordinates":[[[131.21218,33.60785],[131.21229,33.60794],[131.21229,33.60785],[131.21218,33.60785]]]}},{"type":"Feature","properties":{"A40_001":"大分県","A40_002":"44","A40_003":"2m以上 〜 3m未満"},"geometry":{"type":"Polygon","coordinates":[[[131.20884,33.60876],[131.20787,33.60822],[131.20852,33.60903],[131.20981,33.60858],[131.2111,33.60767],[131.21013,33.60686],[131.2097,33.60731],[131.21024,33.6074],[131.21046,33.60803],[131.20992,33.60821],[131.20949,33.60758],[131.20884,33.60759],[131.20809,33.60804],[131.20884,33.60876]],[[131.21056,33.6074],[131.21067,33.60758],[131.21056,33.60758],[131.21056,33.6074]]]}},{"type":"Feature","properties":{"A40_001":"大分県","A40_002":"44","A40_003":"0.3m未満"},"geometry":{"type":"Polygon","coordinates":[[[131.21531,33.60793],[131.21541,33.60802],[131.21541,33.60793],[131.21531,33.60793]]]}},{"type":"Feature","properties":{"A40_001":"大分県","A40_002":"44","A40_003":"0.3m未満"},"geometry":{"type":"Polygon","coordinates":[[[131.21423,33.60794],[131.21434,33.60803],[131.21434,33.60794],[131.21423,33.60794]]]}},{"type":"Feature","properties":{"A40_001":"大分県","A40_002":"44","A40_003":"1m以上 〜 2m未満"},"geometry":{"type":"Polygon","coordinates":[[[131.21401,33.60794],[131.21412,33.60803],[131.21412,33.60794],[131.21401,33.60794]]]}},{"type":"Feature","properties":{"A40_001":"大分県","A40_002":"44","A40_003":"0.3m以上 〜 1m未満"},"geometry":{"type":"Polygon","coordinates":[[[131.21304,33.60731],[131.21164,33.60875],[131.21348,33.60812],[131.21391,33.60776],[131.21369,33.60713],[131.21358,33.60776],[131.21304,33.60731]]]}},{"type":"Feature","properties":{"A40_001":"大分県","A40_002":"44","A40_003":"2m以上 〜 3m未満"},"geometry":{"type":"Polygon","coordinates":[[[131.21207,33.60794],[131.21218,33.60803],[131.21218,33.60794],[131.21207,33.60794]]]}},{"type":"Feature","properties":{"A40_001":"大分県","A40_002":"44","A40_003":"1m以上 〜 2m未満"},"geometry":{"type":"Polygon","coordinates":[[[131.20561,33.60795],[131.2055,33.60786],[131.2055,33.60795],[131.20561,33.60795]]]}},{"type":"Feature","properties":{"A40_001":"大分県","A40_002":"44","A40_003":"0.3m以上 〜 1m未満"},"geometry":{"type":"Polygon","coordinates":[[[131.20528,33.60795],[131.20518,33.60786],[131.20518,33.60795],[131.20528,33.60795]]]}},{"type":"Feature","properties":{"A40_001":"大分県","A40_002":"44","A40_003":"0.3m以上 〜 1m未満"},"geometry":{"type":"Polygon","coordinates":[[[131.20496,33.60795],[131.20485,33.60786],[131.20485,33.60795],[131.20496,33.60795]]]}},{"type":"Feature","properties":{"A40_001":"大分県","A40_002":"44","A40_003":"1m以上 〜 2m未満"},"geometry":{"type":"Polygon","coordinates":[[[131.20432,33.60795],[131.20421,33.60786],[131.20421,33.60795],[131.20432,33.60795]]]}},{"type":"Feature","properties":{"A40_001":"大分県","A40_002":"44","A40_003":"1m以上 〜 2m未満"},"geometry":{"type":"Polygon","coordinates":[[[131.20302,33.60796],[131.20291,33.60787],[131.20291,33.60796],[131.20302,33.60796]]]}},{"type":"Feature","properties":{"A40_001":"大分県","A40_002":"44","A40_003":"0.3m以上 〜 1m未満"},"geometry":{"type":"Polygon","coordinates":[[[131.20291,33.60796],[131.20281,33.60787],[131.20281,33.60796],[131.20291,33.60796]]]}},{"type":"Feature","properties":{"A40_001":"大分県","A40_002":"44","A40_003":"0.3m以上 〜 1m未満"},"geometry":{"type":"Polygon","coordinates":[[[131.18503,33.60789],[131.18513,33.60798],[131.18513,33.60789],[131.18503,33.60789]]]}},{"type":"Feature","properties":{"A40_001":"大分県","A40_002":"44","A40_003":"0.3m以上 〜 1m未満"},"geometry":{"type":"Polygon","coordinates":[[[131.20561,33.60804],[131.2055,33.60795],[131.2055,33.60804],[131.20561,33.60804]]]}},{"type":"Feature","properties":{"A40_001":"大分県","A40_002":"44","A40_003":"0.3m未満"},"geometry":{"type":"Polygon","coordinates":[[[131.2055,33.60804],[131.20539,33.60795],[131.20539,33.60804],[131.2055,33.60804]]]}},{"type":"Feature","properties":{"A40_001":"大分県","A40_002":"44","A40_003":"1m以上 〜 2m未満"},"geometry":{"type":"Polygon","coordinates":[[[131.20291,33.60805],[131.20281,33.60796],[131.20281,33.60805],[131.20291,33.60805]]]}},{"type":"Feature","properties":{"A40_001":"大分県","A40_002":"44","A40_003":"0.3m未満"},"geometry":{"type":"Polygon","coordinates":[[[131.2416,33.60771],[131.24171,33.6078],[131.24171,33.60771],[131.2416,33.60771]]]}},{"type":"Feature","properties":{"A40_001":"大分県","A40_002":"44","A40_003":"1m以上 〜 2m未満"},"geometry":{"type":"Polygon","coordinates":[[[131.24979,33.60778],[131.2499,33.60787],[131.2499,33.60778],[131.24979,33.60778]]]}},{"type":"Feature","properties":{"A40_001":"大分県","A40_002":"44","A40_003":"0.3m未満"},"geometry":{"type":"Polygon","coordinates":[[[131.24171,33.6078],[131.24192,33.60789],[131.24192,33.6078],[131.24171,33.6078]]]}},{"type":"Feature","properties":{"A40_001":"大分県","A40_002":"44","A40_003":"0.3m未満"},"geometry":{"type":"Polygon","coordinates":[[[131.24214,33.60789],[131.24225,33.60798],[131.24225,33.60788],[131.24214,33.60789]]]}},{"type":"Feature","properties":{"A40_001":"大分県","A40_002":"44","A40_003":"0.3m以上 〜 1m未満"},"geometry":{"type":"Polygon","coordinates":[[[131.24936,33.60805],[131.24947,33.60814],[131.24947,33.60805],[131.24936,33.60805]]]}},{"type":"Feature","properties":{"A40_001":"大分県","A40_002":"44","A40_003":"0.3m以上 〜 1m未満"},"geometry":{"type":"Polygon","coordinates":[[[131.24236,33.60806],[131.24246,33.60815],[131.24246,33.60806],[131.24236,33.60806]]]}},{"type":"Feature","properties":{"A40_001":"大分県","A40_002":"44","A40_003":"0.3m未満"},"geometry":{"type":"Polygon","coordinates":[[[131.2582,33.60812],[131.2583,33.60821],[131.2583,33.60812],[131.2582,33.60812]]]}},{"type":"Feature","properties":{"A40_001":"大分県","A40_002":"44","A40_003":"0.3m以上 〜 1m未満"},"geometry":{"type":"Polygon","coordinates":[[[131.24925,33.60814],[131.24936,33.60823],[131.24936,33.60814],[131.24925,33.60814]]]}},{"type":"Feature","properties":{"A40_001":"大分県","A40_002":"44","A40_003":"0.3m未満"},"geometry":{"type":"Polygon","coordinates":[[[131.24246,33.60815],[131.24257,33.60824],[131.24257,33.60815],[131.24246,33.60815]]]}},{"type":"Feature","properties":{"A40_001":"大分県","A40_002":"44","A40_003":"2m以上 〜 3m未満"},"geometry":{"type":"Polygon","coordinates":[[[131.25453,33.60813],[131.25442,33.60831],[131.25453,33.60831],[131.25453,33.60813]]]}},{"type":"Feature","properties":{"A40_001":"大分県","A40_002":"44","A40_003":"2m以上 〜 3m未満"},"geometry":{"type":"Polygon","coordinates":[[[131.21164,33.60794],[131.21175,33.60803],[131.21175,33.60794],[131.21164,33.60794]]]}},{"type":"Feature","properties":{"A40_001":"大分県","A40_002":"44","A40_003":"0.3m以上 〜 1m未満"},"geometry":{"type":"Polygon","coordinates":[[[131.20658,33.60804],[131.20647,33.60795],[131.20647,33.60804],[131.20658,33.60804]]]}},{"type":"Feature","properties":{"A40_001":"大分県","A40_002":"44","A40_003":"1m以上 〜 2m未満"},"geometry":{"type":"Polygon","coordinates":[[[131.21552,33.60793],[131.21563,33.60811],[131.21585,33.60793],[131.21552,33.60793]]]}},{"type":"Feature","properties":{"A40_001":"大分県","A40_002":"44","A40_003":"0.3m以上 〜 1m未満"},"geometry":{"type":"Polygon","coordinates":[[[131.21401,33.60794],[131.21391,33.60812],[131.21401,33.60812],[131.21401,33.60794]]]}},{"type":"Feature","properties":{"A40_001":"大分県","A40_002":"44","A40_003":"2m以上 〜 3m未満"},"geometry":{"type":"Polygon","coordinates":[[[131.21563,33.60811],[131.21585,33.60802],[131.21563,33.60802],[131.21563,33.60811]]]}},{"type":"Feature","properties":{"A40_001":"大分県","A40_002":"44","A40_003":"2m以上 〜 3m未満"},"geometry":{"type":"Polygon","coordinates":[[[131.21369,33.60812],[131.21391,33.60803],[131.21369,33.60803],[131.21369,33.60812]]]}},{"type":"Feature","properties":{"A40_001":"大分県","A40_002":"44","A40_003":"2m以上 〜 3m未満"},"geometry":{"type":"Polygon","coordinates":[[[131.21197,33.60803],[131.21207,33.60812],[131.21207,33.60803],[131.21197,33.60803]]]}},{"type":"Feature","properties":{"A40_001":"大分県","A40_002":"44","A40_003":"2m以上 〜 3m未満"},"geometry":{"type":"Polygon","coordinates":[[[131.21175,33.60803],[131.21186,33.60812],[131.21186,33.60803],[131.21175,33.60803]]]}},{"type":"Feature","properties":{"A40_001":"大分県","A40_002":"44","A40_003":"2m以上 〜 3m未満"},"geometry":{"type":"Polygon","coordinates":[[[131.20755,33.60822],[131.20744,33.60804],[131.20744,33.60822],[131.20755,33.60822]]]}},{"type":"Feature","properties":{"A40_001":"大分県","A40_002":"44","A40_003":"0.3m未満"},"geometry":{"type":"Polygon","coordinates":[[[131.21541,33.60811],[131.21552,33.6082],[131.21552,33.60811],[131.21541,33.60811]]]}},{"type":"Feature","properties":{"A40_001":"大分県","A40_002":"44","A40_003":"1m以上 〜 2m未満"},"geometry":{"type":"Polygon","coordinates":[[[131.18524,33.60798],[131.18535,33.60807],[131.18535,33.60798],[131.18524,33.60798]]]}},{"type":"Feature","properties":{"A40_001":"大分県","A40_002":"44","A40_003":"0.3m以上 〜 1m未満"},"geometry":{"type":"Polygon","coordinates":[[[131.20518,33.60813],[131.20507,33.60795],[131.20507,33.60813],[131.20518,33.60813]]]}},{"type":"Feature","properties":{"A40_001":"大分県","A40_002":"44","A40_003":"0.3m以上 〜 1m未満"},"geometry":{"type":"Polygon","coordinates":[[[131.18524,33.60798],[131.18513,33.60816],[131.18524,33.60816],[131.18524,33.60798]]]}},{"type":"Feature","properties":{"A40_001":"大分県","A40_002":"44","A40_003":"0.3m以上 〜 1m未満"},"geometry":{"type":"Polygon","coordinates":[[[131.2055,33.60813],[131.20539,33.60804],[131.20539,33.60813],[131.2055,33.60813]]]}},{"type":"Feature","properties":{"A40_001":"大分県","A40_002":"44","A40_003":"0.3m以上 〜 1m未満"},"geometry":{"type":"Polygon","coordinates":[[[131.20485,33.60813],[131.20475,33.60804],[131.20475,33.60813],[131.20485,33.60813]]]}},{"type":"Feature","properties":{"A40_001":"大分県","A40_002":"44","A40_003":"1m以上 〜 2m未満"},"geometry":{"type":"Polygon","coordinates":[[[131.20432,33.60813],[131.20421,33.60804],[131.20421,33.60813],[131.20432,33.60813]]]}},{"type":"Feature","properties":{"A40_001":"大分県","A40_002":"44","A40_003":"0.3m未満"},"geometry":{"type":"Polygon","coordinates":[[[131.20539,33.60822],[131.20529,33.60804],[131.20529,33.60822],[131.20539,33.60822]]]}},{"type":"Feature","properties":{"A40_001":"大分県","A40_002":"44","A40_003":"0.3m以上 〜 1m未満"},"geometry":{"type":"Polygon","coordinates":[[[131.18556,33.60807],[131.18546,33.60825],[131.18557,33.60825],[131.18556,33.60807]]]}},{"type":"Feature","properties":{"A40_001":"大分県","A40_002":"44","A40_003":"0.3m未満"},"geometry":{"type":"Polygon","coordinates":[[[131.18546,33.60807],[131.18535,33.60825],[131.18546,33.60825],[131.18546,33.60807]]]}},{"type":"Feature","properties":{"A40_001":"大分県","A40_002":"44","A40_003":"1m以上 〜 2m未満"},"geometry":{"type":"Polygon","coordinates":[[[131.2041,33.60822],[131.20399,33.60813],[131.20399,33.60822],[131.2041,33.60822]]]}},{"type":"Feature","properties":{"A40_001":"大分県","A40_002":"44","A40_003":"0.3m以上 〜 1m未満"},"geometry":{"type":"Polygon","coordinates":[[[131.2138,33.60812],[131.21391,33.60821],[131.21391,33.60812],[131.2138,33.60812]]]}},{"type":"Feature","properties":{"A40_001":"大分県","A40_002":"44","A40_003":"0.3m以上 〜 1m未満"},"geometry":{"type":"Polygon","coordinates":[[[131.20669,33.60822],[131.20658,33.60813],[131.20658,33.60822],[131.20669,33.60822]]]}},{"type":"Feature","properties":{"A40_001":"大分県","A40_002":"44","A40_003":"1m以上 〜 2m未満"},"geometry":{"type":"Polygon","coordinates":[[[131.21595,33.60811],[131.21585,33.6082],[131.21595,33.60829],[131.21595,33.60811]]]}},{"type":"Feature","properties":{"A40_001":"大分県","A40_002":"44","A40_003":"0.3m以上 〜 1m未満"},"geometry":{"type":"Polygon","coordinates":[[[131.21498,33.60757],[131.21412,33.6083],[131.21445,33.60866],[131.2152,33.60839],[131.21499,33.60866],[131.21574,33.60893],[131.21585,33.6082],[131.21531,33.60821],[131.21498,33.60757]],[[131.21542,33.60839],[131.21552,33.60857],[131.21542,33.60857],[131.21542,33.60839]]]}},{"type":"Feature","properties":{"A40_001":"大分県","A40_002":"44","A40_003":"0.3m以上 〜 1m未満"},"geometry":{"type":"Polygon","coordinates":[[[131.21348,33.60821],[131.21358,33.6083],[131.21358,33.60821],[131.21348,33.60821]]]}},{"type":"Feature","properties":{"A40_001":"大分県","A40_002":"44","A40_003":"0.3m以上 〜 1m未満"},"geometry":{"type":"Polygon","coordinates":[[[131.20679,33.60831],[131.20669,33.60822],[131.20669,33.60831],[131.20679,33.60831]]]}},{"type":"Feature","properties":{"A40_001":"大分県","A40_002":"44","A40_003":"2m以上 〜 3m未満"},"geometry":{"type":"Polygon","coordinates":[[[131.21585,33.60829],[131.21606,33.60838],[131.21606,33.60829],[131.21585,33.60829]]]}},{"type":"Feature","properties":{"A40_001":"大分県","A40_002":"44","A40_003":"1m以上 〜 2m未満"},"geometry":{"type":"Polygon","coordinates":[[[131.21574,33.60829],[131.21585,33.60838],[131.21585,33.60829],[131.21574,33.60829]]]}},{"type":"Feature","properties":{"A40_001":"大分県","A40_002":"44","A40_003":"0.3m以上 〜 1m未満"},"geometry":{"type":"Polygon","coordinates":[[[131.21358,33.6083],[131.21369,33.60839],[131.21369,33.6083],[131.21358,33.6083]]]}},{"type":"Feature","properties":{"A40_001":"大分県","A40_002":"44","A40_003":"1m以上 〜 2m未満"},"geometry":{"type":"Polygon","coordinates":[[[131.21348,33.6083],[131.21358,33.60839],[131.21358,33.6083],[131.21348,33.6083]]]}},{"type":"Feature","properties":{"A40_001":"大分県","A40_002":"44","A40_003":"0.3m未満"},"geometry":{"type":"Polygon","coordinates":[[[131.18826,33.60825],[131.18815,33.60816],[131.18815,33.60825],[131.18826,33.60825]]]}},{"type":"Feature","properties":{"A40_001":"大分県","A40_002":"44","A40_003":"0.3m以上 〜 1m未満"},"geometry":{"type":"Polygon","coordinates":[[[131.18567,33.60816],[131.18578,33.60825],[131.18578,33.60816],[131.18567,33.60816]]]}},{"type":"Feature","properties":{"A40_001":"大分県","A40_002":"44","A40_003":"0.3m未満"},"geometry":{"type":"Polygon","coordinates":[[[131.18082,33.60817],[131.18093,33.60826],[131.18093,33.60817],[131.18082,33.60817]]]}},{"type":"Feature","properties":{"A40_001":"大分県","A40_002":"44","A40_003":"0.3m未満"},"geometry":{"type":"Polygon","coordinates":[[[131.20518,33.6084],[131.20507,33.60813],[131.20507,33.6084],[131.20518,33.6084]]]}},{"type":"Feature","properties":{"A40_001":"大分県","A40_002":"44","A40_003":"0.3m以上 〜 1m未満"},"geometry":{"type":"Polygon","coordinates":[[[131.20539,33.60822],[131.20518,33.6084],[131.20539,33.60831],[131.20539,33.60822]]]}},{"type":"Feature","properties":{"A40_001":"大分県","A40_002":"44","A40_003":"0.3m以上 〜 1m未満"},"geometry":{"type":"Polygon","coordinates":[[[131.18589,33.60825],[131.18578,33.60843],[131.18589,33.60843],[131.18589,33.60825]]]}},{"type":"Feature","properties":{"A40_001":"大分県","A40_002":"44","A40_003":"1m以上 〜 2m未満"},"geometry":{"type":"Polygon","coordinates":[[[131.20367,33.60841],[131.20356,33.60832],[131.20356,33.60841],[131.20367,33.60841]]]}},{"type":"Feature","properties":{"A40_001":"大分県","A40_002":"44","A40_003":"1m以上 〜 2m未満"},"geometry":{"type":"Polygon","coordinates":[[[131.20324,33.60841],[131.20313,33.60832],[131.20313,33.60841],[131.20324,33.60841]]]}},{"type":"Feature","properties":{"A40_001":"大分県","A40_002":"44","A40_003":"0.3m未満"},"geometry":{"type":"Polygon","coordinates":[[[131.18858,33.60843],[131.18848,33.60834],[131.18848,33.60843],[131.18858,33.60843]]]}},{"type":"Feature","properties":{"A40_001":"大分県","A40_002":"44","A40_003":"0.3m未満"},"geometry":{"type":"Polygon","coordinates":[[[131.20485,33.60831],[131.20464,33.6084],[131.20486,33.60858],[131.20485,33.60831]]]}},{"type":"Feature","properties":{"A40_001":"大分県","A40_002":"44","A40_003":"0.3m以上 〜 1m未満"},"geometry":{"type":"Polygon","coordinates":[[[131.2582,33.60821],[131.2583,33.6083],[131.2583,33.60821],[131.2582,33.60821]]]}},{"type":"Feature","properties":{"A40_001":"大分県","A40_002":"44","A40_003":"0.3m以上 〜 1m未満"},"geometry":{"type":"Polygon","coordinates":[[[131.24914,33.60823],[131.24925,33.60832],[131.24925,33.60823],[131.24914,33.60823]]]}},{"type":"Feature","properties":{"A40_001":"大分県","A40_002":"44","A40_003":"0.3m以上 〜 1m未満"},"geometry":{"type":"Polygon","coordinates":[[[131.24257,33.60824],[131.24268,33.60833],[131.24268,33.60824],[131.24257,33.60824]]]}},{"type":"Feature","properties":{"A40_001":"大分県","A40_002":"44","A40_003":"2m以上 〜 3m未満"},"geometry":{"type":"Polygon","coordinates":[[[131.23891,33.60816],[131.2388,33.60852],[131.23891,33.60852],[131.23891,33.60816]]]}},{"type":"Feature","properties":{"A40_001":"大分県","A40_002":"44","A40_003":"0.3m未満"},"geometry":{"type":"Polygon","coordinates":[[[131.25442,33.60831],[131.25453,33.6084],[131.25453,33.60831],[131.25442,33.60831]]]}},{"type":"Feature","properties":{"A40_001":"大分県","A40_002":"44","A40_003":"0.3m以上 〜 1m未満"},"geometry":{"type":"Polygon","coordinates":[[[131.24904,33.60832],[131.24914,33.60841],[131.24914,33.60832],[131.24904,33.60832]]]}},{"type":"Feature","properties":{"A40_001":"大分県","A40_002":"44","A40_003":"0.3m未満"},"geometry":{"type":"Polygon","coordinates":[[[131.24257,33.60834],[131.24279,33.60842],[131.24279,33.60833],[131.24257,33.60834]]]}},{"type":"Feature","properties":{"A40_001":"大分県","A40_002":"44","A40_003":"0.3m未満"},"geometry":{"type":"Polygon","coordinates":[[[131.24279,33.60842],[131.2429,33.60851],[131.24289,33.60842],[131.24279,33.60842]]]}},{"type":"Feature","properties":{"A40_001":"大分県","A40_002":"44","A40_003":"0.3m以上 〜 1m未満"},"geometry":{"type":"Polygon","coordinates":[[[131.24871,33.60859],[131.24893,33.6085],[131.24871,33.6085],[131.24871,33.60859]]]}},{"type":"Feature","properties":{"A40_001":"大分県","A40_002":"44","A40_003":"2m以上 〜 3m未満"},"geometry":{"type":"Polygon","coordinates":[[[131.24279,33.60851],[131.2429,33.6086],[131.2429,33.60851],[131.24279,33.60851]]]}},{"type":"Feature","properties":{"A40_001":"大分県","A40_002":"44","A40_003":"2m以上 〜 3m未満"},"geometry":{"type":"Polygon","coordinates":[[[131.21337,33.6083],[131.21348,33.60839],[131.21348,33.6083],[131.21337,33.6083]]]}},{"type":"Feature","properties":{"A40_001":"大分県","A40_002":"44","A40_003":"1m以上 〜 2m未満"},"geometry":{"type":"Polygon","coordinates":[[[131.20809,33.6084],[131.20798,33.60831],[131.20798,33.6084],[131.20809,33.6084]]]}},{"type":"Feature","properties":{"A40_001":"大分県","A40_002":"44","A40_003":"2m以上 〜 3m未満"},"geometry":{"type":"Polygon","coordinates":[[[131.2083,33.60849],[131.20809,33.60831],[131.20809,33.6084],[131.2083,33.60849]]]}},{"type":"Feature","properties":{"A40_001":"大分県","A40_002":"44","A40_003":"0.3m以上 〜 1m未満"},"geometry":{"type":"Polygon","coordinates":[[[131.20776,33.60849],[131.20755,33.60831],[131.20755,33.6084],[131.20776,33.60849]]]}},{"type":"Feature","properties":{"A40_001":"大分県","A40_002":"44","A40_003":"1m以上 〜 2m未満"},"geometry":{"type":"Polygon","coordinates":[[[131.21585,33.60847],[131.21617,33.60838],[131.21585,33.60838],[131.21585,33.60847]]]}},{"type":"Feature","properties":{"A40_001":"大分県","A40_002":"44","A40_003":"0.3m未満"},"geometry":{"type":"Polygon","coordinates":[[[131.21574,33.60838],[131.21585,33.60847],[131.21585,33.60838],[131.21574,33.60838]]]}},{"type":"Feature","properties":{"A40_001":"大分県","A40_002":"44","A40_003":"0.3m未満"},"geometry":{"type":"Polygon","coordinates":[[[131.21423,33.60839],[131.21434,33.60848],[131.21434,33.60839],[131.21423,33.60839]]]}},{"type":"Feature","properties":{"A40_001":"大分県","A40_002":"44","A40_003":"0.3m以上 〜 1m未満"},"geometry":{"type":"Polygon","coordinates":[[[131.21337,33.60839],[131.21348,33.60848],[131.21348,33.60839],[131.21337,33.60839]]]}},{"type":"Feature","properties":{"A40_001":"大分県","A40_002":"44","A40_003":"2m以上 〜 3m未満"},"geometry":{"type":"Polygon","coordinates":[[[131.21326,33.60839],[131.21337,33.60848],[131.21337,33.60839],[131.21326,33.60839]]]}},{"type":"Feature","properties":{"A40_001":"大分県","A40_002":"44","A40_003":"1m以上 〜 2m未満"},"geometry":{"type":"Polygon","coordinates":[[[131.2082,33.60849],[131.20809,33.6084],[131.20809,33.60849],[131.2082,33.60849]]]}},{"type":"Feature","properties":{"A40_001":"大分県","A40_002":"44","A40_003":"1m以上 〜 2m未満"},"geometry":{"type":"Polygon","coordinates":[[[131.20356,33.6085],[131.20324,33.60841],[131.20324,33.60859],[131.20356,33.6085]]]}},{"type":"Feature","properties":{"A40_001":"大分県","A40_002":"44","A40_003":"0.3m未満"},"geometry":{"type":"Polygon","coordinates":[[[131.20162,33.6085],[131.20151,33.60841],[131.20151,33.6085],[131.20162,33.6085]]]}},{"type":"Feature","properties":{"A40_001":"大分県","A40_002":"44","A40_003":"0.3m未満"},"geometry":{"type":"Polygon","coordinates":[[[131.20141,33.6085],[131.2013,33.60841],[131.2013,33.6085],[131.20141,33.6085]]]}},{"type":"Feature","properties":{"A40_001":"大分県","A40_002":"44","A40_003":"0.3m未満"},"geometry":{"type":"Polygon","coordinates":[[[131.20259,33.60814],[131.20216,33.6085],[131.2027,33.60886],[131.20302,33.6085],[131.20259,33.60814]],[[131.20248,33.6085],[131.20259,33.60841],[131.20259,33.6085],[131.20248,33.6085]]]}},{"type":"Feature","properties":{"A40_001":"大分県","A40_002":"44","A40_003":"0.3m未満"},"geometry":{"type":"Polygon","coordinates":[[[131.2041,33.60849],[131.20421,33.60858],[131.20421,33.60849],[131.2041,33.60849]]]}},{"type":"Feature","properties":{"A40_001":"大分県","A40_002":"44","A40_003":"0.3m以上 〜 1m未満"},"geometry":{"type":"Polygon","coordinates":[[[131.18891,33.60861],[131.1888,33.60852],[131.1888,33.60861],[131.18891,33.60861]]]}},{"type":"Feature","properties":{"A40_001":"大分県","A40_002":"44","A40_003":"0.3m以上 〜 1m未満"},"geometry":{"type":"Polygon","coordinates":[[[131.18104,33.60853],[131.18115,33.60862],[131.18115,33.60853],[131.18104,33.60853]]]}},{"type":"Feature","properties":{"A40_001":"大分県","A40_002":"44","A40_003":"0.3m以上 〜 1m未満"},"geometry":{"type":"Polygon","coordinates":[[[131.18643,33.60852],[131.18632,33.6087],[131.18643,33.6087],[131.18643,33.60852]]]}},{"type":"Feature","properties":{"A40_001":"大分県","A40_002":"44","A40_003":"1m以上 〜 2m未満"},"geometry":{"type":"Polygon","coordinates":[[[131.20507,33.60858],[131.20518,33.60867],[131.20518,33.60858],[131.20507,33.60858]]]}},{"type":"Feature","properties":{"A40_001":"大分県","A40_002":"44","A40_003":"0.3m未満"},"geometry":{"type":"Polygon","coordinates":[[[131.20098,33.60859],[131.20108,33.60868],[131.20108,33.60859],[131.20098,33.60859]]]}},{"type":"Feature","properties":{"A40_001":"大分県","A40_002":"44","A40_003":"0.3m未満"},"geometry":{"type":"Polygon","coordinates":[[[131.21552,33.60839],[131.21542,33.60857],[131.21552,33.60857],[131.21552,33.60839]]]}},{"type":"Feature","properties":{"A40_001":"大分県","A40_002":"44","A40_003":"0.3m未満"},"geometry":{"type":"Polygon","coordinates":[[[131.21498,33.60839],[131.21509,33.60857],[131.2152,33.60839],[131.21498,33.60839]]]}},{"type":"Feature","properties":{"A40_001":"大分県","A40_002":"44","A40_003":"0.3m以上 〜 1m未満"},"geometry":{"type":"Polygon","coordinates":[[[131.2069,33.60849],[131.2068,33.60858],[131.20701,33.60858],[131.2069,33.60849]]]}},{"type":"Feature","properties":{"A40_001":"大分県","A40_002":"44","A40_003":"0.3m以上 〜 1m未満"},"geometry":{"type":"Polygon","coordinates":[[[131.21585,33.60856],[131.21617,33.60847],[131.21585,33.60847],[131.21585,33.60856]]]}},{"type":"Feature","properties":{"A40_001":"大分県","A40_002":"44","A40_003":"0.3m未満"},"geometry":{"type":"Polygon","coordinates":[[[131.21369,33.6083],[131.21391,33.60884],[131.21445,33.60875],[131.21401,33.60821],[131.21369,33.6083]]]}},{"type":"Feature","properties":{"A40_001":"大分県","A40_002":"44","A40_003":"0.3m以上 〜 1m未満"},"geometry":{"type":"Polygon","coordinates":[[[131.21326,33.60848],[131.21337,33.60857],[131.21337,33.60848],[131.21326,33.60848]]]}},{"type":"Feature","properties":{"A40_001":"大分県","A40_002":"44","A40_003":"2m以上 〜 3m未満"},"geometry":{"type":"Polygon","coordinates":[[[131.21315,33.60848],[131.21326,33.60857],[131.21326,33.60848],[131.21315,33.60848]]]}},{"type":"Feature","properties":{"A40_001":"大分県","A40_002":"44","A40_003":"0.3m以上 〜 1m未満"},"geometry":{"type":"Polygon","coordinates":[[[131.21305,33.60848],[131.21315,33.60857],[131.21315,33.60848],[131.21305,33.60848]]]}},{"type":"Feature","properties":{"A40_001":"大分県","A40_002":"44","A40_003":"1m以上 〜 2m未満"},"geometry":{"type":"Polygon","coordinates":[[[131.2082,33.60849],[131.2083,33.60858],[131.2083,33.60849],[131.2082,33.60849]]]}},{"type":"Feature","properties":{"A40_001":"大分県","A40_002":"44","A40_003":"0.3m未満"},"geometry":{"type":"Polygon","coordinates":[[[131.21455,33.60857],[131.21466,33.60866],[131.21466,33.60857],[131.21455,33.60857]]]}},{"type":"Feature","properties":{"A40_001":"大分県","A40_002":"44","A40_003":"0.3m以上 〜 1m未満"},"geometry":{"type":"Polygon","coordinates":[[[131.21315,33.60857],[131.21326,33.60866],[131.21326,33.60857],[131.21315,33.60857]]]}},{"type":"Feature","properties":{"A40_001":"大分県","A40_002":"44","A40_003":"2m以上 〜 3m未満"},"geometry":{"type":"Polygon","coordinates":[[[131.21305,33.60857],[131.21315,33.60866],[131.21315,33.60857],[131.21305,33.60857]]]}},{"type":"Feature","properties":{"A40_001":"大分県","A40_002":"44","A40_003":"0.3m以上 〜 1m未満"},"geometry":{"type":"Polygon","coordinates":[[[131.21606,33.60865],[131.21617,33.60874],[131.21617,33.60865],[131.21606,33.60865]]]}},{"type":"Feature","properties":{"A40_001":"大分県","A40_002":"44","A40_003":"0.3m未満"},"geometry":{"type":"Polygon","coordinates":[[[131.21509,33.60866],[131.2152,33.60875],[131.2152,33.60866],[131.21509,33.60866]]]}},{"type":"Feature","properties":{"A40_001":"大分県","A40_002":"44","A40_003":"0.3m未満"},"geometry":{"type":"Polygon","coordinates":[[[131.21305,33.60866],[131.21315,33.60875],[131.21315,33.60866],[131.21305,33.60866]]]}},{"type":"Feature","properties":{"A40_001":"大分県","A40_002":"44","A40_003":"1m以上 〜 2m未満"},"geometry":{"type":"Polygon","coordinates":[[[131.21628,33.60856],[131.21595,33.60856],[131.21596,33.60875],[131.21649,33.60892],[131.21628,33.60856]],[[131.21606,33.60874],[131.21617,33.60865],[131.21617,33.60874],[131.21606,33.60874]]]}},{"type":"Feature","properties":{"A40_001":"大分県","A40_002":"44","A40_003":"2m以上 〜 3m未満"},"geometry":{"type":"Polygon","coordinates":[[[131.21294,33.60866],[131.21283,33.60884],[131.21294,33.60884],[131.21294,33.60866]]]}},{"type":"Feature","properties":{"A40_001":"大分県","A40_002":"44","A40_003":"0.3m以上 〜 1m未満"},"geometry":{"type":"Polygon","coordinates":[[[131.21272,33.60875],[131.21283,33.60884],[131.21283,33.60875],[131.21272,33.60875]]]}},{"type":"Feature","properties":{"A40_001":"大分県","A40_002":"44","A40_003":"0.3m以上 〜 1m未満"},"geometry":{"type":"Polygon","coordinates":[[[131.20701,33.60876],[131.20712,33.60885],[131.20712,33.60876],[131.20701,33.60876]]]}},{"type":"Feature","properties":{"A40_001":"大分県","A40_002":"44","A40_003":"2m以上 〜 3m未満"},"geometry":{"type":"Polygon","coordinates":[[[131.2069,33.60876],[131.20701,33.60885],[131.20701,33.60876],[131.2069,33.60876]]]}},{"type":"Feature","properties":{"A40_001":"大分県","A40_002":"44","A40_003":"0.3m以上 〜 1m未満"},"geometry":{"type":"Polygon","coordinates":[[[131.18654,33.60861],[131.18664,33.6087],[131.18664,33.60861],[131.18654,33.60861]]]}},{"type":"Feature","properties":{"A40_001":"大分県","A40_002":"44","A40_003":"2m以上 〜 3m未満"},"geometry":{"type":"Polygon","coordinates":[[[131.20636,33.60876],[131.20658,33.60867],[131.20636,33.60867],[131.20636,33.60876]]]}},{"type":"Feature","properties":{"A40_001":"大分県","A40_002":"44","A40_003":"0.3m未満"},"geometry":{"type":"Polygon","coordinates":[[[131.20464,33.60867],[131.20475,33.60876],[131.20475,33.60867],[131.20464,33.60867]]]}},{"type":"Feature","properties":{"A40_001":"大分県","A40_002":"44","A40_003":"1m以上 〜 2m未満"},"geometry":{"type":"Polygon","coordinates":[[[131.20356,33.60859],[131.20346,33.60886],[131.20356,33.60886],[131.20356,33.60859]]]}},{"type":"Feature","properties":{"A40_001":"大分県","A40_002":"44","A40_003":"0.3m未満"},"geometry":{"type":"Polygon","coordinates":[[[131.20076,33.60868],[131.20087,33.60877],[131.20087,33.60868],[131.20076,33.60868]]]}},{"type":"Feature","properties":{"A40_001":"大分県","A40_002":"44","A40_003":"0.3m以上 〜 1m未満"},"geometry":{"type":"Polygon","coordinates":[[[131.18934,33.6087],[131.18912,33.60879],[131.18934,33.60888],[131.18934,33.6087]]]}},{"type":"Feature","properties":{"A40_001":"大分県","A40_002":"44","A40_003":"0.3m以上 〜 1m未満"},"geometry":{"type":"Polygon","coordinates":[[[131.20507,33.60813],[131.20475,33.60876],[131.2054,33.60939],[131.20583,33.60894],[131.20507,33.60813]],[[131.20507,33.60858],[131.20518,33.60867],[131.20507,33.60867],[131.20507,33.60858]]]}},{"type":"Feature","properties":{"A40_001":"大分県","A40_002":"44","A40_003":"0.3m未満"},"geometry":{"type":"Polygon","coordinates":[[[131.20399,33.60868],[131.20378,33.60886],[131.20421,33.60886],[131.20399,33.60868]]]}},{"type":"Feature","properties":{"A40_001":"大分県","A40_002":"44","A40_003":"1m以上 〜 2m未満"},"geometry":{"type":"Polygon","coordinates":[[[131.18675,33.6087],[131.18664,33.60888],[131.18675,33.60888],[131.18675,33.6087]]]}},{"type":"Feature","properties":{"A40_001":"大分県","A40_002":"44","A40_003":"0.3m以上 〜 1m未満"},"geometry":{"type":"Polygon","coordinates":[[[131.20453,33.60885],[131.20475,33.60876],[131.20453,33.60876],[131.20453,33.60885]]]}},{"type":"Feature","properties":{"A40_001":"大分県","A40_002":"44","A40_003":"0.3m以上 〜 1m未満"},"geometry":{"type":"Polygon","coordinates":[[[131.24861,33.60859],[131.24871,33.60868],[131.24871,33.60859],[131.24861,33.60859]]]}},{"type":"Feature","properties":{"A40_001":"大分県","A40_002":"44","A40_003":"0.3m以上 〜 1m未満"},"geometry":{"type":"Polygon","coordinates":[[[131.2429,33.6086],[131.243,33.60869],[131.243,33.6086],[131.2429,33.6086]]]}},{"type":"Feature","properties":{"A40_001":"大分県","A40_002":"44","A40_003":"0.3m未満"},"geometry":{"type":"Polygon","coordinates":[[[131.25809,33.60866],[131.2582,33.60875],[131.2582,33.60866],[131.25809,33.60866]]]}},{"type":"Feature","properties":{"A40_001":"大分県","A40_002":"44","A40_003":"0.3m以上 〜 1m未満"},"geometry":{"type":"Polygon","coordinates":[[[131.2485,33.60868],[131.24861,33.60877],[131.24861,33.60868],[131.2485,33.60868]]]}},{"type":"Feature","properties":{"A40_001":"大分県","A40_002":"44","A40_003":"0.3m以上 〜 1m未満"},"geometry":{"type":"Polygon","coordinates":[[[131.25809,33.60875],[131.2582,33.60884],[131.2582,33.60875],[131.25809,33.60875]]]}},{"type":"Feature","properties":{"A40_001":"大分県","A40_002":"44","A40_003":"1m以上 〜 2m未満"},"geometry":{"type":"Polygon","coordinates":[[[131.2485,33.60877],[131.24861,33.60886],[131.24861,33.60877],[131.2485,33.60877]]]}},{"type":"Feature","properties":{"A40_001":"大分県","A40_002":"44","A40_003":"0.3m以上 〜 1m未満"},"geometry":{"type":"Polygon","coordinates":[[[131.24839,33.60877],[131.2485,33.60886],[131.2485,33.60877],[131.24839,33.60877]]]}},{"type":"Feature","properties":{"A40_001":"大分県","A40_002":"44","A40_003":"0.3m未満"},"geometry":{"type":"Polygon","coordinates":[[[131.24333,33.60869],[131.24322,33.60896],[131.24344,33.60896],[131.24333,33.60869]]]}},{"type":"Feature","properties":{"A40_001":"大分県","A40_002":"44","A40_003":"0.3m未満"},"geometry":{"type":"Polygon","coordinates":[[[131.25809,33.60884],[131.2582,33.60893],[131.2582,33.60884],[131.25809,33.60884]]]}},{"type":"Feature","properties":{"A40_001":"大分県","A40_002":"44","A40_003":"2m以上 〜 3m未満"},"geometry":{"type":"Polygon","coordinates":[[[131.2388,33.60897],[131.23891,33.60906],[131.23891,33.60897],[131.2388,33.60897]]]}},{"type":"Feature","properties":{"A40_001":"大分県","A40_002":"44","A40_003":"0.3m未満"},"geometry":{"type":"Polygon","coordinates":[[[131.20033,33.60877],[131.20044,33.60886],[131.20044,33.60877],[131.20033,33.60877]]]}},{"type":"Feature","properties":{"A40_001":"大分県","A40_002":"44","A40_003":"0.3m以上 〜 1m未満"},"geometry":{"type":"Polygon","coordinates":[[[131.20151,33.60841],[131.19958,33.60922],[131.19969,33.60994],[131.19893,33.60977],[131.19904,33.61049],[131.20066,33.6103],[131.20163,33.60994],[131.20152,33.60967],[131.20216,33.60985],[131.20313,33.60922],[131.20302,33.60886],[131.20367,33.60922],[131.20464,33.60813],[131.20388,33.60723],[131.20345,33.60714],[131.20302,33.60796],[131.20248,33.60805],[131.20292,33.60877],[131.20151,33.60841]],[[131.2041,33.60777],[131.20421,33.60786],[131.2041,33.60786],[131.2041,33.60777]],[[131.20421,33.60786],[131.20432,33.60795],[131.20421,33.60795],[131.20421,33.60786]],[[131.20367,33.60723],[131.20356,33.60732],[131.20356,33.60723],[131.20367,33.60723]],[[131.20324,33.60859],[131.20345,33.60832],[131.20356,33.6085],[131.20324,33.60859]],[[131.20324,33.60841],[131.20313,33.60832],[131.20324,33.60832],[131.20324,33.60841]],[[131.20356,33.60841],[131.20367,33.60832],[131.20367,33.60841],[131.20356,33.60841]],[[131.20399,33.60813],[131.2041,33.60822],[131.20399,33.60822],[131.20399,33.60813]],[[131.20421,33.60804],[131.20432,33.60813],[131.20421,33.60813],[131.20421,33.60804]],[[131.20173,33.60931],[131.20109,33.60913],[131.20152,33.60895],[131.20173,33.60931]],[[131.20346,33.60886],[131.20356,33.60859],[131.20356,33.60886],[131.20346,33.60886]],[[131.20012,33.60985],[131.20022,33.60976],[131.20022,33.60985],[131.20012,33.60985]],[[131.20119,33.60976],[131.2013,33.60985],[131.20119,33.60985],[131.20119,33.60976]]]}},{"type":"Feature","properties":{"A40_001":"大分県","A40_002":"44","A40_003":"0.3m以上 〜 1m未満"},"geometry":{"type":"Polygon","coordinates":[[[131.18686,33.60879],[131.18675,33.60897],[131.18686,33.60897],[131.18686,33.60879]]]}},{"type":"Feature","properties":{"A40_001":"大分県","A40_002":"44","A40_003":"0.3m以上 〜 1m未満"},"geometry":{"type":"Polygon","coordinates":[[[131.20443,33.60885],[131.20453,33.60894],[131.20453,33.60885],[131.20443,33.60885]]]}},{"type":"Feature","properties":{"A40_001":"大分県","A40_002":"44","A40_003":"0.3m未満"},"geometry":{"type":"Polygon","coordinates":[[[131.20367,33.60886],[131.20378,33.60895],[131.20378,33.60886],[131.20367,33.60886]]]}},{"type":"Feature","properties":{"A40_001":"大分県","A40_002":"44","A40_003":"1m以上 〜 2m未満"},"geometry":{"type":"Polygon","coordinates":[[[131.18955,33.60888],[131.18934,33.60897],[131.18955,33.60897],[131.18955,33.60888]]]}},{"type":"Feature","properties":{"A40_001":"大分県","A40_002":"44","A40_003":"0.3m以上 〜 1m未満"},"geometry":{"type":"Polygon","coordinates":[[[131.18708,33.60888],[131.18718,33.60897],[131.18718,33.60888],[131.18708,33.60888]]]}},{"type":"Feature","properties":{"A40_001":"大分県","A40_002":"44","A40_003":"0.3m未満"},"geometry":{"type":"Polygon","coordinates":[[[131.18126,33.60889],[131.18136,33.60898],[131.18136,33.60889],[131.18126,33.60889]]]}},{"type":"Feature","properties":{"A40_001":"大分県","A40_002":"44","A40_003":"0.3m以上 〜 1m未満"},"geometry":{"type":"Polygon","coordinates":[[[131.20432,33.60895],[131.20443,33.60904],[131.20443,33.60894],[131.20432,33.60895]]]}},{"type":"Feature","properties":{"A40_001":"大分県","A40_002":"44","A40_003":"0.3m未満"},"geometry":{"type":"Polygon","coordinates":[[[131.20421,33.60895],[131.20432,33.60904],[131.20432,33.60895],[131.20421,33.60895]]]}},{"type":"Feature","properties":{"A40_001":"大分県","A40_002":"44","A40_003":"0.3m以上 〜 1m未満"},"geometry":{"type":"Polygon","coordinates":[[[131.21606,33.60884],[131.21617,33.60893],[131.21617,33.60883],[131.21606,33.60884]]]}},{"type":"Feature","properties":{"A40_001":"大分県","A40_002":"44","A40_003":"0.3m未満"},"geometry":{"type":"Polygon","coordinates":[[[131.21552,33.60884],[131.21563,33.60893],[131.21563,33.60884],[131.21552,33.60884]]]}},{"type":"Feature","properties":{"A40_001":"大分県","A40_002":"44","A40_003":"1m以上 〜 2m未満"},"geometry":{"type":"Polygon","coordinates":[[[131.21272,33.60884],[131.21283,33.60893],[131.21283,33.60884],[131.21272,33.60884]]]}},{"type":"Feature","properties":{"A40_001":"大分県","A40_002":"44","A40_003":"2m以上 〜 3m未満"},"geometry":{"type":"Polygon","coordinates":[[[131.21261,33.60884],[131.21272,33.60893],[131.21272,33.60884],[131.21261,33.60884]]]}},{"type":"Feature","properties":{"A40_001":"大分県","A40_002":"44","A40_003":"0.3m以上 〜 1m未満"},"geometry":{"type":"Polygon","coordinates":[[[131.20723,33.60885],[131.20733,33.60894],[131.20733,33.60885],[131.20723,33.60885]]]}},{"type":"Feature","properties":{"A40_001":"大分県","A40_002":"44","A40_003":"1m以上 〜 2m未満"},"geometry":{"type":"Polygon","coordinates":[[[131.21606,33.60893],[131.21617,33.60902],[131.21617,33.60893],[131.21606,33.60893]]]}},{"type":"Feature","properties":{"A40_001":"大分県","A40_002":"44","A40_003":"0.3m以上 〜 1m未満"},"geometry":{"type":"Polygon","coordinates":[[[131.21596,33.60893],[131.21606,33.60902],[131.21606,33.60893],[131.21596,33.60893]]]}},{"type":"Feature","properties":{"A40_001":"大分県","A40_002":"44","A40_003":"1m以上 〜 2m未満"},"geometry":{"type":"Polygon","coordinates":[[[131.21262,33.60893],[131.21272,33.60902],[131.21272,33.60893],[131.21262,33.60893]]]}},{"type":"Feature","properties":{"A40_001":"大分県","A40_002":"44","A40_003":"0.3m以上 〜 1m未満"},"geometry":{"type":"Polygon","coordinates":[[[131.21628,33.60911],[131.21649,33.60892],[131.21617,33.60893],[131.21628,33.60911]]]}},{"type":"Feature","properties":{"A40_001":"大分県","A40_002":"44","A40_003":"0.3m以上 〜 1m未満"},"geometry":{"type":"Polygon","coordinates":[[[131.21262,33.60893],[131.21251,33.60911],[131.21262,33.60911],[131.21262,33.60893]]]}},{"type":"Feature","properties":{"A40_001":"大分県","A40_002":"44","A40_003":"0.3m未満"},"geometry":{"type":"Polygon","coordinates":[[[131.20346,33.60913],[131.20302,33.60886],[131.20302,33.60904],[131.20346,33.60913]]]}},{"type":"Feature","properties":{"A40_001":"大分県","A40_002":"44","A40_003":"0.3m未満"},"geometry":{"type":"Polygon","coordinates":[[[131.20141,33.60895],[131.20152,33.60904],[131.20152,33.60895],[131.20141,33.60895]]]}},{"type":"Feature","properties":{"A40_001":"大分県","A40_002":"44","A40_003":"0.3m以上 〜 1m未満"},"geometry":{"type":"Polygon","coordinates":[[[131.18966,33.60897],[131.18945,33.60906],[131.18966,33.60906],[131.18966,33.60897]]]}},{"type":"Feature","properties":{"A40_001":"大分県","A40_002":"44","A40_003":"1m以上 〜 2m未満"},"geometry":{"type":"Polygon","coordinates":[[[131.18718,33.60897],[131.18729,33.60906],[131.18729,33.60897],[131.18718,33.60897]]]}},{"type":"Feature","properties":{"A40_001":"大分県","A40_002":"44","A40_003":"0.3m未満"},"geometry":{"type":"Polygon","coordinates":[[[131.18708,33.60915],[131.18632,33.60897],[131.18632,33.60924],[131.18708,33.60915]]]}},{"type":"Feature","properties":{"A40_001":"大分県","A40_002":"44","A40_003":"1m以上 〜 2m未満"},"geometry":{"type":"Polygon","coordinates":[[[131.20572,33.60903],[131.20583,33.60912],[131.20583,33.60903],[131.20572,33.60903]]]}},{"type":"Feature","properties":{"A40_001":"大分県","A40_002":"44","A40_003":"0.3m未満"},"geometry":{"type":"Polygon","coordinates":[[[131.20152,33.60904],[131.20162,33.60913],[131.20162,33.60904],[131.20152,33.60904]]]}},{"type":"Feature","properties":{"A40_001":"大分県","A40_002":"44","A40_003":"0.3m未満"},"geometry":{"type":"Polygon","coordinates":[[[131.20119,33.60904],[131.2013,33.60913],[131.2013,33.60904],[131.20119,33.60904]]]}},{"type":"Feature","properties":{"A40_001":"大分県","A40_002":"44","A40_003":"0.3m以上 〜 1m未満"},"geometry":{"type":"Polygon","coordinates":[[[131.20421,33.60922],[131.2041,33.60904],[131.20399,33.60922],[131.20421,33.60922]]]}},{"type":"Feature","properties":{"A40_001":"大分県","A40_002":"44","A40_003":"0.3m以上 〜 1m未満"},"geometry":{"type":"Polygon","coordinates":[[[131.1874,33.60906],[131.18729,33.60924],[131.1874,33.60924],[131.1874,33.60906]]]}},{"type":"Feature","properties":{"A40_001":"大分県","A40_002":"44","A40_003":"1m以上 〜 2m未満"},"geometry":{"type":"Polygon","coordinates":[[[131.21617,33.60902],[131.21628,33.60911],[131.21628,33.60901],[131.21617,33.60902]]]}},{"type":"Feature","properties":{"A40_001":"大分県","A40_002":"44","A40_003":"0.3m以上 〜 1m未満"},"geometry":{"type":"Polygon","coordinates":[[[131.21606,33.60902],[131.21617,33.60911],[131.21617,33.60902],[131.21606,33.60902]]]}},{"type":"Feature","properties":{"A40_001":"大分県","A40_002":"44","A40_003":"2m以上 〜 3m未満"},"geometry":{"type":"Polygon","coordinates":[[[131.2124,33.60902],[131.21251,33.60911],[131.21251,33.60902],[131.2124,33.60902]]]}},{"type":"Feature","properties":{"A40_001":"大分県","A40_002":"44","A40_003":"2m以上 〜 3m未満"},"geometry":{"type":"Polygon","coordinates":[[[131.21035,33.60903],[131.21046,33.60912],[131.21046,33.60903],[131.21035,33.60903]]]}},{"type":"Feature","properties":{"A40_001":"大分県","A40_002":"44","A40_003":"2m以上 〜 3m未満"},"geometry":{"type":"Polygon","coordinates":[[[131.20992,33.60912],[131.21014,33.60903],[131.20992,33.60903],[131.20992,33.60912]]]}},{"type":"Feature","properties":{"A40_001":"大分県","A40_002":"44","A40_003":"0.3m以上 〜 1m未満"},"geometry":{"type":"Polygon","coordinates":[[[131.20734,33.60903],[131.20744,33.60912],[131.20744,33.60903],[131.20734,33.60903]]]}},{"type":"Feature","properties":{"A40_001":"大分県","A40_002":"44","A40_003":"2m以上 〜 3m未満"},"geometry":{"type":"Polygon","coordinates":[[[131.2068,33.60903],[131.2069,33.60912],[131.2069,33.60903],[131.2068,33.60903]]]}},{"type":"Feature","properties":{"A40_001":"大分県","A40_002":"44","A40_003":"1m以上 〜 2m未満"},"geometry":{"type":"Polygon","coordinates":[[[131.21606,33.6092],[131.21585,33.60902],[131.21585,33.60911],[131.21606,33.6092]]]}},{"type":"Feature","properties":{"A40_001":"大分県","A40_002":"44","A40_003":"2m以上 〜 3m未満"},"geometry":{"type":"Polygon","coordinates":[[[131.21585,33.60911],[131.21596,33.6092],[131.21596,33.60911],[131.21585,33.60911]]]}},{"type":"Feature","properties":{"A40_001":"大分県","A40_002":"44","A40_003":"1m以上 〜 2m未満"},"geometry":{"type":"Polygon","coordinates":[[[131.21574,33.60911],[131.21585,33.6092],[131.21585,33.60911],[131.21574,33.60911]]]}},{"type":"Feature","properties":{"A40_001":"大分県","A40_002":"44","A40_003":"1m以上 〜 2m未満"},"geometry":{"type":"Polygon","coordinates":[[[131.20604,33.60912],[131.20615,33.60921],[131.20615,33.60912],[131.20604,33.60912]]]}},{"type":"Feature","properties":{"A40_001":"大分県","A40_002":"44","A40_003":"1m以上 〜 2m未満"},"geometry":{"type":"Polygon","coordinates":[[[131.20561,33.60912],[131.20572,33.60921],[131.20572,33.60912],[131.20561,33.60912]]]}},{"type":"Feature","properties":{"A40_001":"大分県","A40_002":"44","A40_003":"0.3m未満"},"geometry":{"type":"Polygon","coordinates":[[[131.20012,33.60931],[131.1999,33.60904],[131.19979,33.60922],[131.20012,33.60931]]]}},{"type":"Feature","properties":{"A40_001":"大分県","A40_002":"44","A40_003":"0.3m未満"},"geometry":{"type":"Polygon","coordinates":[[[131.19958,33.60913],[131.19968,33.60922],[131.19968,33.60913],[131.19958,33.60913]]]}},{"type":"Feature","properties":{"A40_001":"大分県","A40_002":"44","A40_003":"1m以上 〜 2m未満"},"geometry":{"type":"Polygon","coordinates":[[[131.18751,33.60915],[131.18761,33.60924],[131.18761,33.60915],[131.18751,33.60915]]]}},{"type":"Feature","properties":{"A40_001":"大分県","A40_002":"44","A40_003":"1m以上 〜 2m未満"},"geometry":{"type":"Polygon","coordinates":[[[131.2055,33.60921],[131.20561,33.6093],[131.20561,33.60921],[131.2055,33.60921]]]}},{"type":"Feature","properties":{"A40_001":"大分県","A40_002":"44","A40_003":"0.3m以上 〜 1m未満"},"geometry":{"type":"Polygon","coordinates":[[[131.20389,33.60922],[131.204,33.60931],[131.20399,33.60922],[131.20389,33.60922]]]}},{"type":"Feature","properties":{"A40_001":"大分県","A40_002":"44","A40_003":"0.3m未満"},"geometry":{"type":"Polygon","coordinates":[[[131.20378,33.60922],[131.20389,33.60931],[131.20389,33.60922],[131.20378,33.60922]]]}},{"type":"Feature","properties":{"A40_001":"大分県","A40_002":"44","A40_003":"0.3m以上 〜 1m未満"},"geometry":{"type":"Polygon","coordinates":[[[131.20367,33.60922],[131.20378,33.60931],[131.20378,33.60922],[131.20367,33.60922]]]}},{"type":"Feature","properties":{"A40_001":"大分県","A40_002":"44","A40_003":"0.3m未満"},"geometry":{"type":"Polygon","coordinates":[[[131.20162,33.60922],[131.20173,33.60931],[131.20173,33.60922],[131.20162,33.60922]]]}},{"type":"Feature","properties":{"A40_001":"大分県","A40_002":"44","A40_003":"0.3m未満"},"geometry":{"type":"Polygon","coordinates":[[[131.2124,33.60911],[131.21251,33.6092],[131.21251,33.60911],[131.2124,33.60911]]]}},{"type":"Feature","properties":{"A40_001":"大分県","A40_002":"44","A40_003":"2m以上 〜 3m未満"},"geometry":{"type":"Polygon","coordinates":[[[131.21229,33.60911],[131.2124,33.6092],[131.2124,33.60911],[131.21229,33.60911]]]}},{"type":"Feature","properties":{"A40_001":"大分県","A40_002":"44","A40_003":"2m以上 〜 3m未満"},"geometry":{"type":"Polygon","coordinates":[[[131.21057,33.60912],[131.21068,33.6092],[131.21068,33.60911],[131.21057,33.60912]]]}},{"type":"Feature","properties":{"A40_001":"大分県","A40_002":"44","A40_003":"3m以上 〜 4m未満"},"geometry":{"type":"Polygon","coordinates":[[[131.21046,33.60912],[131.21057,33.60921],[131.21057,33.60912],[131.21046,33.60912]]]}},{"type":"Feature","properties":{"A40_001":"大分県","A40_002":"44","A40_003":"2m以上 〜 3m未満"},"geometry":{"type":"Polygon","coordinates":[[[131.21014,33.60921],[131.21035,33.60912],[131.21014,33.60912],[131.21014,33.60921]]]}},{"type":"Feature","properties":{"A40_001":"大分県","A40_002":"44","A40_003":"0.3m以上 〜 1m未満"},"geometry":{"type":"Polygon","coordinates":[[[131.20874,33.60912],[131.20884,33.60921],[131.20884,33.60912],[131.20874,33.60912]]]}},{"type":"Feature","properties":{"A40_001":"大分県","A40_002":"44","A40_003":"2m以上 〜 3m未満"},"geometry":{"type":"Polygon","coordinates":[[[131.20852,33.60912],[131.20863,33.60921],[131.20863,33.60912],[131.20852,33.60912]]]}},{"type":"Feature","properties":{"A40_001":"大分県","A40_002":"44","A40_003":"0.3m以上 〜 1m未満"},"geometry":{"type":"Polygon","coordinates":[[[131.21574,33.60911],[131.21563,33.60929],[131.21574,33.60929],[131.21574,33.60911]]]}},{"type":"Feature","properties":{"A40_001":"大分県","A40_002":"44","A40_003":"0.3m以上 〜 1m未満"},"geometry":{"type":"Polygon","coordinates":[[[131.20755,33.60912],[131.20744,33.6093],[131.20755,33.6093],[131.20755,33.60912]]]}},{"type":"Feature","properties":{"A40_001":"大分県","A40_002":"44","A40_003":"0.3m以上 〜 1m未満"},"geometry":{"type":"Polygon","coordinates":[[[131.21585,33.6092],[131.21596,33.60929],[131.21596,33.6092],[131.21585,33.6092]]]}},{"type":"Feature","properties":{"A40_001":"大分県","A40_002":"44","A40_003":"2m以上 〜 3m未満"},"geometry":{"type":"Polygon","coordinates":[[[131.24333,33.60905],[131.24344,33.60914],[131.24344,33.60905],[131.24333,33.60905]]]}},{"type":"Feature","properties":{"A40_001":"大分県","A40_002":"44","A40_003":"2m以上 〜 3m未満"},"geometry":{"type":"Polygon","coordinates":[[[131.23891,33.60906],[131.23902,33.60915],[131.23902,33.60906],[131.23891,33.60906]]]}},{"type":"Feature","properties":{"A40_001":"大分県","A40_002":"44","A40_003":"0.3m未満"},"geometry":{"type":"Polygon","coordinates":[[[131.24839,33.60914],[131.2485,33.60922],[131.2485,33.60913],[131.24839,33.60914]]]}},{"type":"Feature","properties":{"A40_001":"大分県","A40_002":"44","A40_003":"2m以上 〜 3m未満"},"geometry":{"type":"Polygon","coordinates":[[[131.24344,33.60914],[131.24354,33.60923],[131.24354,33.60914],[131.24344,33.60914]]]}},{"type":"Feature","properties":{"A40_001":"大分県","A40_002":"44","A40_003":"2m以上 〜 3m未満"},"geometry":{"type":"Polygon","coordinates":[[[131.23902,33.60915],[131.23913,33.60924],[131.23913,33.60915],[131.23902,33.60915]]]}},{"type":"Feature","properties":{"A40_001":"大分県","A40_002":"44","A40_003":"0.3m以上 〜 1m未満"},"geometry":{"type":"Polygon","coordinates":[[[131.24861,33.60913],[131.2485,33.60932],[131.24861,33.60931],[131.24861,33.60913]]]}},{"type":"Feature","properties":{"A40_001":"大分県","A40_002":"44","A40_003":"2m以上 〜 3m未満"},"geometry":{"type":"Polygon","coordinates":[[[131.25432,33.60921],[131.25443,33.6093],[131.25443,33.60921],[131.25432,33.60921]]]}},{"type":"Feature","properties":{"A40_001":"大分県","A40_002":"44","A40_003":"2m以上 〜 3m未満"},"geometry":{"type":"Polygon","coordinates":[[[131.24354,33.60923],[131.24365,33.60932],[131.24365,33.60923],[131.24354,33.60923]]]}},{"type":"Feature","properties":{"A40_001":"大分県","A40_002":"44","A40_003":"0.3m以上 〜 1m未満"},"geometry":{"type":"Polygon","coordinates":[[[131.25432,33.6093],[131.25443,33.60939],[131.25443,33.6093],[131.25432,33.6093]]]}},{"type":"Feature","properties":{"A40_001":"大分県","A40_002":"44","A40_003":"0.3m以上 〜 1m未満"},"geometry":{"type":"Polygon","coordinates":[[[131.24861,33.60931],[131.24872,33.6094],[131.24872,33.60931],[131.24861,33.60931]]]}},{"type":"Feature","properties":{"A40_001":"大分県","A40_002":"44","A40_003":"2m以上 〜 3m未満"},"geometry":{"type":"Polygon","coordinates":[[[131.21574,33.6092],[131.21585,33.60929],[131.21585,33.6092],[131.21574,33.6092]]]}},{"type":"Feature","properties":{"A40_001":"大分県","A40_002":"44","A40_003":"0.3m未満"},"geometry":{"type":"Polygon","coordinates":[[[131.21229,33.6092],[131.2124,33.60929],[131.2124,33.6092],[131.21229,33.6092]]]}},{"type":"Feature","properties":{"A40_001":"大分県","A40_002":"44","A40_003":"0.3m以上 〜 1m未満"},"geometry":{"type":"Polygon","coordinates":[[[131.21208,33.6092],[131.21218,33.60929],[131.21218,33.6092],[131.21208,33.6092]]]}},{"type":"Feature","properties":{"A40_001":"大分県","A40_002":"44","A40_003":"3m以上 〜 4m未満"},"geometry":{"type":"Polygon","coordinates":[[[131.21068,33.6092],[131.21078,33.60929],[131.21078,33.6092],[131.21068,33.6092]]]}},{"type":"Feature","properties":{"A40_001":"大分県","A40_002":"44","A40_003":"2m以上 〜 3m未満"},"geometry":{"type":"Polygon","coordinates":[[[131.20992,33.60921],[131.21003,33.6093],[131.21003,33.60921],[131.20992,33.60921]]]}},{"type":"Feature","properties":{"A40_001":"大分県","A40_002":"44","A40_003":"1m以上 〜 2m未満"},"geometry":{"type":"Polygon","coordinates":[[[131.21563,33.6092],[131.21553,33.60938],[131.21574,33.60938],[131.21563,33.6092]]]}},{"type":"Feature","properties":{"A40_001":"大分県","A40_002":"44","A40_003":"0.3m以上 〜 1m未満"},"geometry":{"type":"Polygon","coordinates":[[[131.21553,33.6092],[131.21542,33.60938],[131.21553,33.60938],[131.21553,33.6092]]]}},{"type":"Feature","properties":{"A40_001":"大分県","A40_002":"44","A40_003":"0.3m以上 〜 1m未満"},"geometry":{"type":"Polygon","coordinates":[[[131.20863,33.60939],[131.20841,33.60921],[131.20841,33.6093],[131.20863,33.60939]]]}},{"type":"Feature","properties":{"A40_001":"大分県","A40_002":"44","A40_003":"1m以上 〜 2m未満"},"geometry":{"type":"Polygon","coordinates":[[[131.21531,33.60929],[131.21542,33.60938],[131.21542,33.60929],[131.21531,33.60929]]]}},{"type":"Feature","properties":{"A40_001":"大分県","A40_002":"44","A40_003":"1m以上 〜 2m未満"},"geometry":{"type":"Polygon","coordinates":[[[131.21208,33.60929],[131.21219,33.60938],[131.21218,33.60929],[131.21208,33.60929]]]}},{"type":"Feature","properties":{"A40_001":"大分県","A40_002":"44","A40_003":"0.3m未満"},"geometry":{"type":"Polygon","coordinates":[[[131.20119,33.60922],[131.2013,33.60931],[131.2013,33.60922],[131.20119,33.60922]]]}},{"type":"Feature","properties":{"A40_001":"大分県","A40_002":"44","A40_003":"1m以上 〜 2m未満"},"geometry":{"type":"Polygon","coordinates":[[[131.18761,33.60924],[131.18772,33.60933],[131.18772,33.60924],[131.18761,33.60924]]]}},{"type":"Feature","properties":{"A40_001":"大分県","A40_002":"44","A40_003":"1m以上 〜 2m未満"},"geometry":{"type":"Polygon","coordinates":[[[131.20529,33.60957],[131.20486,33.60903],[131.20475,33.6094],[131.20529,33.60957]]]}},{"type":"Feature","properties":{"A40_001":"大分県","A40_002":"44","A40_003":"0.3m以上 〜 1m未満"},"geometry":{"type":"Polygon","coordinates":[[[131.18761,33.60924],[131.18751,33.60942],[131.18762,33.60942],[131.18761,33.60924]]]}},{"type":"Feature","properties":{"A40_001":"大分県","A40_002":"44","A40_003":"1m以上 〜 2m未満"},"geometry":{"type":"Polygon","coordinates":[[[131.20615,33.6093],[131.20626,33.60939],[131.20626,33.6093],[131.20615,33.6093]]]}},{"type":"Feature","properties":{"A40_001":"大分県","A40_002":"44","A40_003":"1m以上 〜 2m未満"},"geometry":{"type":"Polygon","coordinates":[[[131.2054,33.6093],[131.2055,33.60939],[131.2055,33.6093],[131.2054,33.6093]]]}},{"type":"Feature","properties":{"A40_001":"大分県","A40_002":"44","A40_003":"0.3m以上 〜 1m未満"},"geometry":{"type":"Polygon","coordinates":[[[131.2041,33.60931],[131.20421,33.6094],[131.20421,33.60931],[131.2041,33.60931]]]}},{"type":"Feature","properties":{"A40_001":"大分県","A40_002":"44","A40_003":"0.3m以上 〜 1m未満"},"geometry":{"type":"Polygon","coordinates":[[[131.20378,33.60931],[131.20389,33.6094],[131.20389,33.60931],[131.20378,33.60931]]]}},{"type":"Feature","properties":{"A40_001":"大分県","A40_002":"44","A40_003":"0.3m未満"},"geometry":{"type":"Polygon","coordinates":[[[131.20367,33.60931],[131.20378,33.6094],[131.20378,33.60931],[131.20367,33.60931]]]}},{"type":"Feature","properties":{"A40_001":"大分県","A40_002":"44","A40_003":"0.3m未満"},"geometry":{"type":"Polygon","coordinates":[[[131.2027,33.60931],[131.20281,33.6094],[131.20281,33.60931],[131.2027,33.60931]]]}},{"type":"Feature","properties":{"A40_001":"大分県","A40_002":"44","A40_003":"2m以上 〜 3m未満"},"geometry":{"type":"Polygon","coordinates":[[[131.21197,33.60929],[131.21208,33.60938],[131.21208,33.60929],[131.21197,33.60929]]]}},{"type":"Feature","properties":{"A40_001":"大分県","A40_002":"44","A40_003":"3m以上 〜 4m未満"},"geometry":{"type":"Polygon","coordinates":[[[131.20992,33.6093],[131.21003,33.60939],[131.21003,33.6093],[131.20992,33.6093]]]}},{"type":"Feature","properties":{"A40_001":"大分県","A40_002":"44","A40_003":"0.3m以上 〜 1m未満"},"geometry":{"type":"Polygon","coordinates":[[[131.20755,33.6093],[131.20766,33.60939],[131.20766,33.6093],[131.20755,33.6093]]]}},{"type":"Feature","properties":{"A40_001":"大分県","A40_002":"44","A40_003":"0.3m以上 〜 1m未満"},"geometry":{"type":"Polygon","coordinates":[[[131.21531,33.60929],[131.2152,33.60947],[131.21542,33.60947],[131.21531,33.60929]]]}},{"type":"Feature","properties":{"A40_001":"大分県","A40_002":"44","A40_003":"2m以上 〜 3m未満"},"geometry":{"type":"Polygon","coordinates":[[[131.21014,33.6093],[131.21003,33.60948],[131.21014,33.60948],[131.21014,33.6093]]]}},{"type":"Feature","properties":{"A40_001":"大分県","A40_002":"44","A40_003":"0.3m以上 〜 1m未満"},"geometry":{"type":"Polygon","coordinates":[[[131.21553,33.60938],[131.21563,33.60947],[131.21563,33.60938],[131.21553,33.60938]]]}},{"type":"Feature","properties":{"A40_001":"大分県","A40_002":"44","A40_003":"2m以上 〜 3m未満"},"geometry":{"type":"Polygon","coordinates":[[[131.21542,33.60938],[131.21553,33.60947],[131.21553,33.60938],[131.21542,33.60938]]]}},{"type":"Feature","properties":{"A40_001":"大分県","A40_002":"44","A40_003":"1m以上 〜 2m未満"},"geometry":{"type":"Polygon","coordinates":[[[131.21509,33.60938],[131.2152,33.60947],[131.2152,33.60938],[131.21509,33.60938]]]}},{"type":"Feature","properties":{"A40_001":"大分県","A40_002":"44","A40_003":"1m以上 〜 2m未満"},"geometry":{"type":"Polygon","coordinates":[[[131.21197,33.60938],[131.21208,33.60947],[131.21208,33.60938],[131.21197,33.60938]]]}},{"type":"Feature","properties":{"A40_001":"大分県","A40_002":"44","A40_003":"2m以上 〜 3m未満"},"geometry":{"type":"Polygon","coordinates":[[[131.21186,33.60938],[131.21197,33.60947],[131.21197,33.60938],[131.21186,33.60938]]]}},{"type":"Feature","properties":{"A40_001":"大分県","A40_002":"44","A40_003":"0.3m以上 〜 1m未満"},"geometry":{"type":"Polygon","coordinates":[[[131.21003,33.60921],[131.21057,33.60957],[131.21089,33.60975],[131.21068,33.6092],[131.21003,33.60921]]]}},{"type":"Feature","properties":{"A40_001":"大分県","A40_002":"44","A40_003":"2m以上 〜 3m未満"},"geometry":{"type":"Polygon","coordinates":[[[131.21089,33.60938],[131.21078,33.60957],[131.21089,33.60957],[131.21089,33.60938]]]}},{"type":"Feature","properties":{"A40_001":"大分県","A40_002":"44","A40_003":"0.3m未満"},"geometry":{"type":"Polygon","coordinates":[[[131.21531,33.60947],[131.21542,33.60956],[131.21542,33.60947],[131.21531,33.60947]]]}},{"type":"Feature","properties":{"A40_001":"大分県","A40_002":"44","A40_003":"1m以上 〜 2m未満"},"geometry":{"type":"Polygon","coordinates":[[[131.2152,33.60947],[131.21531,33.60956],[131.21531,33.60947],[131.2152,33.60947]]]}},{"type":"Feature","properties":{"A40_001":"大分県","A40_002":"44","A40_003":"0.3m以上 〜 1m未満"},"geometry":{"type":"Polygon","coordinates":[[[131.21509,33.60947],[131.2152,33.60956],[131.2152,33.60947],[131.21509,33.60947]]]}},{"type":"Feature","properties":{"A40_001":"大分県","A40_002":"44","A40_003":"0.3m以上 〜 1m未満"},"geometry":{"type":"Polygon","coordinates":[[[131.21488,33.60947],[131.21499,33.60956],[131.21499,33.60947],[131.21488,33.60947]]]}},{"type":"Feature","properties":{"A40_001":"大分県","A40_002":"44","A40_003":"0.3m以上 〜 1m未満"},"geometry":{"type":"Polygon","coordinates":[[[131.21186,33.60947],[131.21197,33.60956],[131.21197,33.60947],[131.21186,33.60947]]]}},{"type":"Feature","properties":{"A40_001":"大分県","A40_002":"44","A40_003":"2m以上 〜 3m未満"},"geometry":{"type":"Polygon","coordinates":[[[131.21175,33.60947],[131.21186,33.60956],[131.21186,33.60947],[131.21175,33.60947]]]}},{"type":"Feature","properties":{"A40_001":"大分県","A40_002":"44","A40_003":"0.3m以上 〜 1m未満"},"geometry":{"type":"Polygon","coordinates":[[[131.21165,33.60947],[131.21175,33.60956],[131.21175,33.60947],[131.21165,33.60947]]]}},{"type":"Feature","properties":{"A40_001":"大分県","A40_002":"44","A40_003":"0.3m以上 〜 1m未満"},"geometry":{"type":"Polygon","coordinates":[[[131.21035,33.60948],[131.21046,33.60957],[131.21046,33.60948],[131.21035,33.60948]]]}},{"type":"Feature","properties":{"A40_001":"大分県","A40_002":"44","A40_003":"0.3m以上 〜 1m未満"},"geometry":{"type":"Polygon","coordinates":[[[131.18772,33.60933],[131.18783,33.60942],[131.18783,33.60933],[131.18772,33.60933]]]}},{"type":"Feature","properties":{"A40_001":"大分県","A40_002":"44","A40_003":"1m以上 〜 2m未満"},"geometry":{"type":"Polygon","coordinates":[[[131.20367,33.60949],[131.20389,33.6094],[131.20367,33.6094],[131.20367,33.60949]]]}},{"type":"Feature","properties":{"A40_001":"大分県","A40_002":"44","A40_003":"0.3m以上 〜 1m未満"},"geometry":{"type":"Polygon","coordinates":[[[131.20356,33.6094],[131.20367,33.60949],[131.20367,33.6094],[131.20356,33.6094]]]}},{"type":"Feature","properties":{"A40_001":"大分県","A40_002":"44","A40_003":"0.3m未満"},"geometry":{"type":"Polygon","coordinates":[[[131.2013,33.6094],[131.20141,33.60949],[131.20141,33.6094],[131.2013,33.6094]]]}},{"type":"Feature","properties":{"A40_001":"大分県","A40_002":"44","A40_003":"0.3m未満"},"geometry":{"type":"Polygon","coordinates":[[[131.19893,33.60949],[131.19915,33.6094],[131.19893,33.6094],[131.19893,33.60949]]]}},{"type":"Feature","properties":{"A40_001":"大分県","A40_002":"44","A40_003":"1m以上 〜 2m未満"},"geometry":{"type":"Polygon","coordinates":[[[131.18783,33.60942],[131.18794,33.60951],[131.18794,33.60942],[131.18783,33.60942]]]}},{"type":"Feature","properties":{"A40_001":"大分県","A40_002":"44","A40_003":"0.3m以上 〜 1m未満"},"geometry":{"type":"Polygon","coordinates":[[[131.20421,33.60958],[131.20389,33.6094],[131.20389,33.60958],[131.20421,33.60958]]]}},{"type":"Feature","properties":{"A40_001":"大分県","A40_002":"44","A40_003":"1m以上 〜 2m未満"},"geometry":{"type":"Polygon","coordinates":[[[131.20356,33.60949],[131.20367,33.60958],[131.20367,33.60949],[131.20356,33.60949]]]}},{"type":"Feature","properties":{"A40_001":"大分県","A40_002":"44","A40_003":"0.3m以上 〜 1m未満"},"geometry":{"type":"Polygon","coordinates":[[[131.20346,33.60949],[131.20356,33.60958],[131.20356,33.60949],[131.20346,33.60949]]]}},{"type":"Feature","properties":{"A40_001":"大分県","A40_002":"44","A40_003":"0.3m未満"},"geometry":{"type":"Polygon","coordinates":[[[131.19958,33.60949],[131.19969,33.60958],[131.19968,33.60949],[131.19958,33.60949]]]}},{"type":"Feature","properties":{"A40_001":"大分県","A40_002":"44","A40_003":"2m以上 〜 3m未満"},"geometry":{"type":"Polygon","coordinates":[[[131.21014,33.60948],[131.21025,33.60957],[131.21025,33.60948],[131.21014,33.60948]]]}},{"type":"Feature","properties":{"A40_001":"大分県","A40_002":"44","A40_003":"0.3m以上 〜 1m未満"},"geometry":{"type":"Polygon","coordinates":[[[131.20777,33.60939],[131.20766,33.60966],[131.20788,33.60966],[131.20777,33.60939]]]}},{"type":"Feature","properties":{"A40_001":"大分県","A40_002":"44","A40_003":"1m以上 〜 2m未満"},"geometry":{"type":"Polygon","coordinates":[[[131.21509,33.60947],[131.21499,33.60965],[131.2151,33.60965],[131.21509,33.60947]]]}},{"type":"Feature","properties":{"A40_001":"大分県","A40_002":"44","A40_003":"1m以上 〜 2m未満"},"geometry":{"type":"Polygon","coordinates":[[[131.21014,33.60939],[131.21025,33.60966],[131.21068,33.60984],[131.21057,33.60939],[131.21014,33.60939]],[[131.21035,33.60957],[131.21046,33.60948],[131.21046,33.60957],[131.21035,33.60957]]]}},{"type":"Feature","properties":{"A40_001":"大分県","A40_002":"44","A40_003":"2m以上 〜 3m未満"},"geometry":{"type":"Polygon","coordinates":[[[131.20992,33.60939],[131.20982,33.60975],[131.20992,33.60975],[131.20992,33.60939]]]}},{"type":"Feature","properties":{"A40_001":"大分県","A40_002":"44","A40_003":"2m以上 〜 3m未満"},"geometry":{"type":"Polygon","coordinates":[[[131.20895,33.60948],[131.20885,33.60966],[131.20906,33.60966],[131.20895,33.60948]]]}},{"type":"Feature","properties":{"A40_001":"大分県","A40_002":"44","A40_003":"0.3m未満"},"geometry":{"type":"Polygon","coordinates":[[[131.2151,33.60956],[131.2152,33.60965],[131.2152,33.60956],[131.2151,33.60956]]]}},{"type":"Feature","properties":{"A40_001":"大分県","A40_002":"44","A40_003":"3m以上 〜 4m未満"},"geometry":{"type":"Polygon","coordinates":[[[131.21488,33.60956],[131.21499,33.60965],[131.21499,33.60956],[131.21488,33.60956]]]}},{"type":"Feature","properties":{"A40_001":"大分県","A40_002":"44","A40_003":"1m以上 〜 2m未満"},"geometry":{"type":"Polygon","coordinates":[[[131.21477,33.60956],[131.21488,33.60965],[131.21488,33.60956],[131.21477,33.60956]]]}},{"type":"Feature","properties":{"A40_001":"大分県","A40_002":"44","A40_003":"0.3m以上 〜 1m未満"},"geometry":{"type":"Polygon","coordinates":[[[131.21477,33.60956],[131.21466,33.60974],[131.21477,33.60974],[131.21477,33.60956]]]}},{"type":"Feature","properties":{"A40_001":"大分県","A40_002":"44","A40_003":"0.3m以上 〜 1m未満"},"geometry":{"type":"Polygon","coordinates":[[[131.18794,33.60951],[131.18805,33.6096],[131.18805,33.60951],[131.18794,33.60951]]]}},{"type":"Feature","properties":{"A40_001":"大分県","A40_002":"44","A40_003":"0.3m以上 〜 1m未満"},"geometry":{"type":"Polygon","coordinates":[[[131.19893,33.60968],[131.19925,33.60949],[131.19893,33.60949],[131.19893,33.60968]]]}},{"type":"Feature","properties":{"A40_001":"大分県","A40_002":"44","A40_003":"2m以上 〜 3m未満"},"geometry":{"type":"Polygon","coordinates":[[[131.20389,33.60949],[131.20356,33.60967],[131.20389,33.60976],[131.20389,33.60949]]]}},{"type":"Feature","properties":{"A40_001":"大分県","A40_002":"44","A40_003":"0.3m以上 〜 1m未満"},"geometry":{"type":"Polygon","coordinates":[[[131.20324,33.60958],[131.20335,33.60967],[131.20335,33.60958],[131.20324,33.60958]]]}},{"type":"Feature","properties":{"A40_001":"大分県","A40_002":"44","A40_003":"0.3m未満"},"geometry":{"type":"Polygon","coordinates":[[[131.2027,33.6094],[131.20249,33.60967],[131.20292,33.60985],[131.2027,33.6094]]]}},{"type":"Feature","properties":{"A40_001":"大分県","A40_002":"44","A40_003":"0.3m未満"},"geometry":{"type":"Polygon","coordinates":[[[131.19904,33.60958],[131.19915,33.60967],[131.19915,33.60958],[131.19904,33.60958]]]}},{"type":"Feature","properties":{"A40_001":"大分県","A40_002":"44","A40_003":"1m以上 〜 2m未満"},"geometry":{"type":"Polygon","coordinates":[[[131.18805,33.6096],[131.18815,33.60969],[131.18815,33.6096],[131.18805,33.6096]]]}},{"type":"Feature","properties":{"A40_001":"大分県","A40_002":"44","A40_003":"0.3m未満"},"geometry":{"type":"Polygon","coordinates":[[[131.20292,33.60967],[131.20303,33.60976],[131.20303,33.60967],[131.20292,33.60967]]]}},{"type":"Feature","properties":{"A40_001":"大分県","A40_002":"44","A40_003":"0.3m未満"},"geometry":{"type":"Polygon","coordinates":[[[131.19969,33.60967],[131.19979,33.60976],[131.19979,33.60967],[131.19969,33.60967]]]}},{"type":"Feature","properties":{"A40_001":"大分県","A40_002":"44","A40_003":"0.3m以上 〜 1m未満"},"geometry":{"type":"Polygon","coordinates":[[[131.1818,33.6097],[131.1819,33.60979],[131.1819,33.6097],[131.1818,33.6097]]]}},{"type":"Feature","properties":{"A40_001":"大分県","A40_002":"44","A40_003":"2m以上 〜 3m未満"},"geometry":{"type":"Polygon","coordinates":[[[131.21154,33.60974],[131.21175,33.60956],[131.21154,33.60956],[131.21154,33.60974]]]}},{"type":"Feature","properties":{"A40_001":"大分県","A40_002":"44","A40_003":"2m以上 〜 3m未満"},"geometry":{"type":"Polygon","coordinates":[[[131.211,33.60957],[131.21089,33.60975],[131.211,33.60975],[131.211,33.60957]]]}},{"type":"Feature","properties":{"A40_001":"大分県","A40_002":"44","A40_003":"0.3m以上 〜 1m未満"},"geometry":{"type":"Polygon","coordinates":[[[131.21488,33.60965],[131.21499,33.60974],[131.21499,33.60965],[131.21488,33.60965]]]}},{"type":"Feature","properties":{"A40_001":"大分県","A40_002":"44","A40_003":"3m以上 〜 4m未満"},"geometry":{"type":"Polygon","coordinates":[[[131.21477,33.60965],[131.21488,33.60974],[131.21488,33.60965],[131.21477,33.60965]]]}},{"type":"Feature","properties":{"A40_001":"大分県","A40_002":"44","A40_003":"1m以上 〜 2m未満"},"geometry":{"type":"Polygon","coordinates":[[[131.21456,33.60965],[131.21466,33.60974],[131.21466,33.60965],[131.21456,33.60965]]]}},{"type":"Feature","properties":{"A40_001":"大分県","A40_002":"44","A40_003":"0.3m未満"},"geometry":{"type":"Polygon","coordinates":[[[131.21445,33.60965],[131.21456,33.60974],[131.21456,33.60965],[131.21445,33.60965]]]}},{"type":"Feature","properties":{"A40_001":"大分県","A40_002":"44","A40_003":"0.3m以上 〜 1m未満"},"geometry":{"type":"Polygon","coordinates":[[[131.21143,33.60965],[131.21154,33.60974],[131.21154,33.60965],[131.21143,33.60965]]]}},{"type":"Feature","properties":{"A40_001":"大分県","A40_002":"44","A40_003":"2m以上 〜 3m未満"},"geometry":{"type":"Polygon","coordinates":[[[131.21068,33.60966],[131.21079,33.60975],[131.21078,33.60966],[131.21068,33.60966]]]}},{"type":"Feature","properties":{"A40_001":"大分県","A40_002":"44","A40_003":"0.3m以上 〜 1m未満"},"geometry":{"type":"Polygon","coordinates":[[[131.21057,33.60966],[131.21068,33.60975],[131.21068,33.60966],[131.21057,33.60966]]]}},{"type":"Feature","properties":{"A40_001":"大分県","A40_002":"44","A40_003":"2m以上 〜 3m未満"},"geometry":{"type":"Polygon","coordinates":[[[131.21035,33.60966],[131.21046,33.60975],[131.21046,33.60966],[131.21035,33.60966]]]}},{"type":"Feature","properties":{"A40_001":"大分県","A40_002":"44","A40_003":"0.3m未満"},"geometry":{"type":"Polygon","coordinates":[[[131.2582,33.6093],[131.25809,33.60948],[131.2582,33.60948],[131.2582,33.6093]]]}},{"type":"Feature","properties":{"A40_001":"大分県","A40_002":"44","A40_003":"0.3m未満"},"geometry":{"type":"Polygon","coordinates":[[[131.25432,33.60939],[131.25443,33.60948],[131.25443,33.60939],[131.25432,33.60939]]]}},{"type":"Feature","properties":{"A40_001":"大分県","A40_002":"44","A40_003":"1m以上 〜 2m未満"},"geometry":{"type":"Polygon","coordinates":[[[131.24872,33.6094],[131.24882,33.60949],[131.24882,33.6094],[131.24872,33.6094]]]}},{"type":"Feature","properties":{"A40_001":"大分県","A40_002":"44","A40_003":"2m以上 〜 3m未満"},"geometry":{"type":"Polygon","coordinates":[[[131.24376,33.60941],[131.24387,33.6095],[131.24387,33.60941],[131.24376,33.60941]]]}},{"type":"Feature","properties":{"A40_001":"大分県","A40_002":"44","A40_003":"0.3m以上 〜 1m未満"},"geometry":{"type":"Polygon","coordinates":[[[131.24872,33.6095],[131.24883,33.60958],[131.24882,33.60949],[131.24872,33.6095]]]}},{"type":"Feature","properties":{"A40_001":"大分県","A40_002":"44","A40_003":"2m以上 〜 3m未満"},"geometry":{"type":"Polygon","coordinates":[[[131.24398,33.60968],[131.24408,33.60977],[131.24408,33.60968],[131.24398,33.60968]]]}},{"type":"Feature","properties":{"A40_001":"大分県","A40_002":"44","A40_003":"0.3m未満"},"geometry":{"type":"Polygon","coordinates":[[[131.24904,33.60967],[131.24893,33.60986],[131.24904,33.60986],[131.24904,33.60967]]]}},{"type":"Feature","properties":{"A40_001":"大分県","A40_002":"44","A40_003":"0.3m以上 〜 1m未満"},"geometry":{"type":"Polygon","coordinates":[[[131.24408,33.60977],[131.24419,33.60986],[131.24419,33.60977],[131.24408,33.60977]]]}},{"type":"Feature","properties":{"A40_001":"大分県","A40_002":"44","A40_003":"0.3m未満"},"geometry":{"type":"Polygon","coordinates":[[[131.25809,33.60975],[131.25799,33.60993],[131.25809,33.60993],[131.25809,33.60975]]]}},{"type":"Feature","properties":{"A40_001":"大分県","A40_002":"44","A40_003":"0.3m以上 〜 1m未満"},"geometry":{"type":"Polygon","coordinates":[[[131.25799,33.60993],[131.25809,33.61002],[131.25809,33.60993],[131.25799,33.60993]]]}},{"type":"Feature","properties":{"A40_001":"大分県","A40_002":"44","A40_003":"0.3m以上 〜 1m未満"},"geometry":{"type":"Polygon","coordinates":[[[131.21003,33.60939],[131.21014,33.61002],[131.21068,33.60993],[131.21003,33.60939]]]}},{"type":"Feature","properties":{"A40_001":"大分県","A40_002":"44","A40_003":"0.3m以上 〜 1m未満"},"geometry":{"type":"Polygon","coordinates":[[[131.20917,33.60966],[131.20928,33.60975],[131.20928,33.60966],[131.20917,33.60966]]]}},{"type":"Feature","properties":{"A40_001":"大分県","A40_002":"44","A40_003":"2m以上 〜 3m未満"},"geometry":{"type":"Polygon","coordinates":[[[131.20755,33.60966],[131.20766,33.60975],[131.20766,33.60966],[131.20755,33.60966]]]}},{"type":"Feature","properties":{"A40_001":"大分県","A40_002":"44","A40_003":"1m以上 〜 2m未満"},"geometry":{"type":"Polygon","coordinates":[[[131.21466,33.60974],[131.21477,33.60983],[131.21477,33.60974],[131.21466,33.60974]]]}},{"type":"Feature","properties":{"A40_001":"大分県","A40_002":"44","A40_003":"2m以上 〜 3m未満"},"geometry":{"type":"Polygon","coordinates":[[[131.21456,33.60974],[131.21466,33.60983],[131.21466,33.60974],[131.21456,33.60974]]]}},{"type":"Feature","properties":{"A40_001":"大分県","A40_002":"44","A40_003":"2m以上 〜 3m未満"},"geometry":{"type":"Polygon","coordinates":[[[131.21143,33.60974],[131.21154,33.60983],[131.21154,33.60974],[131.21143,33.60974]]]}},{"type":"Feature","properties":{"A40_001":"大分県","A40_002":"44","A40_003":"0.3m以上 〜 1m未満"},"geometry":{"type":"Polygon","coordinates":[[[131.21132,33.60974],[131.21143,33.60983],[131.21143,33.60974],[131.21132,33.60974]]]}},{"type":"Feature","properties":{"A40_001":"大分県","A40_002":"44","A40_003":"0.3m以上 〜 1m未満"},"geometry":{"type":"Polygon","coordinates":[[[131.21068,33.60975],[131.21079,33.60984],[131.21079,33.60975],[131.21068,33.60975]]]}},{"type":"Feature","properties":{"A40_001":"大分県","A40_002":"44","A40_003":"2m以上 〜 3m未満"},"geometry":{"type":"Polygon","coordinates":[[[131.20992,33.60975],[131.21003,33.60984],[131.21003,33.60975],[131.20992,33.60975]]]}},{"type":"Feature","properties":{"A40_001":"大分県","A40_002":"44","A40_003":"0.3m以上 〜 1m未満"},"geometry":{"type":"Polygon","coordinates":[[[131.20798,33.60966],[131.20788,33.60993],[131.20809,33.60993],[131.20798,33.60966]]]}},{"type":"Feature","properties":{"A40_001":"大分県","A40_002":"44","A40_003":"0.3m以上 〜 1m未満"},"geometry":{"type":"Polygon","coordinates":[[[131.20313,33.60985],[131.20303,33.60967],[131.20292,33.60985],[131.20313,33.60985]]]}},{"type":"Feature","properties":{"A40_001":"大分県","A40_002":"44","A40_003":"1m以上 〜 2m未満"},"geometry":{"type":"Polygon","coordinates":[[[131.2054,33.60975],[131.2055,33.60984],[131.2055,33.60975],[131.2054,33.60975]]]}},{"type":"Feature","properties":{"A40_001":"大分県","A40_002":"44","A40_003":"2m以上 〜 3m未満"},"geometry":{"type":"Polygon","coordinates":[[[131.20313,33.60976],[131.20335,33.60985],[131.20335,33.60976],[131.20313,33.60976]]]}},{"type":"Feature","properties":{"A40_001":"大分県","A40_002":"44","A40_003":"0.3m未満"},"geometry":{"type":"Polygon","coordinates":[[[131.20216,33.60976],[131.20227,33.60985],[131.20227,33.60976],[131.20216,33.60976]]]}},{"type":"Feature","properties":{"A40_001":"大分県","A40_002":"44","A40_003":"0.3m未満"},"geometry":{"type":"Polygon","coordinates":[[[131.20173,33.60994],[131.20152,33.60967],[131.20152,33.60985],[131.20173,33.60994]]]}},{"type":"Feature","properties":{"A40_001":"大分県","A40_002":"44","A40_003":"0.3m未満"},"geometry":{"type":"Polygon","coordinates":[[[131.20119,33.60976],[131.2013,33.60985],[131.2013,33.60976],[131.20119,33.60976]]]}},{"type":"Feature","properties":{"A40_001":"大分県","A40_002":"44","A40_003":"0.3m未満"},"geometry":{"type":"Polygon","coordinates":[[[131.20012,33.60976],[131.20022,33.60985],[131.20022,33.60976],[131.20012,33.60976]]]}},{"type":"Feature","properties":{"A40_001":"大分県","A40_002":"44","A40_003":"0.3m未満"},"geometry":{"type":"Polygon","coordinates":[[[131.19872,33.60986],[131.19861,33.60977],[131.19861,33.60986],[131.19872,33.60986]]]}},{"type":"Feature","properties":{"A40_001":"大分県","A40_002":"44","A40_003":"0.3m以上 〜 1m未満"},"geometry":{"type":"Polygon","coordinates":[[[131.18837,33.60978],[131.18816,33.60987],[131.18837,33.60996],[131.18837,33.60978]]]}},{"type":"Feature","properties":{"A40_001":"大分県","A40_002":"44","A40_003":"0.3m未満"},"geometry":{"type":"Polygon","coordinates":[[[131.1818,33.60979],[131.1819,33.60988],[131.1819,33.60979],[131.1818,33.60979]]]}},{"type":"Feature","properties":{"A40_001":"大分県","A40_002":"44","A40_003":"1m以上 〜 2m未満"},"geometry":{"type":"Polygon","coordinates":[[[131.21456,33.60992],[131.21434,33.60974],[131.21434,33.60983],[131.21456,33.60992]]]}},{"type":"Feature","properties":{"A40_001":"大分県","A40_002":"44","A40_003":"2m以上 〜 3m未満"},"geometry":{"type":"Polygon","coordinates":[[[131.21434,33.60983],[131.21445,33.60992],[131.21445,33.60983],[131.21434,33.60983]]]}},{"type":"Feature","properties":{"A40_001":"大分県","A40_002":"44","A40_003":"1m以上 〜 2m未満"},"geometry":{"type":"Polygon","coordinates":[[[131.21423,33.60983],[131.21434,33.60992],[131.21434,33.60983],[131.21423,33.60983]]]}},{"type":"Feature","properties":{"A40_001":"大分県","A40_002":"44","A40_003":"1m以上 〜 2m未満"},"geometry":{"type":"Polygon","coordinates":[[[131.21132,33.60984],[131.21143,33.60993],[131.21143,33.60983],[131.21132,33.60984]]]}},{"type":"Feature","properties":{"A40_001":"大分県","A40_002":"44","A40_003":"2m以上 〜 3m未満"},"geometry":{"type":"Polygon","coordinates":[[[131.21122,33.60984],[131.21132,33.60993],[131.21132,33.60984],[131.21122,33.60984]]]}},{"type":"Feature","properties":{"A40_001":"大分県","A40_002":"44","A40_003":"2m以上 〜 3m未満"},"geometry":{"type":"Polygon","coordinates":[[[131.21068,33.60984],[131.21079,33.60993],[131.21079,33.60984],[131.21068,33.60984]]]}},{"type":"Feature","properties":{"A40_001":"大分県","A40_002":"44","A40_003":"2m以上 〜 3m未満"},"geometry":{"type":"Polygon","coordinates":[[[131.20938,33.60984],[131.20917,33.61002],[131.20938,33.61002],[131.20938,33.60984]]]}},{"type":"Feature","properties":{"A40_001":"大分県","A40_002":"44","A40_003":"2m以上 〜 3m未満"},"geometry":{"type":"Polygon","coordinates":[[[131.20691,33.61002],[131.2068,33.60975],[131.20669,33.60993],[131.20691,33.61002]]]}},{"type":"Feature","properties":{"A40_001":"大分県","A40_002":"44","A40_003":"1m以上 〜 2m未満"},"geometry":{"type":"Polygon","coordinates":[[[131.20712,33.60867],[131.20625,33.60777],[131.20518,33.6084],[131.20658,33.60921],[131.2055,33.60984],[131.20605,33.61048],[131.20572,33.61084],[131.20616,33.61201],[131.20691,33.61156],[131.20637,33.61065],[131.20701,33.61029],[131.20734,33.61065],[131.20842,33.61047],[131.20712,33.60867]],[[131.20669,33.61156],[131.20659,33.61147],[131.20669,33.61147],[131.20669,33.61156]],[[131.20788,33.61038],[131.20777,33.61029],[131.20788,33.61029],[131.20788,33.61038]],[[131.20777,33.61029],[131.20766,33.6102],[131.20777,33.6102],[131.20777,33.61029]],[[131.20766,33.60966],[131.20755,33.60975],[131.20755,33.60966],[131.20766,33.60966]],[[131.20712,33.60876],[131.2069,33.60885],[131.2069,33.60876],[131.20712,33.60876]],[[131.20615,33.61075],[131.20626,33.61066],[131.20626,33.61075],[131.20615,33.61075]],[[131.20636,33.60876],[131.20658,33.60867],[131.20658,33.60876],[131.20636,33.60876]],[[131.2068,33.61002],[131.20701,33.60975],[131.20701,33.60993],[131.2068,33.61002]],[[131.2068,33.60912],[131.2069,33.60903],[131.2069,33.60912],[131.2068,33.60912]],[[131.20658,33.6102],[131.20648,33.61002],[131.20658,33.61002],[131.20658,33.6102]],[[131.20723,33.61002],[131.20734,33.61011],[131.20723,33.61011],[131.20723,33.61002]],[[131.20745,33.61002],[131.20755,33.60993],[131.20755,33.61002],[131.20745,33.61002]],[[131.20626,33.61002],[131.20637,33.61011],[131.20626,33.61011],[131.20626,33.61002]]]}},{"type":"Feature","properties":{"A40_001":"大分県","A40_002":"44","A40_003":"2m以上 〜 3m未満"},"geometry":{"type":"Polygon","coordinates":[[[131.21014,33.60984],[131.21003,33.61002],[131.21014,33.61002],[131.21014,33.60984]]]}},{"type":"Feature","properties":{"A40_001":"大分県","A40_002":"44","A40_003":"0.3m以上 〜 1m未満"},"geometry":{"type":"Polygon","coordinates":[[[131.2027,33.60985],[131.20281,33.60994],[131.20281,33.60985],[131.2027,33.60985]]]}},{"type":"Feature","properties":{"A40_001":"大分県","A40_002":"44","A40_003":"0.3m未満"},"geometry":{"type":"Polygon","coordinates":[[[131.2026,33.60985],[131.2027,33.60994],[131.2027,33.60985],[131.2026,33.60985]]]}},{"type":"Feature","properties":{"A40_001":"大分県","A40_002":"44","A40_003":"0.3m未満"},"geometry":{"type":"Polygon","coordinates":[[[131.19936,33.60995],[131.19969,33.60985],[131.19936,33.60985],[131.19936,33.60995]]]}},{"type":"Feature","properties":{"A40_001":"大分県","A40_002":"44","A40_003":"0.3m未満"},"geometry":{"type":"Polygon","coordinates":[[[131.19904,33.60986],[131.19915,33.60995],[131.19915,33.60986],[131.19904,33.60986]]]}},{"type":"Feature","properties":{"A40_001":"大分県","A40_002":"44","A40_003":"0.3m以上 〜 1m未満"},"geometry":{"type":"Polygon","coordinates":[[[131.19882,33.61004],[131.19861,33.60986],[131.19872,33.61004],[131.19882,33.61004]]]}},{"type":"Feature","properties":{"A40_001":"大分県","A40_002":"44","A40_003":"0.3m未満"},"geometry":{"type":"Polygon","coordinates":[[[131.1819,33.60988],[131.18201,33.60997],[131.18201,33.60988],[131.1819,33.60988]]]}},{"type":"Feature","properties":{"A40_001":"大分県","A40_002":"44","A40_003":"2m以上 〜 3m未満"},"geometry":{"type":"Polygon","coordinates":[[[131.20357,33.60976],[131.20357,33.61021],[131.2041,33.60994],[131.20357,33.60976]]]}},{"type":"Feature","properties":{"A40_001":"大分県","A40_002":"44","A40_003":"0.3m以上 〜 1m未満"},"geometry":{"type":"Polygon","coordinates":[[[131.20249,33.60994],[131.2026,33.61003],[131.2026,33.60994],[131.20249,33.60994]]]}},{"type":"Feature","properties":{"A40_001":"大分県","A40_002":"44","A40_003":"0.3m未満"},"geometry":{"type":"Polygon","coordinates":[[[131.20238,33.60994],[131.20249,33.61003],[131.20249,33.60994],[131.20238,33.60994]]]}},{"type":"Feature","properties":{"A40_001":"大分県","A40_002":"44","A40_003":"0.3m未満"},"geometry":{"type":"Polygon","coordinates":[[[131.2013,33.60994],[131.20141,33.61003],[131.20141,33.60994],[131.2013,33.60994]]]}},{"type":"Feature","properties":{"A40_001":"大分県","A40_002":"44","A40_003":"0.3m以上 〜 1m未満"},"geometry":{"type":"Polygon","coordinates":[[[131.21434,33.60992],[131.21445,33.61001],[131.21445,33.60992],[131.21434,33.60992]]]}},{"type":"Feature","properties":{"A40_001":"大分県","A40_002":"44","A40_003":"2m以上 〜 3m未満"},"geometry":{"type":"Polygon","coordinates":[[[131.21423,33.60992],[131.21434,33.61001],[131.21434,33.60992],[131.21423,33.60992]]]}},{"type":"Feature","properties":{"A40_001":"大分県","A40_002":"44","A40_003":"0.3m以上 〜 1m未満"},"geometry":{"type":"Polygon","coordinates":[[[131.21423,33.60983],[131.21413,33.6101],[131.21423,33.6101],[131.21423,33.60983]]]}},{"type":"Feature","properties":{"A40_001":"大分県","A40_002":"44","A40_003":"0.3m未満"},"geometry":{"type":"Polygon","coordinates":[[[131.21391,33.60992],[131.21402,33.61001],[131.21402,33.60992],[131.21391,33.60992]]]}},{"type":"Feature","properties":{"A40_001":"大分県","A40_002":"44","A40_003":"0.3m以上 〜 1m未満"},"geometry":{"type":"Polygon","coordinates":[[[131.21111,33.61002],[131.21132,33.60993],[131.21111,33.60993],[131.21111,33.61002]]]}},{"type":"Feature","properties":{"A40_001":"大分県","A40_002":"44","A40_003":"2m以上 〜 3m未満"},"geometry":{"type":"Polygon","coordinates":[[[131.20971,33.60993],[131.20982,33.61002],[131.20982,33.60993],[131.20971,33.60993]]]}},{"type":"Feature","properties":{"A40_001":"大分県","A40_002":"44","A40_003":"2m以上 〜 3m未満"},"geometry":{"type":"Polygon","coordinates":[[[131.20744,33.60993],[131.20755,33.61002],[131.20755,33.60993],[131.20744,33.60993]]]}},{"type":"Feature","properties":{"A40_001":"大分県","A40_002":"44","A40_003":"2m以上 〜 3m未満"},"geometry":{"type":"Polygon","coordinates":[[[131.21068,33.61011],[131.21014,33.61002],[131.21014,33.61011],[131.21068,33.61011]]]}},{"type":"Feature","properties":{"A40_001":"大分県","A40_002":"44","A40_003":"1m以上 〜 2m未満"},"geometry":{"type":"Polygon","coordinates":[[[131.21413,33.60992],[131.21391,33.61001],[131.21391,33.61019],[131.21413,33.60992]]]}},{"type":"Feature","properties":{"A40_001":"大分県","A40_002":"44","A40_003":"0.3m未満"},"geometry":{"type":"Polygon","coordinates":[[[131.21111,33.61002],[131.21122,33.61011],[131.21122,33.61002],[131.21111,33.61002]]]}},{"type":"Feature","properties":{"A40_001":"大分県","A40_002":"44","A40_003":"2m以上 〜 3m未満"},"geometry":{"type":"Polygon","coordinates":[[[131.20938,33.61002],[131.20949,33.61011],[131.20949,33.61002],[131.20938,33.61002]]]}},{"type":"Feature","properties":{"A40_001":"大分県","A40_002":"44","A40_003":"1m以上 〜 2m未満"},"geometry":{"type":"Polygon","coordinates":[[[131.20928,33.61002],[131.20939,33.61011],[131.20938,33.61002],[131.20928,33.61002]]]}},{"type":"Feature","properties":{"A40_001":"大分県","A40_002":"44","A40_003":"0.3m以上 〜 1m未満"},"geometry":{"type":"Polygon","coordinates":[[[131.2082,33.60993],[131.20809,33.6102],[131.20831,33.6102],[131.2082,33.60993]]]}},{"type":"Feature","properties":{"A40_001":"大分県","A40_002":"44","A40_003":"2m以上 〜 3m未満"},"geometry":{"type":"Polygon","coordinates":[[[131.20723,33.61002],[131.20734,33.61011],[131.20734,33.61002],[131.20723,33.61002]]]}},{"type":"Feature","properties":{"A40_001":"大分県","A40_002":"44","A40_003":"0.3m以上 〜 1m未満"},"geometry":{"type":"Polygon","coordinates":[[[131.20658,33.61002],[131.20648,33.6102],[131.20658,33.6102],[131.20658,33.61002]]]}},{"type":"Feature","properties":{"A40_001":"大分県","A40_002":"44","A40_003":"0.3m以上 〜 1m未満"},"geometry":{"type":"Polygon","coordinates":[[[131.21402,33.6101],[131.21413,33.61019],[131.21413,33.6101],[131.21402,33.6101]]]}},{"type":"Feature","properties":{"A40_001":"大分県","A40_002":"44","A40_003":"0.3m以上 〜 1m未満"},"geometry":{"type":"Polygon","coordinates":[[[131.21391,33.61001],[131.2137,33.61019],[131.21391,33.61028],[131.21391,33.61001]]]}},{"type":"Feature","properties":{"A40_001":"大分県","A40_002":"44","A40_003":"1m以上 〜 2m未満"},"geometry":{"type":"Polygon","coordinates":[[[131.21359,33.6101],[131.2137,33.61019],[131.2137,33.6101],[131.21359,33.6101]]]}},{"type":"Feature","properties":{"A40_001":"大分県","A40_002":"44","A40_003":"0.3m以上 〜 1m未満"},"geometry":{"type":"Polygon","coordinates":[[[131.21089,33.61011],[131.211,33.6102],[131.211,33.61011],[131.21089,33.61011]]]}},{"type":"Feature","properties":{"A40_001":"大分県","A40_002":"44","A40_003":"2m以上 〜 3m未満"},"geometry":{"type":"Polygon","coordinates":[[[131.21079,33.61011],[131.21089,33.6102],[131.21089,33.61011],[131.21079,33.61011]]]}},{"type":"Feature","properties":{"A40_001":"大分県","A40_002":"44","A40_003":"0.3m以上 〜 1m未満"},"geometry":{"type":"Polygon","coordinates":[[[131.19053,33.61005],[131.19042,33.60996],[131.19042,33.61005],[131.19053,33.61005]]]}},{"type":"Feature","properties":{"A40_001":"大分県","A40_002":"44","A40_003":"0.3m以上 〜 1m未満"},"geometry":{"type":"Polygon","coordinates":[[[131.18191,33.60997],[131.18201,33.61006],[131.18201,33.60997],[131.18191,33.60997]]]}},{"type":"Feature","properties":{"A40_001":"大分県","A40_002":"44","A40_003":"0.3m以上 〜 1m未満"},"geometry":{"type":"Polygon","coordinates":[[[131.20626,33.61002],[131.20637,33.61011],[131.20637,33.61002],[131.20626,33.61002]]]}},{"type":"Feature","properties":{"A40_001":"大分県","A40_002":"44","A40_003":"1m以上 〜 2m未満"},"geometry":{"type":"Polygon","coordinates":[[[131.2054,33.61003],[131.20551,33.61012],[131.20551,33.61003],[131.2054,33.61003]]]}},{"type":"Feature","properties":{"A40_001":"大分県","A40_002":"44","A40_003":"0.3m未満"},"geometry":{"type":"Polygon","coordinates":[[[131.20227,33.60994],[131.20217,33.61021],[131.20227,33.61021],[131.20227,33.60994]]]}},{"type":"Feature","properties":{"A40_001":"大分県","A40_002":"44","A40_003":"0.3m以上 〜 1m未満"},"geometry":{"type":"Polygon","coordinates":[[[131.19861,33.61013],[131.1985,33.61004],[131.1985,33.61013],[131.19861,33.61013]]]}},{"type":"Feature","properties":{"A40_001":"大分県","A40_002":"44","A40_003":"1m以上 〜 2m未満"},"geometry":{"type":"Polygon","coordinates":[[[131.19074,33.61005],[131.19053,33.61014],[131.19074,33.61014],[131.19074,33.61005]]]}},{"type":"Feature","properties":{"A40_001":"大分県","A40_002":"44","A40_003":"0.3m以上 〜 1m未満"},"geometry":{"type":"Polygon","coordinates":[[[131.18869,33.61005],[131.18848,33.61014],[131.18869,33.61023],[131.18869,33.61005]]]}},{"type":"Feature","properties":{"A40_001":"大分県","A40_002":"44","A40_003":"0.3m未満"},"geometry":{"type":"Polygon","coordinates":[[[131.18201,33.61006],[131.18212,33.61015],[131.18212,33.61006],[131.18201,33.61006]]]}},{"type":"Feature","properties":{"A40_001":"大分県","A40_002":"44","A40_003":"2m以上 〜 3m未満"},"geometry":{"type":"Polygon","coordinates":[[[131.20486,33.60903],[131.20443,33.61003],[131.20518,33.61021],[131.20508,33.61075],[131.20605,33.61165],[131.20572,33.61084],[131.20605,33.61048],[131.2055,33.60984],[131.20658,33.60921],[131.20604,33.60867],[131.20604,33.60912],[131.20518,33.60957],[131.20486,33.60903]],[[131.20551,33.61003],[131.2054,33.61012],[131.2054,33.61003],[131.20551,33.61003]],[[131.2055,33.60984],[131.2054,33.60975],[131.2055,33.60975],[131.2055,33.60984]],[[131.20626,33.60939],[131.20615,33.6093],[131.20626,33.6093],[131.20626,33.60939]],[[131.20604,33.60912],[131.20615,33.60921],[131.20604,33.60921],[131.20604,33.60912]]]}},{"type":"Feature","properties":{"A40_001":"大分県","A40_002":"44","A40_003":"1m以上 〜 2m未満"},"geometry":{"type":"Polygon","coordinates":[[[131.20486,33.61012],[131.20497,33.61021],[131.20497,33.61012],[131.20486,33.61012]]]}},{"type":"Feature","properties":{"A40_001":"大分県","A40_002":"44","A40_003":"0.3m未満"},"geometry":{"type":"Polygon","coordinates":[[[131.20087,33.61012],[131.20098,33.61021],[131.20098,33.61012],[131.20087,33.61012]]]}},{"type":"Feature","properties":{"A40_001":"大分県","A40_002":"44","A40_003":"0.3m以上 〜 1m未満"},"geometry":{"type":"Polygon","coordinates":[[[131.19085,33.61023],[131.19063,33.61014],[131.19063,33.61023],[131.19085,33.61023]]]}},{"type":"Feature","properties":{"A40_001":"大分県","A40_002":"44","A40_003":"0.3m未満"},"geometry":{"type":"Polygon","coordinates":[[[131.19828,33.60968],[131.19807,33.6104],[131.19839,33.61076],[131.19936,33.61058],[131.19893,33.61031],[131.19904,33.60968],[131.19872,33.61004],[131.19828,33.60968]],[[131.19818,33.6104],[131.19829,33.61031],[131.19829,33.6104],[131.19818,33.6104]],[[131.19861,33.61031],[131.19882,33.61013],[131.19882,33.61031],[131.19861,33.61031]],[[131.19861,33.61013],[131.1985,33.61004],[131.19861,33.61004],[131.19861,33.61013]]]}},{"type":"Feature","properties":{"A40_001":"大分県","A40_002":"44","A40_003":"0.3m以上 〜 1m未満"},"geometry":{"type":"Polygon","coordinates":[[[131.19882,33.61013],[131.19861,33.61031],[131.19882,33.61031],[131.19882,33.61013]]]}},{"type":"Feature","properties":{"A40_001":"大分県","A40_002":"44","A40_003":"0.3m以上 〜 1m未満"},"geometry":{"type":"Polygon","coordinates":[[[131.20486,33.61021],[131.20497,33.6103],[131.20497,33.61021],[131.20486,33.61021]]]}},{"type":"Feature","properties":{"A40_001":"大分県","A40_002":"44","A40_003":"0.3m未満"},"geometry":{"type":"Polygon","coordinates":[[[131.20206,33.61021],[131.20217,33.6103],[131.20217,33.61021],[131.20206,33.61021]]]}},{"type":"Feature","properties":{"A40_001":"大分県","A40_002":"44","A40_003":"0.3m以上 〜 1m未満"},"geometry":{"type":"Polygon","coordinates":[[[131.19516,33.61031],[131.19505,33.61022],[131.19505,33.61031],[131.19516,33.61031]]]}},{"type":"Feature","properties":{"A40_001":"大分県","A40_002":"44","A40_003":"0.3m未満"},"geometry":{"type":"Polygon","coordinates":[[[131.19085,33.61032],[131.19074,33.61023],[131.19074,33.61032],[131.19085,33.61032]]]}},{"type":"Feature","properties":{"A40_001":"大分県","A40_002":"44","A40_003":"0.3m以上 〜 1m未満"},"geometry":{"type":"Polygon","coordinates":[[[131.18374,33.61024],[131.18385,33.61033],[131.18385,33.61024],[131.18374,33.61024]]]}},{"type":"Feature","properties":{"A40_001":"大分県","A40_002":"44","A40_003":"1m以上 〜 2m未満"},"geometry":{"type":"Polygon","coordinates":[[[131.20949,33.61011],[131.20939,33.61029],[131.20949,33.61029],[131.20949,33.61011]]]}},{"type":"Feature","properties":{"A40_001":"大分県","A40_002":"44","A40_003":"1m以上 〜 2m未満"},"geometry":{"type":"Polygon","coordinates":[[[131.2137,33.61019],[131.2138,33.61028],[131.2138,33.61019],[131.2137,33.61019]]]}},{"type":"Feature","properties":{"A40_001":"大分県","A40_002":"44","A40_003":"0.3m以上 〜 1m未満"},"geometry":{"type":"Polygon","coordinates":[[[131.21359,33.61019],[131.2137,33.61028],[131.2137,33.61019],[131.21359,33.61019]]]}},{"type":"Feature","properties":{"A40_001":"大分県","A40_002":"44","A40_003":"0.3m以上 〜 1m未満"},"geometry":{"type":"Polygon","coordinates":[[[131.21068,33.61029],[131.21089,33.6102],[131.21068,33.6102],[131.21068,33.61029]]]}},{"type":"Feature","properties":{"A40_001":"大分県","A40_002":"44","A40_003":"0.3m以上 〜 1m未満"},"geometry":{"type":"Polygon","coordinates":[[[131.20831,33.6102],[131.20842,33.61029],[131.20842,33.6102],[131.20831,33.6102]]]}},{"type":"Feature","properties":{"A40_001":"大分県","A40_002":"44","A40_003":"2m以上 〜 3m未満"},"geometry":{"type":"Polygon","coordinates":[[[131.20766,33.6102],[131.20777,33.61029],[131.20777,33.6102],[131.20766,33.6102]]]}},{"type":"Feature","properties":{"A40_001":"大分県","A40_002":"44","A40_003":"1m以上 〜 2m未満"},"geometry":{"type":"Polygon","coordinates":[[[131.21359,33.61019],[131.21348,33.61037],[131.21359,33.61037],[131.21359,33.61019]]]}},{"type":"Feature","properties":{"A40_001":"大分県","A40_002":"44","A40_003":"0.3m以上 〜 1m未満"},"geometry":{"type":"Polygon","coordinates":[[[131.21348,33.61019],[131.21337,33.61037],[131.21348,33.61037],[131.21348,33.61019]]]}},{"type":"Feature","properties":{"A40_001":"大分県","A40_002":"44","A40_003":"2m以上 〜 3m未満"},"geometry":{"type":"Polygon","coordinates":[[[131.2096,33.61011],[131.2096,33.61047],[131.20982,33.61047],[131.2096,33.61011]]]}},{"type":"Feature","properties":{"A40_001":"大分県","A40_002":"44","A40_003":"0.3m未満"},"geometry":{"type":"Polygon","coordinates":[[[131.21359,33.61028],[131.2137,33.61037],[131.2137,33.61028],[131.21359,33.61028]]]}},{"type":"Feature","properties":{"A40_001":"大分県","A40_002":"44","A40_003":"0.3m未満"},"geometry":{"type":"Polygon","coordinates":[[[131.2485,33.61004],[131.24861,33.61013],[131.24861,33.61004],[131.2485,33.61004]]]}},{"type":"Feature","properties":{"A40_001":"大分県","A40_002":"44","A40_003":"1m以上 〜 2m未満"},"geometry":{"type":"Polygon","coordinates":[[[131.2443,33.61004],[131.24441,33.61013],[131.24441,33.61004],[131.2443,33.61004]]]}},{"type":"Feature","properties":{"A40_001":"大分県","A40_002":"44","A40_003":"0.3m以上 〜 1m未満"},"geometry":{"type":"Polygon","coordinates":[[[131.2484,33.61013],[131.2485,33.61022],[131.2485,33.61013],[131.2484,33.61013]]]}},{"type":"Feature","properties":{"A40_001":"大分県","A40_002":"44","A40_003":"0.3m未満"},"geometry":{"type":"Polygon","coordinates":[[[131.25799,33.61029],[131.2581,33.61038],[131.25809,33.61029],[131.25799,33.61029]]]}},{"type":"Feature","properties":{"A40_001":"大分県","A40_002":"44","A40_003":"2m以上 〜 3m未満"},"geometry":{"type":"Polygon","coordinates":[[[131.24818,33.61031],[131.24829,33.6104],[131.24829,33.61031],[131.24818,33.61031]]]}},{"type":"Feature","properties":{"A40_001":"大分県","A40_002":"44","A40_003":"0.3m以上 〜 1m未満"},"geometry":{"type":"Polygon","coordinates":[[[131.24462,33.61031],[131.24473,33.6104],[131.24473,33.61031],[131.24462,33.61031]]]}},{"type":"Feature","properties":{"A40_001":"大分県","A40_002":"44","A40_003":"2m以上 〜 3m未満"},"geometry":{"type":"Polygon","coordinates":[[[131.25422,33.61039],[131.25432,33.61048],[131.25432,33.61039],[131.25422,33.61039]]]}},{"type":"Feature","properties":{"A40_001":"大分県","A40_002":"44","A40_003":"0.3m以上 〜 1m未満"},"geometry":{"type":"Polygon","coordinates":[[[131.24807,33.6104],[131.24818,33.61049],[131.24818,33.6104],[131.24807,33.6104]]]}},{"type":"Feature","properties":{"A40_001":"大分県","A40_002":"44","A40_003":"0.3m未満"},"geometry":{"type":"Polygon","coordinates":[[[131.24473,33.6104],[131.24484,33.61049],[131.24484,33.6104],[131.24473,33.6104]]]}},{"type":"Feature","properties":{"A40_001":"大分県","A40_002":"44","A40_003":"0.3m以上 〜 1m未満"},"geometry":{"type":"Polygon","coordinates":[[[131.25799,33.61047],[131.2581,33.61056],[131.2581,33.61047],[131.25799,33.61047]]]}},{"type":"Feature","properties":{"A40_001":"大分県","A40_002":"44","A40_003":"0.3m未満"},"geometry":{"type":"Polygon","coordinates":[[[131.18363,33.61024],[131.18374,33.61033],[131.18374,33.61024],[131.18363,33.61024]]]}},{"type":"Feature","properties":{"A40_001":"大分県","A40_002":"44","A40_003":"0.3m未満"},"geometry":{"type":"Polygon","coordinates":[[[131.19559,33.6095],[131.19516,33.61031],[131.19419,33.61058],[131.19452,33.61103],[131.19549,33.61103],[131.19527,33.61022],[131.19591,33.61022],[131.19548,33.6104],[131.1957,33.61076],[131.19656,33.6104],[131.19559,33.6095]],[[131.19516,33.61076],[131.19505,33.61085],[131.19505,33.61076],[131.19516,33.61076]],[[131.19591,33.60995],[131.19581,33.61013],[131.19581,33.60995],[131.19591,33.60995]],[[131.19484,33.61076],[131.19495,33.61085],[131.19484,33.61085],[131.19484,33.61076]],[[131.19484,33.61085],[131.19473,33.61094],[131.19473,33.61085],[131.19484,33.61085]],[[131.19592,33.61049],[131.19602,33.61058],[131.19592,33.61058],[131.19592,33.61049]],[[131.19602,33.61049],[131.19613,33.6104],[131.19613,33.61049],[131.19602,33.61049]],[[131.19559,33.60995],[131.1957,33.61004],[131.19559,33.61004],[131.19559,33.60995]]]}},{"type":"Feature","properties":{"A40_001":"大分県","A40_002":"44","A40_003":"0.3m以上 〜 1m未満"},"geometry":{"type":"Polygon","coordinates":[[[131.18859,33.61041],[131.18848,33.61032],[131.18848,33.61041],[131.18859,33.61041]]]}},{"type":"Feature","properties":{"A40_001":"大分県","A40_002":"44","A40_003":"0.3m以上 〜 1m未満"},"geometry":{"type":"Polygon","coordinates":[[[131.18773,33.61032],[131.18783,33.61041],[131.18783,33.61032],[131.18773,33.61032]]]}},{"type":"Feature","properties":{"A40_001":"大分県","A40_002":"44","A40_003":"0.3m未満"},"geometry":{"type":"Polygon","coordinates":[[[131.18471,33.61033],[131.18482,33.61042],[131.18482,33.61033],[131.18471,33.61033]]]}},{"type":"Feature","properties":{"A40_001":"大分県","A40_002":"44","A40_003":"0.3m以上 〜 1m未満"},"geometry":{"type":"Polygon","coordinates":[[[131.18471,33.61024],[131.1846,33.61051],[131.18471,33.61051],[131.18471,33.61024]]]}},{"type":"Feature","properties":{"A40_001":"大分県","A40_002":"44","A40_003":"0.3m以上 〜 1m未満"},"geometry":{"type":"Polygon","coordinates":[[[131.18363,33.61033],[131.18374,33.61042],[131.18374,33.61033],[131.18363,33.61033]]]}},{"type":"Feature","properties":{"A40_001":"大分県","A40_002":"44","A40_003":"0.3m未満"},"geometry":{"type":"Polygon","coordinates":[[[131.18352,33.61033],[131.18363,33.61042],[131.18363,33.61033],[131.18352,33.61033]]]}},{"type":"Feature","properties":{"A40_001":"大分県","A40_002":"44","A40_003":"0.3m未満"},"geometry":{"type":"Polygon","coordinates":[[[131.19096,33.61041],[131.19085,33.6105],[131.19107,33.6105],[131.19096,33.61041]]]}},{"type":"Feature","properties":{"A40_001":"大分県","A40_002":"44","A40_003":"0.3m未満"},"geometry":{"type":"Polygon","coordinates":[[[131.18374,33.61015],[131.18342,33.6106],[131.18449,33.61078],[131.1846,33.61024],[131.18417,33.61051],[131.18374,33.61015]]]}},{"type":"Feature","properties":{"A40_001":"大分県","A40_002":"44","A40_003":"1m以上 〜 2m未満"},"geometry":{"type":"Polygon","coordinates":[[[131.21327,33.61028],[131.21337,33.61037],[131.21337,33.61028],[131.21327,33.61028]]]}},{"type":"Feature","properties":{"A40_001":"大分県","A40_002":"44","A40_003":"0.3m以上 〜 1m未満"},"geometry":{"type":"Polygon","coordinates":[[[131.21316,33.61028],[131.21327,33.61037],[131.21327,33.61028],[131.21316,33.61028]]]}},{"type":"Feature","properties":{"A40_001":"大分県","A40_002":"44","A40_003":"1m以上 〜 2m未満"},"geometry":{"type":"Polygon","coordinates":[[[131.21068,33.61029],[131.21079,33.61038],[131.21079,33.61029],[131.21068,33.61029]]]}},{"type":"Feature","properties":{"A40_001":"大分県","A40_002":"44","A40_003":"0.3m以上 〜 1m未満"},"geometry":{"type":"Polygon","coordinates":[[[131.21057,33.61029],[131.21068,33.61038],[131.21068,33.61029],[131.21057,33.61029]]]}},{"type":"Feature","properties":{"A40_001":"大分県","A40_002":"44","A40_003":"2m以上 〜 3m未満"},"geometry":{"type":"Polygon","coordinates":[[[131.20777,33.61029],[131.20788,33.61038],[131.20788,33.61029],[131.20777,33.61029]]]}},{"type":"Feature","properties":{"A40_001":"大分県","A40_002":"44","A40_003":"1m以上 〜 2m未満"},"geometry":{"type":"Polygon","coordinates":[[[131.21337,33.61037],[131.21348,33.61046],[131.21348,33.61037],[131.21337,33.61037]]]}},{"type":"Feature","properties":{"A40_001":"大分県","A40_002":"44","A40_003":"0.3m以上 〜 1m未満"},"geometry":{"type":"Polygon","coordinates":[[[131.21327,33.61037],[131.21337,33.61046],[131.21337,33.61037],[131.21327,33.61037]]]}},{"type":"Feature","properties":{"A40_001":"大分県","A40_002":"44","A40_003":"2m以上 〜 3m未満"},"geometry":{"type":"Polygon","coordinates":[[[131.21316,33.61037],[131.21327,33.61046],[131.21327,33.61037],[131.21316,33.61037]]]}},{"type":"Feature","properties":{"A40_001":"大分県","A40_002":"44","A40_003":"0.3m以上 〜 1m未満"},"geometry":{"type":"Polygon","coordinates":[[[131.21305,33.61037],[131.21316,33.61046],[131.21316,33.61037],[131.21305,33.61037]]]}},{"type":"Feature","properties":{"A40_001":"大分県","A40_002":"44","A40_003":"1m以上 〜 2m未満"},"geometry":{"type":"Polygon","coordinates":[[[131.21057,33.61038],[131.21068,33.61047],[131.21068,33.61038],[131.21057,33.61038]]]}},{"type":"Feature","properties":{"A40_001":"大分県","A40_002":"44","A40_003":"0.3m以上 〜 1m未満"},"geometry":{"type":"Polygon","coordinates":[[[131.21046,33.61038],[131.21057,33.61047],[131.21057,33.61038],[131.21046,33.61038]]]}},{"type":"Feature","properties":{"A40_001":"大分県","A40_002":"44","A40_003":"2m以上 〜 3m未満"},"geometry":{"type":"Polygon","coordinates":[[[131.21036,33.61038],[131.21046,33.61047],[131.21046,33.61038],[131.21036,33.61038]]]}},{"type":"Feature","properties":{"A40_001":"大分県","A40_002":"44","A40_003":"0.3m以上 〜 1m未満"},"geometry":{"type":"Polygon","coordinates":[[[131.20852,33.61029],[131.20842,33.61056],[131.20863,33.61056],[131.20852,33.61029]]]}},{"type":"Feature","properties":{"A40_001":"大分県","A40_002":"44","A40_003":"0.3m未満"},"geometry":{"type":"Polygon","coordinates":[[[131.21327,33.61046],[131.21337,33.61055],[131.21337,33.61046],[131.21327,33.61046]]]}},{"type":"Feature","properties":{"A40_001":"大分県","A40_002":"44","A40_003":"1m以上 〜 2m未満"},"geometry":{"type":"Polygon","coordinates":[[[131.21316,33.61046],[131.21327,33.61055],[131.21327,33.61046],[131.21316,33.61046]]]}},{"type":"Feature","properties":{"A40_001":"大分県","A40_002":"44","A40_003":"3m以上 〜 4m未満"},"geometry":{"type":"Polygon","coordinates":[[[131.21305,33.61046],[131.21316,33.61055],[131.21316,33.61046],[131.21305,33.61046]]]}},{"type":"Feature","properties":{"A40_001":"大分県","A40_002":"44","A40_003":"0.3m未満"},"geometry":{"type":"Polygon","coordinates":[[[131.21283,33.61046],[131.21294,33.61055],[131.21294,33.61046],[131.21283,33.61046]]]}},{"type":"Feature","properties":{"A40_001":"大分県","A40_002":"44","A40_003":"1m以上 〜 2m未満"},"geometry":{"type":"Polygon","coordinates":[[[131.21046,33.61047],[131.21057,33.61056],[131.21057,33.61047],[131.21046,33.61047]]]}},{"type":"Feature","properties":{"A40_001":"大分県","A40_002":"44","A40_003":"3m以上 〜 4m未満"},"geometry":{"type":"Polygon","coordinates":[[[131.21036,33.61047],[131.21046,33.61056],[131.21046,33.61047],[131.21036,33.61047]]]}},{"type":"Feature","properties":{"A40_001":"大分県","A40_002":"44","A40_003":"2m以上 〜 3m未満"},"geometry":{"type":"Polygon","coordinates":[[[131.20982,33.61047],[131.20993,33.61056],[131.20992,33.61047],[131.20982,33.61047]]]}},{"type":"Feature","properties":{"A40_001":"大分県","A40_002":"44","A40_003":"0.3m以上 〜 1m未満"},"geometry":{"type":"Polygon","coordinates":[[[131.20141,33.61039],[131.20152,33.61048],[131.20152,33.61039],[131.20141,33.61039]]]}},{"type":"Feature","properties":{"A40_001":"大分県","A40_002":"44","A40_003":"0.3m未満"},"geometry":{"type":"Polygon","coordinates":[[[131.1999,33.6104],[131.20001,33.61049],[131.20001,33.61039],[131.1999,33.6104]]]}},{"type":"Feature","properties":{"A40_001":"大分県","A40_002":"44","A40_003":"0.3m以上 〜 1m未満"},"geometry":{"type":"Polygon","coordinates":[[[131.18837,33.6105],[131.18826,33.61041],[131.18826,33.6105],[131.18837,33.6105]]]}},{"type":"Feature","properties":{"A40_001":"大分県","A40_002":"44","A40_003":"0.3m以上 〜 1m未満"},"geometry":{"type":"Polygon","coordinates":[[[131.18352,33.61042],[131.18363,33.61051],[131.18363,33.61042],[131.18352,33.61042]]]}},{"type":"Feature","properties":{"A40_001":"大分県","A40_002":"44","A40_003":"0.3m未満"},"geometry":{"type":"Polygon","coordinates":[[[131.1874,33.60924],[131.18643,33.60988],[131.18643,33.61024],[131.18751,33.61032],[131.18719,33.61078],[131.18762,33.61141],[131.18827,33.61131],[131.18794,33.61177],[131.18902,33.61122],[131.18924,33.61185],[131.18956,33.61185],[131.18934,33.6114],[131.1901,33.61149],[131.1874,33.60924]],[[131.18827,33.61131],[131.18837,33.61122],[131.18837,33.61131],[131.18827,33.61131]],[[131.18891,33.61122],[131.18827,33.61113],[131.18826,33.61041],[131.18891,33.61086],[131.18891,33.61122]],[[131.18773,33.61032],[131.18783,33.61041],[131.18773,33.61041],[131.18773,33.61032]],[[131.18848,33.61032],[131.18859,33.61041],[131.18848,33.61041],[131.18848,33.61032]],[[131.1874,33.60987],[131.18762,33.60978],[131.18762,33.60987],[131.1874,33.60987]],[[131.18762,33.61014],[131.18783,33.61005],[131.18783,33.61014],[131.18762,33.61014]],[[131.18816,33.61077],[131.18805,33.6105],[131.18816,33.6105],[131.18816,33.61077]],[[131.1887,33.61059],[131.1888,33.61068],[131.1887,33.61068],[131.1887,33.61059]]]}},{"type":"Feature","properties":{"A40_001":"大分県","A40_002":"44","A40_003":"0.3m未満"},"geometry":{"type":"Polygon","coordinates":[[[131.18697,33.61042],[131.18686,33.6106],[131.18697,33.6106],[131.18697,33.61042]]]}},{"type":"Feature","properties":{"A40_001":"大分県","A40_002":"44","A40_003":"1m以上 〜 2m未満"},"geometry":{"type":"Polygon","coordinates":[[[131.20346,33.61048],[131.20357,33.61057],[131.20357,33.61048],[131.20346,33.61048]]]}},{"type":"Feature","properties":{"A40_001":"大分県","A40_002":"44","A40_003":"0.3m以上 〜 1m未満"},"geometry":{"type":"Polygon","coordinates":[[[131.20109,33.61048],[131.2012,33.61057],[131.2012,33.61048],[131.20109,33.61048]]]}},{"type":"Feature","properties":{"A40_001":"大分県","A40_002":"44","A40_003":"0.3m未満"},"geometry":{"type":"Polygon","coordinates":[[[131.1846,33.61051],[131.18471,33.6106],[131.18471,33.61051],[131.1846,33.61051]]]}},{"type":"Feature","properties":{"A40_001":"大分県","A40_002":"44","A40_003":"0.3m以上 〜 1m未満"},"geometry":{"type":"Polygon","coordinates":[[[131.19559,33.61067],[131.19548,33.61049],[131.19538,33.61067],[131.19559,33.61067]]]}},{"type":"Feature","properties":{"A40_001":"大分県","A40_002":"44","A40_003":"1m以上 〜 2m未満"},"geometry":{"type":"Polygon","coordinates":[[[131.20971,33.61047],[131.20982,33.61056],[131.20982,33.61047],[131.20971,33.61047]]]}},{"type":"Feature","properties":{"A40_001":"大分県","A40_002":"44","A40_003":"2m以上 〜 3m未満"},"geometry":{"type":"Polygon","coordinates":[[[131.20831,33.61047],[131.20842,33.61056],[131.20842,33.61047],[131.20831,33.61047]]]}},{"type":"Feature","properties":{"A40_001":"大分県","A40_002":"44","A40_003":"0.3m未満"},"geometry":{"type":"Polygon","coordinates":[[[131.20777,33.61047],[131.20788,33.61056],[131.20788,33.61047],[131.20777,33.61047]]]}},{"type":"Feature","properties":{"A40_001":"大分県","A40_002":"44","A40_003":"2m以上 〜 3m未満"},"geometry":{"type":"Polygon","coordinates":[[[131.20755,33.61047],[131.20766,33.61056],[131.20766,33.61047],[131.20755,33.61047]]]}},{"type":"Feature","properties":{"A40_001":"大分県","A40_002":"44","A40_003":"1m以上 〜 2m未満"},"geometry":{"type":"Polygon","coordinates":[[[131.21305,33.61046],[131.21294,33.61064],[131.21305,33.61064],[131.21305,33.61046]]]}},{"type":"Feature","properties":{"A40_001":"大分県","A40_002":"44","A40_003":"0.3m未満"},"geometry":{"type":"Polygon","coordinates":[[[131.21305,33.61055],[131.21316,33.61064],[131.21316,33.61055],[131.21305,33.61055]]]}},{"type":"Feature","properties":{"A40_001":"大分県","A40_002":"44","A40_003":"2m以上 〜 3m未満"},"geometry":{"type":"Polygon","coordinates":[[[131.21283,33.61055],[131.21294,33.61064],[131.21294,33.61055],[131.21283,33.61055]]]}},{"type":"Feature","properties":{"A40_001":"大分県","A40_002":"44","A40_003":"1m以上 〜 2m未満"},"geometry":{"type":"Polygon","coordinates":[[[131.21273,33.61055],[131.21283,33.61064],[131.21283,33.61055],[131.21273,33.61055]]]}},{"type":"Feature","properties":{"A40_001":"大分県","A40_002":"44","A40_003":"0.3m未満"},"geometry":{"type":"Polygon","coordinates":[[[131.21262,33.61055],[131.21273,33.61064],[131.21273,33.61055],[131.21262,33.61055]]]}},{"type":"Feature","properties":{"A40_001":"大分県","A40_002":"44","A40_003":"1m以上 〜 2m未満"},"geometry":{"type":"Polygon","coordinates":[[[131.21036,33.61056],[131.21046,33.61065],[131.21046,33.61056],[131.21036,33.61056]]]}},{"type":"Feature","properties":{"A40_001":"大分県","A40_002":"44","A40_003":"0.3m以上 〜 1m未満"},"geometry":{"type":"Polygon","coordinates":[[[131.19117,33.6105],[131.19107,33.61068],[131.19128,33.61068],[131.19117,33.6105]]]}},{"type":"Feature","properties":{"A40_001":"大分県","A40_002":"44","A40_003":"0.3m以上 〜 1m未満"},"geometry":{"type":"Polygon","coordinates":[[[131.20087,33.61057],[131.20098,33.61066],[131.20098,33.61057],[131.20087,33.61057]]]}},{"type":"Feature","properties":{"A40_001":"大分県","A40_002":"44","A40_003":"2m以上 〜 3m未満"},"geometry":{"type":"Polygon","coordinates":[[[131.18934,33.61068],[131.18923,33.61059],[131.18923,33.61068],[131.18934,33.61068]]]}},{"type":"Feature","properties":{"A40_001":"大分県","A40_002":"44","A40_003":"0.3m以上 〜 1m未満"},"geometry":{"type":"Polygon","coordinates":[[[131.18816,33.6105],[131.18805,33.61077],[131.18816,33.61077],[131.18816,33.6105]]]}},{"type":"Feature","properties":{"A40_001":"大分県","A40_002":"44","A40_003":"2m以上 〜 3m未満"},"geometry":{"type":"Polygon","coordinates":[[[131.20357,33.61093],[131.20357,33.61039],[131.20324,33.61048],[131.20357,33.61093]],[[131.20357,33.61048],[131.20346,33.61057],[131.20346,33.61048],[131.20357,33.61048]]]}},{"type":"Feature","properties":{"A40_001":"大分県","A40_002":"44","A40_003":"0.3m未満"},"geometry":{"type":"Polygon","coordinates":[[[131.18676,33.61078],[131.186,33.6106],[131.18665,33.61105],[131.18676,33.61078]]]}},{"type":"Feature","properties":{"A40_001":"大分県","A40_002":"44","A40_003":"0.3m以上 〜 1m未満"},"geometry":{"type":"Polygon","coordinates":[[[131.18374,33.6106],[131.18331,33.61078],[131.18374,33.61078],[131.18374,33.6106]]]}},{"type":"Feature","properties":{"A40_001":"大分県","A40_002":"44","A40_003":"2m以上 〜 3m未満"},"geometry":{"type":"Polygon","coordinates":[[[131.20615,33.61066],[131.20626,33.61075],[131.20626,33.61066],[131.20615,33.61066]]]}},{"type":"Feature","properties":{"A40_001":"大分県","A40_002":"44","A40_003":"2m以上 〜 3m未満"},"geometry":{"type":"Polygon","coordinates":[[[131.20443,33.61075],[131.20464,33.61066],[131.20443,33.61066],[131.20443,33.61075]]]}},{"type":"Feature","properties":{"A40_001":"大分県","A40_002":"44","A40_003":"2m以上 〜 3m未満"},"geometry":{"type":"Polygon","coordinates":[[[131.20303,33.61066],[131.20314,33.61075],[131.20314,33.61066],[131.20303,33.61066]]]}},{"type":"Feature","properties":{"A40_001":"大分県","A40_002":"44","A40_003":"2m以上 〜 3m未満"},"geometry":{"type":"Polygon","coordinates":[[[131.21025,33.61056],[131.21036,33.61065],[131.21036,33.61056],[131.21025,33.61056]]]}},{"type":"Feature","properties":{"A40_001":"大分県","A40_002":"44","A40_003":"2m以上 〜 3m未満"},"geometry":{"type":"Polygon","coordinates":[[[131.20993,33.61056],[131.21003,33.61065],[131.21003,33.61056],[131.20993,33.61056]]]}},{"type":"Feature","properties":{"A40_001":"大分県","A40_002":"44","A40_003":"1m以上 〜 2m未満"},"geometry":{"type":"Polygon","coordinates":[[[131.20982,33.61056],[131.20993,33.61065],[131.20993,33.61056],[131.20982,33.61056]]]}},{"type":"Feature","properties":{"A40_001":"大分県","A40_002":"44","A40_003":"1m以上 〜 2m未満"},"geometry":{"type":"Polygon","coordinates":[[[131.21283,33.61064],[131.21294,33.61073],[131.21294,33.61064],[131.21283,33.61064]]]}},{"type":"Feature","properties":{"A40_001":"大分県","A40_002":"44","A40_003":"0.3m以上 〜 1m未満"},"geometry":{"type":"Polygon","coordinates":[[[131.21273,33.61064],[131.21284,33.61073],[131.21283,33.61064],[131.21273,33.61064]]]}},{"type":"Feature","properties":{"A40_001":"大分県","A40_002":"44","A40_003":"2m以上 〜 3m未満"},"geometry":{"type":"Polygon","coordinates":[[[131.21262,33.61064],[131.21273,33.61073],[131.21273,33.61064],[131.21262,33.61064]]]}},{"type":"Feature","properties":{"A40_001":"大分県","A40_002":"44","A40_003":"1m以上 〜 2m未満"},"geometry":{"type":"Polygon","coordinates":[[[131.21251,33.61064],[131.21262,33.61073],[131.21262,33.61064],[131.21251,33.61064]]]}},{"type":"Feature","properties":{"A40_001":"大分県","A40_002":"44","A40_003":"2m以上 〜 3m未満"},"geometry":{"type":"Polygon","coordinates":[[[131.21003,33.61065],[131.21014,33.61074],[131.21014,33.61065],[131.21003,33.61065]]]}},{"type":"Feature","properties":{"A40_001":"大分県","A40_002":"44","A40_003":"1m以上 〜 2m未満"},"geometry":{"type":"Polygon","coordinates":[[[131.20993,33.61065],[131.21003,33.61074],[131.21003,33.61065],[131.20993,33.61065]]]}},{"type":"Feature","properties":{"A40_001":"大分県","A40_002":"44","A40_003":"0.3m以上 〜 1m未満"},"geometry":{"type":"Polygon","coordinates":[[[131.20874,33.61056],[131.20863,33.61083],[131.20885,33.61083],[131.20874,33.61056]]]}},{"type":"Feature","properties":{"A40_001":"大分県","A40_002":"44","A40_003":"1m以上 〜 2m未満"},"geometry":{"type":"Polygon","coordinates":[[[131.20863,33.61083],[131.20842,33.61056],[131.20852,33.61083],[131.20863,33.61083]]]}},{"type":"Feature","properties":{"A40_001":"大分県","A40_002":"44","A40_003":"0.3m以上 〜 1m未満"},"geometry":{"type":"Polygon","coordinates":[[[131.20734,33.61065],[131.20745,33.61074],[131.20745,33.61065],[131.20734,33.61065]]]}},{"type":"Feature","properties":{"A40_001":"大分県","A40_002":"44","A40_003":"2m以上 〜 3m未満"},"geometry":{"type":"Polygon","coordinates":[[[131.20701,33.61038],[131.20637,33.61065],[131.20637,33.61093],[131.20734,33.61074],[131.20701,33.61038]]]}},{"type":"Feature","properties":{"A40_001":"大分県","A40_002":"44","A40_003":"0.3m以上 〜 1m未満"},"geometry":{"type":"Polygon","coordinates":[[[131.21014,33.61056],[131.21046,33.61092],[131.21046,33.61065],[131.21014,33.61056]]]}},{"type":"Feature","properties":{"A40_001":"大分県","A40_002":"44","A40_003":"0.3m未満"},"geometry":{"type":"Polygon","coordinates":[[[131.21273,33.61073],[131.21284,33.61082],[131.21284,33.61073],[131.21273,33.61073]]]}},{"type":"Feature","properties":{"A40_001":"大分県","A40_002":"44","A40_003":"1m以上 〜 2m未満"},"geometry":{"type":"Polygon","coordinates":[[[131.21262,33.61073],[131.21273,33.61082],[131.21273,33.61073],[131.21262,33.61073]]]}},{"type":"Feature","properties":{"A40_001":"大分県","A40_002":"44","A40_003":"3m以上 〜 4m未満"},"geometry":{"type":"Polygon","coordinates":[[[131.21251,33.61073],[131.21262,33.61082],[131.21262,33.61073],[131.21251,33.61073]]]}},{"type":"Feature","properties":{"A40_001":"大分県","A40_002":"44","A40_003":"1m以上 〜 2m未満"},"geometry":{"type":"Polygon","coordinates":[[[131.2123,33.61074],[131.21251,33.61082],[131.21251,33.61073],[131.2123,33.61074]]]}},{"type":"Feature","properties":{"A40_001":"大分県","A40_002":"44","A40_003":"0.3m未満"},"geometry":{"type":"Polygon","coordinates":[[[131.21046,33.61074],[131.21057,33.61083],[131.21057,33.61074],[131.21046,33.61074]]]}},{"type":"Feature","properties":{"A40_001":"大分県","A40_002":"44","A40_003":"2m以上 〜 3m未満"},"geometry":{"type":"Polygon","coordinates":[[[131.21014,33.61083],[131.21036,33.61074],[131.21014,33.61074],[131.21014,33.61083]]]}},{"type":"Feature","properties":{"A40_001":"大分県","A40_002":"44","A40_003":"0.3m以上 〜 1m未満"},"geometry":{"type":"Polygon","coordinates":[[[131.20227,33.61012],[131.20163,33.6103],[131.20163,33.61048],[131.20195,33.61039],[131.20238,33.61138],[131.20227,33.61012]]]}},{"type":"Feature","properties":{"A40_001":"大分県","A40_002":"44","A40_003":"0.3m以上 〜 1m未満"},"geometry":{"type":"Polygon","coordinates":[[[131.20044,33.61066],[131.20055,33.61075],[131.20055,33.61066],[131.20044,33.61066]]]}},{"type":"Feature","properties":{"A40_001":"大分県","A40_002":"44","A40_003":"0.3m未満"},"geometry":{"type":"Polygon","coordinates":[[[131.19559,33.61076],[131.19538,33.61067],[131.19538,33.61076],[131.19559,33.61076]]]}},{"type":"Feature","properties":{"A40_001":"大分県","A40_002":"44","A40_003":"0.3m以上 〜 1m未満"},"geometry":{"type":"Polygon","coordinates":[[[131.19538,33.61076],[131.19516,33.61067],[131.19516,33.61076],[131.19538,33.61076]]]}},{"type":"Feature","properties":{"A40_001":"大分県","A40_002":"44","A40_003":"0.3m未満"},"geometry":{"type":"Polygon","coordinates":[[[131.19139,33.61068],[131.19117,33.61077],[131.19139,33.61077],[131.19139,33.61068]]]}},{"type":"Feature","properties":{"A40_001":"大分県","A40_002":"44","A40_003":"2m以上 〜 3m未満"},"geometry":{"type":"Polygon","coordinates":[[[131.18945,33.61077],[131.18934,33.61068],[131.18934,33.61077],[131.18945,33.61077]]]}},{"type":"Feature","properties":{"A40_001":"大分県","A40_002":"44","A40_003":"0.3m以上 〜 1m未満"},"geometry":{"type":"Polygon","coordinates":[[[131.20195,33.61066],[131.20184,33.61084],[131.20195,33.61084],[131.20195,33.61066]]]}},{"type":"Feature","properties":{"A40_001":"大分県","A40_002":"44","A40_003":"0.3m未満"},"geometry":{"type":"Polygon","coordinates":[[[131.18482,33.61069],[131.18471,33.61087],[131.18482,33.61087],[131.18482,33.61069]]]}},{"type":"Feature","properties":{"A40_001":"大分県","A40_002":"44","A40_003":"0.3m以上 〜 1m未満"},"geometry":{"type":"Polygon","coordinates":[[[131.18471,33.6106],[131.1846,33.61105],[131.18482,33.61105],[131.18471,33.6106]]]}},{"type":"Feature","properties":{"A40_001":"大分県","A40_002":"44","A40_003":"2m以上 〜 3m未満"},"geometry":{"type":"Polygon","coordinates":[[[131.20152,33.61075],[131.20163,33.61084],[131.20163,33.61075],[131.20152,33.61075]]]}},{"type":"Feature","properties":{"A40_001":"大分県","A40_002":"44","A40_003":"0.3m以上 〜 1m未満"},"geometry":{"type":"Polygon","coordinates":[[[131.25422,33.61048],[131.25432,33.61057],[131.25432,33.61048],[131.25422,33.61048]]]}},{"type":"Feature","properties":{"A40_001":"大分県","A40_002":"44","A40_003":"0.3m未満"},"geometry":{"type":"Polygon","coordinates":[[[131.25422,33.61057],[131.25432,33.61066],[131.25432,33.61057],[131.25422,33.61057]]]}},{"type":"Feature","properties":{"A40_001":"大分県","A40_002":"44","A40_003":"0.3m未満"},"geometry":{"type":"Polygon","coordinates":[[[131.24775,33.61058],[131.24786,33.61067],[131.24786,33.61058],[131.24775,33.61058]]]}},{"type":"Feature","properties":{"A40_001":"大分県","A40_002":"44","A40_003":"0.3m以上 〜 1m未満"},"geometry":{"type":"Polygon","coordinates":[[[131.24506,33.61058],[131.24495,33.61076],[131.24506,33.61076],[131.24506,33.61058]]]}},{"type":"Feature","properties":{"A40_001":"大分県","A40_002":"44","A40_003":"0.3m以上 〜 1m未満"},"geometry":{"type":"Polygon","coordinates":[[[131.24764,33.61067],[131.24775,33.61076],[131.24775,33.61067],[131.24764,33.61067]]]}},{"type":"Feature","properties":{"A40_001":"大分県","A40_002":"44","A40_003":"0.3m以上 〜 1m未満"},"geometry":{"type":"Polygon","coordinates":[[[131.2457,33.61067],[131.24581,33.61076],[131.24581,33.61067],[131.2457,33.61067]]]}},{"type":"Feature","properties":{"A40_001":"大分県","A40_002":"44","A40_003":"0.3m以上 〜 1m未満"},"geometry":{"type":"Polygon","coordinates":[[[131.2456,33.61076],[131.2457,33.61085],[131.2457,33.61076],[131.2456,33.61076]]]}},{"type":"Feature","properties":{"A40_001":"大分県","A40_002":"44","A40_003":"0.3m未満"},"geometry":{"type":"Polygon","coordinates":[[[131.24743,33.61085],[131.24754,33.61094],[131.24754,33.61085],[131.24743,33.61085]]]}},{"type":"Feature","properties":{"A40_001":"大分県","A40_002":"44","A40_003":"1m以上 〜 2m未満"},"geometry":{"type":"Polygon","coordinates":[[[131.24603,33.61085],[131.24613,33.61094],[131.24613,33.61085],[131.24603,33.61085]]]}},{"type":"Feature","properties":{"A40_001":"大分県","A40_002":"44","A40_003":"2m以上 〜 3m未満"},"geometry":{"type":"Polygon","coordinates":[[[131.24516,33.61085],[131.24527,33.61094],[131.24527,33.61085],[131.24516,33.61085]]]}},{"type":"Feature","properties":{"A40_001":"大分県","A40_002":"44","A40_003":"0.3m以上 〜 1m未満"},"geometry":{"type":"Polygon","coordinates":[[[131.1957,33.61085],[131.19538,33.61076],[131.19538,33.61094],[131.1957,33.61085]]]}},{"type":"Feature","properties":{"A40_001":"大分県","A40_002":"44","A40_003":"0.3m以上 〜 1m未満"},"geometry":{"type":"Polygon","coordinates":[[[131.19516,33.61085],[131.19505,33.61076],[131.19505,33.61085],[131.19516,33.61085]]]}},{"type":"Feature","properties":{"A40_001":"大分県","A40_002":"44","A40_003":"2m以上 〜 3m未満"},"geometry":{"type":"Polygon","coordinates":[[[131.18956,33.61086],[131.18945,33.61077],[131.18945,33.61086],[131.18956,33.61086]]]}},{"type":"Feature","properties":{"A40_001":"大分県","A40_002":"44","A40_003":"0.3m以上 〜 1m未満"},"geometry":{"type":"Polygon","coordinates":[[[131.18848,33.61086],[131.18837,33.61077],[131.18837,33.61086],[131.18848,33.61086]]]}},{"type":"Feature","properties":{"A40_001":"大分県","A40_002":"44","A40_003":"0.3m以上 〜 1m未満"},"geometry":{"type":"Polygon","coordinates":[[[131.18245,33.61078],[131.18255,33.61087],[131.18255,33.61078],[131.18245,33.61078]]]}},{"type":"Feature","properties":{"A40_001":"大分県","A40_002":"44","A40_003":"0.3m以上 〜 1m未満"},"geometry":{"type":"Polygon","coordinates":[[[131.18686,33.61005],[131.18654,33.61006],[131.18665,33.61105],[131.18719,33.61096],[131.18708,33.61141],[131.18773,33.61168],[131.18686,33.61005]],[[131.18719,33.61096],[131.1873,33.61087],[131.1873,33.61096],[131.18719,33.61096]]]}},{"type":"Feature","properties":{"A40_001":"大分県","A40_002":"44","A40_003":"0.3m以上 〜 1m未満"},"geometry":{"type":"Polygon","coordinates":[[[131.18374,33.61078],[131.18395,33.61096],[131.18417,33.61096],[131.18374,33.61078]]]}},{"type":"Feature","properties":{"A40_001":"大分県","A40_002":"44","A40_003":"2m以上 〜 3m未満"},"geometry":{"type":"Polygon","coordinates":[[[131.2012,33.61084],[131.2013,33.61093],[131.2013,33.61084],[131.2012,33.61084]]]}},{"type":"Feature","properties":{"A40_001":"大分県","A40_002":"44","A40_003":"0.3m未満"},"geometry":{"type":"Polygon","coordinates":[[[131.19559,33.61094],[131.19549,33.61085],[131.19549,33.61094],[131.19559,33.61094]]]}},{"type":"Feature","properties":{"A40_001":"大分県","A40_002":"44","A40_003":"0.3m以上 〜 1m未満"},"geometry":{"type":"Polygon","coordinates":[[[131.19139,33.61095],[131.19128,33.61086],[131.19128,33.61095],[131.19139,33.61095]]]}},{"type":"Feature","properties":{"A40_001":"大分県","A40_002":"44","A40_003":"0.3m未満"},"geometry":{"type":"Polygon","coordinates":[[[131.20734,33.61074],[131.20745,33.61083],[131.20745,33.61074],[131.20734,33.61074]]]}},{"type":"Feature","properties":{"A40_001":"大分県","A40_002":"44","A40_003":"1m以上 〜 2m未満"},"geometry":{"type":"Polygon","coordinates":[[[131.20712,33.61074],[131.20723,33.61083],[131.20723,33.61074],[131.20712,33.61074]]]}},{"type":"Feature","properties":{"A40_001":"大分県","A40_002":"44","A40_003":"1m以上 〜 2m未満"},"geometry":{"type":"Polygon","coordinates":[[[131.21251,33.61082],[131.21262,33.61091],[131.21262,33.61082],[131.21251,33.61082]]]}},{"type":"Feature","properties":{"A40_001":"大分県","A40_002":"44","A40_003":"2m以上 〜 3m未満"},"geometry":{"type":"Polygon","coordinates":[[[131.21208,33.61083],[131.21219,33.61092],[131.21219,33.61083],[131.21208,33.61083]]]}},{"type":"Feature","properties":{"A40_001":"大分県","A40_002":"44","A40_003":"1m以上 〜 2m未満"},"geometry":{"type":"Polygon","coordinates":[[[131.21197,33.61083],[131.21208,33.61092],[131.21208,33.61083],[131.21197,33.61083]]]}},{"type":"Feature","properties":{"A40_001":"大分県","A40_002":"44","A40_003":"1m以上 〜 2m未満"},"geometry":{"type":"Polygon","coordinates":[[[131.21036,33.61083],[131.21014,33.61101],[131.21036,33.61101],[131.21036,33.61083]]]}},{"type":"Feature","properties":{"A40_001":"大分県","A40_002":"44","A40_003":"0.3m以上 〜 1m未満"},"geometry":{"type":"Polygon","coordinates":[[[131.20885,33.61083],[131.20896,33.61092],[131.20896,33.61083],[131.20885,33.61083]]]}},{"type":"Feature","properties":{"A40_001":"大分県","A40_002":"44","A40_003":"1m以上 〜 2m未満"},"geometry":{"type":"Polygon","coordinates":[[[131.20863,33.61083],[131.20885,33.61092],[131.20885,33.61083],[131.20863,33.61083]]]}},{"type":"Feature","properties":{"A40_001":"大分県","A40_002":"44","A40_003":"0.3m未満"},"geometry":{"type":"Polygon","coordinates":[[[131.20712,33.61083],[131.20723,33.61092],[131.20723,33.61083],[131.20712,33.61083]]]}},{"type":"Feature","properties":{"A40_001":"大分県","A40_002":"44","A40_003":"0.3m以上 〜 1m未満"},"geometry":{"type":"Polygon","coordinates":[[[131.20702,33.61083],[131.20712,33.61092],[131.20712,33.61083],[131.20702,33.61083]]]}},{"type":"Feature","properties":{"A40_001":"大分県","A40_002":"44","A40_003":"0.3m未満"},"geometry":{"type":"Polygon","coordinates":[[[131.2124,33.61092],[131.21251,33.61101],[131.21251,33.61092],[131.2124,33.61092]]]}},{"type":"Feature","properties":{"A40_001":"大分県","A40_002":"44","A40_003":"1m以上 〜 2m未満"},"geometry":{"type":"Polygon","coordinates":[[[131.2123,33.61092],[131.2124,33.61101],[131.2124,33.61092],[131.2123,33.61092]]]}},{"type":"Feature","properties":{"A40_001":"大分県","A40_002":"44","A40_003":"2m以上 〜 3m未満"},"geometry":{"type":"Polygon","coordinates":[[[131.21187,33.61092],[131.21197,33.61101],[131.21197,33.61092],[131.21187,33.61092]]]}},{"type":"Feature","properties":{"A40_001":"大分県","A40_002":"44","A40_003":"1m以上 〜 2m未満"},"geometry":{"type":"Polygon","coordinates":[[[131.21176,33.61092],[131.21187,33.61101],[131.21187,33.61092],[131.21176,33.61092]]]}},{"type":"Feature","properties":{"A40_001":"大分県","A40_002":"44","A40_003":"0.3m以上 〜 1m未満"},"geometry":{"type":"Polygon","coordinates":[[[131.20691,33.61092],[131.20702,33.61101],[131.20702,33.61092],[131.20691,33.61092]]]}},{"type":"Feature","properties":{"A40_001":"大分県","A40_002":"44","A40_003":"1m以上 〜 2m未満"},"geometry":{"type":"Polygon","coordinates":[[[131.2068,33.61092],[131.20691,33.61101],[131.20691,33.61092],[131.2068,33.61092]]]}},{"type":"Feature","properties":{"A40_001":"大分県","A40_002":"44","A40_003":"0.3m未満"},"geometry":{"type":"Polygon","coordinates":[[[131.21046,33.61092],[131.21036,33.6111],[131.21047,33.6111],[131.21046,33.61092]]]}},{"type":"Feature","properties":{"A40_001":"大分県","A40_002":"44","A40_003":"1m以上 〜 2m未満"},"geometry":{"type":"Polygon","coordinates":[[[131.20896,33.61092],[131.20885,33.6111],[131.20906,33.6111],[131.20896,33.61092]]]}},{"type":"Feature","properties":{"A40_001":"大分県","A40_002":"44","A40_003":"0.3m未満"},"geometry":{"type":"Polygon","coordinates":[[[131.21219,33.61101],[131.2123,33.6111],[131.2123,33.61101],[131.21219,33.61101]]]}},{"type":"Feature","properties":{"A40_001":"大分県","A40_002":"44","A40_003":"1m以上 〜 2m未満"},"geometry":{"type":"Polygon","coordinates":[[[131.21208,33.61101],[131.21219,33.6111],[131.21219,33.61101],[131.21208,33.61101]]]}},{"type":"Feature","properties":{"A40_001":"大分県","A40_002":"44","A40_003":"0.3m未満"},"geometry":{"type":"Polygon","coordinates":[[[131.18924,33.61095],[131.18913,33.61086],[131.18913,33.61095],[131.18924,33.61095]]]}},{"type":"Feature","properties":{"A40_001":"大分県","A40_002":"44","A40_003":"0.3m未満"},"geometry":{"type":"Polygon","coordinates":[[[131.18859,33.61095],[131.18848,33.61086],[131.18848,33.61095],[131.18859,33.61095]]]}},{"type":"Feature","properties":{"A40_001":"大分県","A40_002":"44","A40_003":"0.3m未満"},"geometry":{"type":"Polygon","coordinates":[[[131.18719,33.61087],[131.1873,33.61096],[131.1873,33.61087],[131.18719,33.61087]]]}},{"type":"Feature","properties":{"A40_001":"大分県","A40_002":"44","A40_003":"0.3m以上 〜 1m未満"},"geometry":{"type":"Polygon","coordinates":[[[131.20206,33.61084],[131.20195,33.61111],[131.20206,33.61111],[131.20206,33.61084]]]}},{"type":"Feature","properties":{"A40_001":"大分県","A40_002":"44","A40_003":"0.3m以上 〜 1m未満"},"geometry":{"type":"Polygon","coordinates":[[[131.19936,33.61094],[131.19947,33.61103],[131.19947,33.61094],[131.19936,33.61094]]]}},{"type":"Feature","properties":{"A40_001":"大分県","A40_002":"44","A40_003":"0.3m以上 〜 1m未満"},"geometry":{"type":"Polygon","coordinates":[[[131.18891,33.61104],[131.18827,33.61104],[131.18827,33.61113],[131.18891,33.61104]]]}},{"type":"Feature","properties":{"A40_001":"大分県","A40_002":"44","A40_003":"0.3m以上 〜 1m未満"},"geometry":{"type":"Polygon","coordinates":[[[131.18255,33.61096],[131.18266,33.61105],[131.18266,33.61096],[131.18255,33.61096]]]}},{"type":"Feature","properties":{"A40_001":"大分県","A40_002":"44","A40_003":"2m以上 〜 3m未満"},"geometry":{"type":"Polygon","coordinates":[[[131.20475,33.61084],[131.20475,33.61111],[131.20497,33.6112],[131.20475,33.61084]]]}},{"type":"Feature","properties":{"A40_001":"大分県","A40_002":"44","A40_003":"2m以上 〜 3m未満"},"geometry":{"type":"Polygon","coordinates":[[[131.20271,33.61084],[131.20281,33.61129],[131.20335,33.61111],[131.20324,33.61084],[131.20271,33.61084]],[[131.20303,33.61111],[131.20292,33.61102],[131.20303,33.61102],[131.20303,33.61111]]]}},{"type":"Feature","properties":{"A40_001":"大分県","A40_002":"44","A40_003":"0.3m未満"},"geometry":{"type":"Polygon","coordinates":[[[131.19161,33.61095],[131.1915,33.61113],[131.19171,33.61113],[131.19161,33.61095]]]}},{"type":"Feature","properties":{"A40_001":"大分県","A40_002":"44","A40_003":"0.3m以上 〜 1m未満"},"geometry":{"type":"Polygon","coordinates":[[[131.21251,33.61092],[131.21154,33.6111],[131.21144,33.61128],[131.21251,33.61092]]]}},{"type":"Feature","properties":{"A40_001":"大分県","A40_002":"44","A40_003":"2m以上 〜 3m未満"},"geometry":{"type":"Polygon","coordinates":[[[131.21165,33.61101],[131.21176,33.6111],[131.21176,33.61101],[131.21165,33.61101]]]}},{"type":"Feature","properties":{"A40_001":"大分県","A40_002":"44","A40_003":"1m以上 〜 2m未満"},"geometry":{"type":"Polygon","coordinates":[[[131.21154,33.61101],[131.21165,33.6111],[131.21165,33.61101],[131.21154,33.61101]]]}},{"type":"Feature","properties":{"A40_001":"大分県","A40_002":"44","A40_003":"0.3m未満"},"geometry":{"type":"Polygon","coordinates":[[[131.20863,33.61101],[131.20874,33.6111],[131.20874,33.61101],[131.20863,33.61101]]]}},{"type":"Feature","properties":{"A40_001":"大分県","A40_002":"44","A40_003":"0.3m未満"},"geometry":{"type":"Polygon","coordinates":[[[131.2068,33.61101],[131.20702,33.6111],[131.20702,33.61101],[131.2068,33.61101]]]}},{"type":"Feature","properties":{"A40_001":"大分県","A40_002":"44","A40_003":"1m以上 〜 2m未満"},"geometry":{"type":"Polygon","coordinates":[[[131.20669,33.61102],[131.2068,33.61111],[131.2068,33.61101],[131.20669,33.61102]]]}},{"type":"Feature","properties":{"A40_001":"大分県","A40_002":"44","A40_003":"1m以上 〜 2m未満"},"geometry":{"type":"Polygon","coordinates":[[[131.21187,33.6111],[131.21197,33.61119],[131.21197,33.6111],[131.21187,33.6111]]]}},{"type":"Feature","properties":{"A40_001":"大分県","A40_002":"44","A40_003":"1m以上 〜 2m未満"},"geometry":{"type":"Polygon","coordinates":[[[131.21144,33.6111],[131.21154,33.61119],[131.21154,33.6111],[131.21144,33.6111]]]}},{"type":"Feature","properties":{"A40_001":"大分県","A40_002":"44","A40_003":"0.3m未満"},"geometry":{"type":"Polygon","coordinates":[[[131.21133,33.6111],[131.21144,33.61119],[131.21144,33.6111],[131.21133,33.6111]]]}},{"type":"Feature","properties":{"A40_001":"大分県","A40_002":"44","A40_003":"2m以上 〜 3m未満"},"geometry":{"type":"Polygon","coordinates":[[[131.20885,33.6111],[131.20906,33.61119],[131.20906,33.6111],[131.20885,33.6111]]]}},{"type":"Feature","properties":{"A40_001":"大分県","A40_002":"44","A40_003":"0.3m以上 〜 1m未満"},"geometry":{"type":"Polygon","coordinates":[[[131.18934,33.61113],[131.18913,33.61095],[131.18913,33.61104],[131.18934,33.61113]]]}},{"type":"Feature","properties":{"A40_001":"大分県","A40_002":"44","A40_003":"2m以上 〜 3m未満"},"geometry":{"type":"Polygon","coordinates":[[[131.20443,33.61084],[131.20443,33.6112],[131.20465,33.61129],[131.20443,33.61084]]]}},{"type":"Feature","properties":{"A40_001":"大分県","A40_002":"44","A40_003":"1m以上 〜 2m未満"},"geometry":{"type":"Polygon","coordinates":[[[131.20292,33.61102],[131.20303,33.61111],[131.20303,33.61102],[131.20292,33.61102]]]}},{"type":"Feature","properties":{"A40_001":"大分県","A40_002":"44","A40_003":"0.3m未満"},"geometry":{"type":"Polygon","coordinates":[[[131.19915,33.61103],[131.19926,33.61112],[131.19926,33.61103],[131.19915,33.61103]]]}},{"type":"Feature","properties":{"A40_001":"大分県","A40_002":"44","A40_003":"0.3m未満"},"geometry":{"type":"Polygon","coordinates":[[[131.1984,33.61112],[131.19829,33.61103],[131.19829,33.61112],[131.1984,33.61112]]]}},{"type":"Feature","properties":{"A40_001":"大分県","A40_002":"44","A40_003":"0.3m以上 〜 1m未満"},"geometry":{"type":"Polygon","coordinates":[[[131.19549,33.61112],[131.19527,33.61103],[131.19527,33.61112],[131.19549,33.61112]]]}},{"type":"Feature","properties":{"A40_001":"大分県","A40_002":"44","A40_003":"2m以上 〜 3m未満"},"geometry":{"type":"Polygon","coordinates":[[[131.18977,33.61113],[131.18967,33.61104],[131.18967,33.61113],[131.18977,33.61113]]]}},{"type":"Feature","properties":{"A40_001":"大分県","A40_002":"44","A40_003":"0.3m未満"},"geometry":{"type":"Polygon","coordinates":[[[131.1888,33.61113],[131.1887,33.61104],[131.1887,33.61113],[131.1888,33.61113]]]}},{"type":"Feature","properties":{"A40_001":"大分県","A40_002":"44","A40_003":"1m以上 〜 2m未満"},"geometry":{"type":"Polygon","coordinates":[[[131.18719,33.61105],[131.1873,33.61114],[131.1873,33.61105],[131.18719,33.61105]]]}},{"type":"Feature","properties":{"A40_001":"大分県","A40_002":"44","A40_003":"0.3m未満"},"geometry":{"type":"Polygon","coordinates":[[[131.18665,33.61105],[131.18676,33.61114],[131.18676,33.61105],[131.18665,33.61105]]]}},{"type":"Feature","properties":{"A40_001":"大分県","A40_002":"44","A40_003":"0.3m以上 〜 1m未満"},"geometry":{"type":"Polygon","coordinates":[[[131.18654,33.61105],[131.18665,33.61114],[131.18665,33.61105],[131.18654,33.61105]]]}},{"type":"Feature","properties":{"A40_001":"大分県","A40_002":"44","A40_003":"0.3m未満"},"geometry":{"type":"Polygon","coordinates":[[[131.18395,33.61105],[131.18406,33.61114],[131.18406,33.61105],[131.18395,33.61105]]]}},{"type":"Feature","properties":{"A40_001":"大分県","A40_002":"44","A40_003":"0.3m未満"},"geometry":{"type":"Polygon","coordinates":[[[131.18439,33.61132],[131.18525,33.61123],[131.18439,33.61096],[131.18439,33.61132]]]}},{"type":"Feature","properties":{"A40_001":"大分県","A40_002":"44","A40_003":"0.3m以上 〜 1m未満"},"geometry":{"type":"Polygon","coordinates":[[[131.18395,33.61096],[131.18374,33.61132],[131.18406,33.61132],[131.18395,33.61096]]]}},{"type":"Feature","properties":{"A40_001":"大分県","A40_002":"44","A40_003":"0.3m未満"},"geometry":{"type":"Polygon","coordinates":[[[131.19872,33.61121],[131.1985,33.61112],[131.1985,33.61121],[131.19872,33.61121]]]}},{"type":"Feature","properties":{"A40_001":"大分県","A40_002":"44","A40_003":"0.3m以上 〜 1m未満"},"geometry":{"type":"Polygon","coordinates":[[[131.19516,33.61121],[131.19505,33.61112],[131.19506,33.61121],[131.19516,33.61121]]]}},{"type":"Feature","properties":{"A40_001":"大分県","A40_002":"44","A40_003":"0.3m未満"},"geometry":{"type":"Polygon","coordinates":[[[131.19506,33.61121],[131.19495,33.61112],[131.19495,33.61121],[131.19506,33.61121]]]}},{"type":"Feature","properties":{"A40_001":"大分県","A40_002":"44","A40_003":"2m以上 〜 3m未満"},"geometry":{"type":"Polygon","coordinates":[[[131.18988,33.61122],[131.18977,33.61113],[131.18977,33.61122],[131.18988,33.61122]]]}},{"type":"Feature","properties":{"A40_001":"大分県","A40_002":"44","A40_003":"0.3m未満"},"geometry":{"type":"Polygon","coordinates":[[[131.18579,33.61114],[131.1859,33.61123],[131.18589,33.61114],[131.18579,33.61114]]]}},{"type":"Feature","properties":{"A40_001":"大分県","A40_002":"44","A40_003":"2m以上 〜 3m未満"},"geometry":{"type":"Polygon","coordinates":[[[131.18266,33.61114],[131.18277,33.61123],[131.18277,33.61114],[131.18266,33.61114]]]}},{"type":"Feature","properties":{"A40_001":"大分県","A40_002":"44","A40_003":"0.3m未満"},"geometry":{"type":"Polygon","coordinates":[[[131.19893,33.61112],[131.19904,33.6113],[131.19915,33.61112],[131.19893,33.61112]]]}},{"type":"Feature","properties":{"A40_001":"大分県","A40_002":"44","A40_003":"1m以上 〜 2m未満"},"geometry":{"type":"Polygon","coordinates":[[[131.1984,33.6113],[131.19829,33.61112],[131.19829,33.6113],[131.1984,33.6113]]]}},{"type":"Feature","properties":{"A40_001":"大分県","A40_002":"44","A40_003":"0.3m以上 〜 1m未満"},"geometry":{"type":"Polygon","coordinates":[[[131.1985,33.61121],[131.19786,33.61121],[131.19893,33.6113],[131.1985,33.61121]]]}},{"type":"Feature","properties":{"A40_001":"大分県","A40_002":"44","A40_003":"0.3m未満"},"geometry":{"type":"Polygon","coordinates":[[[131.19624,33.61139],[131.19602,33.61103],[131.19592,33.6113],[131.19624,33.61139]]]}},{"type":"Feature","properties":{"A40_001":"大分県","A40_002":"44","A40_003":"0.3m以上 〜 1m未満"},"geometry":{"type":"Polygon","coordinates":[[[131.20314,33.6112],[131.20325,33.61129],[131.20325,33.6112],[131.20314,33.6112]]]}},{"type":"Feature","properties":{"A40_001":"大分県","A40_002":"44","A40_003":"0.3m以上 〜 1m未満"},"geometry":{"type":"Polygon","coordinates":[[[131.19904,33.61121],[131.19915,33.6113],[131.19915,33.61121],[131.19904,33.61121]]]}},{"type":"Feature","properties":{"A40_001":"大分県","A40_002":"44","A40_003":"0.3m以上 〜 1m未満"},"geometry":{"type":"Polygon","coordinates":[[[131.19775,33.6113],[131.19743,33.61121],[131.19743,33.6113],[131.19775,33.6113]]]}},{"type":"Feature","properties":{"A40_001":"大分県","A40_002":"44","A40_003":"0.3m未満"},"geometry":{"type":"Polygon","coordinates":[[[131.19732,33.6113],[131.19721,33.61121],[131.19721,33.6113],[131.19732,33.6113]]]}},{"type":"Feature","properties":{"A40_001":"大分県","A40_002":"44","A40_003":"0.3m未満"},"geometry":{"type":"Polygon","coordinates":[[[131.19387,33.61122],[131.19333,33.61131],[131.19387,33.61131],[131.19387,33.61122]]]}},{"type":"Feature","properties":{"A40_001":"大分県","A40_002":"44","A40_003":"2m以上 〜 3m未満"},"geometry":{"type":"Polygon","coordinates":[[[131.18999,33.61131],[131.18988,33.61122],[131.18988,33.61131],[131.18999,33.61131]]]}},{"type":"Feature","properties":{"A40_001":"大分県","A40_002":"44","A40_003":"0.3m未満"},"geometry":{"type":"Polygon","coordinates":[[[131.20734,33.6111],[131.20745,33.61119],[131.20745,33.6111],[131.20734,33.6111]]]}},{"type":"Feature","properties":{"A40_001":"大分県","A40_002":"44","A40_003":"2m以上 〜 3m未満"},"geometry":{"type":"Polygon","coordinates":[[[131.20648,33.61111],[131.20659,33.6112],[131.20659,33.61111],[131.20648,33.61111]]]}},{"type":"Feature","properties":{"A40_001":"大分県","A40_002":"44","A40_003":"0.3m未満"},"geometry":{"type":"Polygon","coordinates":[[[131.20885,33.6111],[131.20874,33.61128],[131.20885,33.61128],[131.20885,33.6111]]]}},{"type":"Feature","properties":{"A40_001":"大分県","A40_002":"44","A40_003":"1m以上 〜 2m未満"},"geometry":{"type":"Polygon","coordinates":[[[131.21165,33.61119],[131.21176,33.61128],[131.21176,33.61119],[131.21165,33.61119]]]}},{"type":"Feature","properties":{"A40_001":"大分県","A40_002":"44","A40_003":"1m以上 〜 2m未満"},"geometry":{"type":"Polygon","coordinates":[[[131.21122,33.61128],[131.21144,33.61119],[131.21122,33.61119],[131.21122,33.61128]]]}},{"type":"Feature","properties":{"A40_001":"大分県","A40_002":"44","A40_003":"0.3m以上 〜 1m未満"},"geometry":{"type":"Polygon","coordinates":[[[131.2068,33.6112],[131.20767,33.61219],[131.20885,33.61137],[131.20885,33.61092],[131.20798,33.61029],[131.2068,33.6112]],[[131.20874,33.6111],[131.20863,33.61101],[131.20874,33.61101],[131.20874,33.6111]],[[131.20734,33.6111],[131.20745,33.61119],[131.20734,33.61119],[131.20734,33.6111]],[[131.20745,33.61137],[131.20756,33.61128],[131.20766,33.61137],[131.20745,33.61137]]]}},{"type":"Feature","properties":{"A40_001":"大分県","A40_002":"44","A40_003":"0.3m未満"},"geometry":{"type":"Polygon","coordinates":[[[131.20756,33.61119],[131.20745,33.61137],[131.20766,33.61137],[131.20756,33.61119]]]}},{"type":"Feature","properties":{"A40_001":"大分県","A40_002":"44","A40_003":"1m以上 〜 2m未満"},"geometry":{"type":"Polygon","coordinates":[[[131.21144,33.61128],[131.21154,33.61137],[131.21154,33.61128],[131.21144,33.61128]]]}},{"type":"Feature","properties":{"A40_001":"大分県","A40_002":"44","A40_003":"1m以上 〜 2m未満"},"geometry":{"type":"Polygon","coordinates":[[[131.21111,33.61128],[131.21122,33.61137],[131.21122,33.61128],[131.21111,33.61128]]]}},{"type":"Feature","properties":{"A40_001":"大分県","A40_002":"44","A40_003":"0.3m未満"},"geometry":{"type":"Polygon","coordinates":[[[131.20885,33.61128],[131.20896,33.61137],[131.20896,33.61128],[131.20885,33.61128]]]}},{"type":"Feature","properties":{"A40_001":"大分県","A40_002":"44","A40_003":"0.3m以上 〜 1m未満"},"geometry":{"type":"Polygon","coordinates":[[[131.24732,33.61094],[131.24743,33.61103],[131.24743,33.61094],[131.24732,33.61094]]]}},{"type":"Feature","properties":{"A40_001":"大分県","A40_002":"44","A40_003":"0.3m以上 〜 1m未満"},"geometry":{"type":"Polygon","coordinates":[[[131.24527,33.61103],[131.24549,33.61094],[131.24527,33.61094],[131.24527,33.61103]]]}},{"type":"Feature","properties":{"A40_001":"大分県","A40_002":"44","A40_003":"0.3m未満"},"geometry":{"type":"Polygon","coordinates":[[[131.25799,33.61092],[131.25788,33.6111],[131.25799,33.6111],[131.25799,33.61092]]]}},{"type":"Feature","properties":{"A40_001":"大分県","A40_002":"44","A40_003":"0.3m未満"},"geometry":{"type":"Polygon","coordinates":[[[131.247,33.61112],[131.24711,33.61121],[131.24711,33.61112],[131.247,33.61112]]]}},{"type":"Feature","properties":{"A40_001":"大分県","A40_002":"44","A40_003":"1m以上 〜 2m未満"},"geometry":{"type":"Polygon","coordinates":[[[131.247,33.61121],[131.24711,33.6113],[131.24711,33.61121],[131.247,33.61121]]]}},{"type":"Feature","properties":{"A40_001":"大分県","A40_002":"44","A40_003":"1m以上 〜 2m未満"},"geometry":{"type":"Polygon","coordinates":[[[131.24635,33.61121],[131.24646,33.6113],[131.24646,33.61121],[131.24635,33.61121]]]}},{"type":"Feature","properties":{"A40_001":"大分県","A40_002":"44","A40_003":"2m以上 〜 3m未満"},"geometry":{"type":"Polygon","coordinates":[[[131.24678,33.6113],[131.24689,33.61139],[131.24689,33.6113],[131.24678,33.6113]]]}},{"type":"Feature","properties":{"A40_001":"大分県","A40_002":"44","A40_003":"0.3m未満"},"geometry":{"type":"Polygon","coordinates":[[[131.25788,33.61137],[131.25799,33.61146],[131.25799,33.61137],[131.25788,33.61137]]]}},{"type":"Feature","properties":{"A40_001":"大分県","A40_002":"44","A40_003":"0.3m以上 〜 1m未満"},"geometry":{"type":"Polygon","coordinates":[[[131.24667,33.61139],[131.24678,33.61148],[131.24678,33.61139],[131.24667,33.61139]]]}},{"type":"Feature","properties":{"A40_001":"大分県","A40_002":"44","A40_003":"0.3m未満"},"geometry":{"type":"Polygon","coordinates":[[[131.25788,33.61155],[131.25799,33.61164],[131.25799,33.61155],[131.25788,33.61155]]]}},{"type":"Feature","properties":{"A40_001":"大分県","A40_002":"44","A40_003":"0.3m未満"},"geometry":{"type":"Polygon","coordinates":[[[131.18622,33.61123],[131.18633,33.61132],[131.18633,33.61123],[131.18622,33.61123]]]}},{"type":"Feature","properties":{"A40_001":"大分県","A40_002":"44","A40_003":"0.3m未満"},"geometry":{"type":"Polygon","coordinates":[[[131.18406,33.61123],[131.18417,33.61132],[131.18417,33.61123],[131.18406,33.61123]]]}},{"type":"Feature","properties":{"A40_001":"大分県","A40_002":"44","A40_003":"0.3m以上 〜 1m未満"},"geometry":{"type":"Polygon","coordinates":[[[131.1832,33.61123],[131.18331,33.61132],[131.18331,33.61123],[131.1832,33.61123]]]}},{"type":"Feature","properties":{"A40_001":"大分県","A40_002":"44","A40_003":"0.3m未満"},"geometry":{"type":"Polygon","coordinates":[[[131.18277,33.61123],[131.18288,33.61132],[131.18288,33.61123],[131.18277,33.61123]]]}},{"type":"Feature","properties":{"A40_001":"大分県","A40_002":"44","A40_003":"0.3m以上 〜 1m未満"},"geometry":{"type":"Polygon","coordinates":[[[131.18924,33.61122],[131.18902,33.6114],[131.18924,33.61131],[131.18924,33.61122]]]}},{"type":"Feature","properties":{"A40_001":"大分県","A40_002":"44","A40_003":"0.3m以上 〜 1m未満"},"geometry":{"type":"Polygon","coordinates":[[[131.18299,33.61114],[131.18288,33.6115],[131.1832,33.6115],[131.18299,33.61114]]]}},{"type":"Feature","properties":{"A40_001":"大分県","A40_002":"44","A40_003":"2m以上 〜 3m未満"},"geometry":{"type":"Polygon","coordinates":[[[131.20518,33.6112],[131.20508,33.61147],[131.20519,33.61147],[131.20518,33.6112]]]}},{"type":"Feature","properties":{"A40_001":"大分県","A40_002":"44","A40_003":"0.3m以上 〜 1m未満"},"geometry":{"type":"Polygon","coordinates":[[[131.197,33.61139],[131.19678,33.6113],[131.19678,33.61139],[131.197,33.61139]]]}},{"type":"Feature","properties":{"A40_001":"大分県","A40_002":"44","A40_003":"0.3m以上 〜 1m未満"},"geometry":{"type":"Polygon","coordinates":[[[131.19484,33.61139],[131.19473,33.6113],[131.19473,33.6114],[131.19484,33.61139]]]}},{"type":"Feature","properties":{"A40_001":"大分県","A40_002":"44","A40_003":"2m以上 〜 3m未満"},"geometry":{"type":"Polygon","coordinates":[[[131.1901,33.6114],[131.18999,33.61131],[131.18999,33.6114],[131.1901,33.6114]]]}},{"type":"Feature","properties":{"A40_001":"大分県","A40_002":"44","A40_003":"0.3m未満"},"geometry":{"type":"Polygon","coordinates":[[[131.1859,33.61132],[131.186,33.61141],[131.186,33.61132],[131.1859,33.61132]]]}},{"type":"Feature","properties":{"A40_001":"大分県","A40_002":"44","A40_003":"0.3m以上 〜 1m未満"},"geometry":{"type":"Polygon","coordinates":[[[131.19872,33.61148],[131.19861,33.61139],[131.19861,33.61148],[131.19872,33.61148]]]}},{"type":"Feature","properties":{"A40_001":"大分県","A40_002":"44","A40_003":"0.3m以上 〜 1m未満"},"geometry":{"type":"Polygon","coordinates":[[[131.1971,33.61148],[131.197,33.61139],[131.197,33.61148],[131.1971,33.61148]]]}},{"type":"Feature","properties":{"A40_001":"大分県","A40_002":"44","A40_003":"0.3m以上 〜 1m未満"},"geometry":{"type":"Polygon","coordinates":[[[131.19473,33.6114],[131.19452,33.61149],[131.19473,33.61149],[131.19473,33.6114]]]}},{"type":"Feature","properties":{"A40_001":"大分県","A40_002":"44","A40_003":"0.3m未満"},"geometry":{"type":"Polygon","coordinates":[[[131.19452,33.61149],[131.19441,33.6114],[131.19441,33.61149],[131.19452,33.61149]]]}},{"type":"Feature","properties":{"A40_001":"大分県","A40_002":"44","A40_003":"0.3m未満"},"geometry":{"type":"Polygon","coordinates":[[[131.18708,33.61141],[131.18719,33.6115],[131.18719,33.61141],[131.18708,33.61141]]]}},{"type":"Feature","properties":{"A40_001":"大分県","A40_002":"44","A40_003":"0.3m未満"},"geometry":{"type":"Polygon","coordinates":[[[131.18536,33.61141],[131.18546,33.6115],[131.18546,33.61141],[131.18536,33.61141]]]}},{"type":"Feature","properties":{"A40_001":"大分県","A40_002":"44","A40_003":"2m以上 〜 3m未満"},"geometry":{"type":"Polygon","coordinates":[[[131.19021,33.61158],[131.1901,33.6114],[131.1901,33.61158],[131.19021,33.61158]]]}},{"type":"Feature","properties":{"A40_001":"大分県","A40_002":"44","A40_003":"0.3m以上 〜 1m未満"},"geometry":{"type":"Polygon","coordinates":[[[131.18449,33.61132],[131.18439,33.61168],[131.1846,33.61168],[131.18449,33.61132]]]}},{"type":"Feature","properties":{"A40_001":"大分県","A40_002":"44","A40_003":"0.3m以上 〜 1m未満"},"geometry":{"type":"Polygon","coordinates":[[[131.1943,33.61149],[131.19441,33.61158],[131.19441,33.61149],[131.1943,33.61149]]]}},{"type":"Feature","properties":{"A40_001":"大分県","A40_002":"44","A40_003":"0.3m未満"},"geometry":{"type":"Polygon","coordinates":[[[131.2109,33.61155],[131.21057,33.61128],[131.21057,33.61146],[131.2109,33.61155]]]}},{"type":"Feature","properties":{"A40_001":"大分県","A40_002":"44","A40_003":"0.3m未満"},"geometry":{"type":"Polygon","coordinates":[[[131.21144,33.61137],[131.21154,33.61146],[131.21154,33.61137],[131.21144,33.61137]]]}},{"type":"Feature","properties":{"A40_001":"大分県","A40_002":"44","A40_003":"1m以上 〜 2m未満"},"geometry":{"type":"Polygon","coordinates":[[[131.21133,33.61137],[131.21144,33.61146],[131.21144,33.61137],[131.21133,33.61137]]]}},{"type":"Feature","properties":{"A40_001":"大分県","A40_002":"44","A40_003":"0.3m以上 〜 1m未満"},"geometry":{"type":"Polygon","coordinates":[[[131.21133,33.61155],[131.211,33.61128],[131.21101,33.61155],[131.21133,33.61155]]]}},{"type":"Feature","properties":{"A40_001":"大分県","A40_002":"44","A40_003":"0.3m以上 〜 1m未満"},"geometry":{"type":"Polygon","coordinates":[[[131.20885,33.61146],[131.20906,33.61137],[131.20885,33.61137],[131.20885,33.61146]]]}},{"type":"Feature","properties":{"A40_001":"大分県","A40_002":"44","A40_003":"1m以上 〜 2m未満"},"geometry":{"type":"Polygon","coordinates":[[[131.21111,33.61146],[131.21122,33.61155],[131.21122,33.61146],[131.21111,33.61146]]]}},{"type":"Feature","properties":{"A40_001":"大分県","A40_002":"44","A40_003":"1m以上 〜 2m未満"},"geometry":{"type":"Polygon","coordinates":[[[131.20939,33.61146],[131.20906,33.61137],[131.20939,33.61182],[131.20939,33.61146]]]}},{"type":"Feature","properties":{"A40_001":"大分県","A40_002":"44","A40_003":"0.3m以上 〜 1m未満"},"geometry":{"type":"Polygon","coordinates":[[[131.20659,33.61147],[131.20669,33.61156],[131.20669,33.61147],[131.20659,33.61147]]]}},{"type":"Feature","properties":{"A40_001":"大分県","A40_002":"44","A40_003":"2m以上 〜 3m未満"},"geometry":{"type":"Polygon","coordinates":[[[131.21122,33.61155],[131.21133,33.61164],[131.21133,33.61155],[131.21122,33.61155]]]}},{"type":"Feature","properties":{"A40_001":"大分県","A40_002":"44","A40_003":"0.3m未満"},"geometry":{"type":"Polygon","coordinates":[[[131.21111,33.61155],[131.21122,33.61164],[131.21122,33.61155],[131.21111,33.61155]]]}},{"type":"Feature","properties":{"A40_001":"大分県","A40_002":"44","A40_003":"0.3m未満"},"geometry":{"type":"Polygon","coordinates":[[[131.19419,33.61149],[131.1943,33.61158],[131.1943,33.61149],[131.19419,33.61149]]]}},{"type":"Feature","properties":{"A40_001":"大分県","A40_002":"44","A40_003":"0.3m以上 〜 1m未満"},"geometry":{"type":"Polygon","coordinates":[[[131.19344,33.61176],[131.19322,33.61149],[131.19333,33.61176],[131.19344,33.61176]]]}},{"type":"Feature","properties":{"A40_001":"大分県","A40_002":"44","A40_003":"0.3m未満"},"geometry":{"type":"Polygon","coordinates":[[[131.18471,33.6115],[131.18482,33.61159],[131.18482,33.6115],[131.18471,33.6115]]]}},{"type":"Feature","properties":{"A40_001":"大分県","A40_002":"44","A40_003":"2m以上 〜 3m未満"},"geometry":{"type":"Polygon","coordinates":[[[131.20529,33.61147],[131.20519,33.61165],[131.20529,33.61165],[131.20529,33.61147]]]}},{"type":"Feature","properties":{"A40_001":"大分県","A40_002":"44","A40_003":"0.3m未満"},"geometry":{"type":"Polygon","coordinates":[[[131.18913,33.61149],[131.18891,33.61167],[131.18913,33.61167],[131.18913,33.61149]]]}},{"type":"Feature","properties":{"A40_001":"大分県","A40_002":"44","A40_003":"0.3m未満"},"geometry":{"type":"Polygon","coordinates":[[[131.18514,33.61168],[131.18536,33.6115],[131.18493,33.6115],[131.18514,33.61168]]]}},{"type":"Feature","properties":{"A40_001":"大分県","A40_002":"44","A40_003":"1m以上 〜 2m未満"},"geometry":{"type":"Polygon","coordinates":[[[131.20583,33.61156],[131.20594,33.61165],[131.20594,33.61156],[131.20583,33.61156]]]}},{"type":"Feature","properties":{"A40_001":"大分県","A40_002":"44","A40_003":"0.3m以上 〜 1m未満"},"geometry":{"type":"Polygon","coordinates":[[[131.19419,33.61158],[131.1943,33.61167],[131.1943,33.61158],[131.19419,33.61158]]]}},{"type":"Feature","properties":{"A40_001":"大分県","A40_002":"44","A40_003":"0.3m未満"},"geometry":{"type":"Polygon","coordinates":[[[131.19398,33.61167],[131.19419,33.61158],[131.19398,33.61158],[131.19398,33.61167]]]}},{"type":"Feature","properties":{"A40_001":"大分県","A40_002":"44","A40_003":"0.3m未満"},"geometry":{"type":"Polygon","coordinates":[[[131.19355,33.6114],[131.19344,33.61176],[131.19376,33.61185],[131.19387,33.61167],[131.19355,33.6114]]]}},{"type":"Feature","properties":{"A40_001":"大分県","A40_002":"44","A40_003":"0.3m未満"},"geometry":{"type":"Polygon","coordinates":[[[131.19301,33.61158],[131.19322,33.61167],[131.19322,33.61158],[131.19301,33.61158]]]}},{"type":"Feature","properties":{"A40_001":"大分県","A40_002":"44","A40_003":"2m以上 〜 3m未満"},"geometry":{"type":"Polygon","coordinates":[[[131.19021,33.61158],[131.19031,33.61167],[131.19031,33.61158],[131.19021,33.61158]]]}},{"type":"Feature","properties":{"A40_001":"大分県","A40_002":"44","A40_003":"0.3m以上 〜 1m未満"},"geometry":{"type":"Polygon","coordinates":[[[131.18978,33.61158],[131.18988,33.61167],[131.18988,33.61158],[131.18978,33.61158]]]}},{"type":"Feature","properties":{"A40_001":"大分県","A40_002":"44","A40_003":"0.3m未満"},"geometry":{"type":"Polygon","coordinates":[[[131.1873,33.61159],[131.1874,33.61168],[131.1874,33.61159],[131.1873,33.61159]]]}},{"type":"Feature","properties":{"A40_001":"大分県","A40_002":"44","A40_003":"0.3m以上 〜 1m未満"},"geometry":{"type":"Polygon","coordinates":[[[131.18622,33.61105],[131.18546,33.61123],[131.18493,33.61204],[131.18579,33.61231],[131.18654,33.61159],[131.18622,33.61105]],[[131.1859,33.61132],[131.186,33.61141],[131.1859,33.61141],[131.1859,33.61132]]]}},{"type":"Feature","properties":{"A40_001":"大分県","A40_002":"44","A40_003":"0.3m以上 〜 1m未満"},"geometry":{"type":"Polygon","coordinates":[[[131.18503,33.61168],[131.1846,33.61168],[131.1846,33.61177],[131.18503,33.61168]]]}},{"type":"Feature","properties":{"A40_001":"大分県","A40_002":"44","A40_003":"1m以上 〜 2m未満"},"geometry":{"type":"Polygon","coordinates":[[[131.1846,33.61159],[131.18471,33.61168],[131.18471,33.61159],[131.1846,33.61159]]]}},{"type":"Feature","properties":{"A40_001":"大分県","A40_002":"44","A40_003":"0.3m以上 〜 1m未満"},"geometry":{"type":"Polygon","coordinates":[[[131.18924,33.61176],[131.18891,33.61167],[131.18891,33.61176],[131.18924,33.61176]]]}},{"type":"Feature","properties":{"A40_001":"大分県","A40_002":"44","A40_003":"0.3m以上 〜 1m未満"},"geometry":{"type":"Polygon","coordinates":[[[131.18331,33.61159],[131.1832,33.61177],[131.18331,33.61177],[131.18331,33.61159]]]}},{"type":"Feature","properties":{"A40_001":"大分県","A40_002":"44","A40_003":"1m以上 〜 2m未満"},"geometry":{"type":"Polygon","coordinates":[[[131.20519,33.61165],[131.20529,33.61174],[131.20529,33.61165],[131.20519,33.61165]]]}},{"type":"Feature","properties":{"A40_001":"大分県","A40_002":"44","A40_003":"1m以上 〜 2m未満"},"geometry":{"type":"Polygon","coordinates":[[[131.211,33.61146],[131.2109,33.61173],[131.21111,33.61173],[131.211,33.61146]]]}},{"type":"Feature","properties":{"A40_001":"大分県","A40_002":"44","A40_003":"0.3m未満"},"geometry":{"type":"Polygon","coordinates":[[[131.20971,33.61155],[131.20982,33.61164],[131.20982,33.61155],[131.20971,33.61155]]]}},{"type":"Feature","properties":{"A40_001":"大分県","A40_002":"44","A40_003":"0.3m以上 〜 1m未満"},"geometry":{"type":"Polygon","coordinates":[[[131.20669,33.61156],[131.20691,33.61165],[131.20691,33.61156],[131.20669,33.61156]]]}},{"type":"Feature","properties":{"A40_001":"大分県","A40_002":"44","A40_003":"0.3m以上 〜 1m未満"},"geometry":{"type":"Polygon","coordinates":[[[131.2109,33.61155],[131.21079,33.61173],[131.2109,33.61173],[131.2109,33.61155]]]}},{"type":"Feature","properties":{"A40_001":"大分県","A40_002":"44","A40_003":"1m以上 〜 2m未満"},"geometry":{"type":"Polygon","coordinates":[[[131.20993,33.61155],[131.20982,33.61173],[131.20993,33.61173],[131.20993,33.61155]]]}},{"type":"Feature","properties":{"A40_001":"大分県","A40_002":"44","A40_003":"0.3m以上 〜 1m未満"},"geometry":{"type":"Polygon","coordinates":[[[131.20917,33.61164],[131.20928,33.61173],[131.20928,33.61164],[131.20917,33.61164]]]}},{"type":"Feature","properties":{"A40_001":"大分県","A40_002":"44","A40_003":"0.3m以上 〜 1m未満"},"geometry":{"type":"Polygon","coordinates":[[[131.20896,33.61164],[131.20907,33.61173],[131.20907,33.61164],[131.20896,33.61164]]]}},{"type":"Feature","properties":{"A40_001":"大分県","A40_002":"44","A40_003":"0.3m以上 〜 1m未満"},"geometry":{"type":"Polygon","coordinates":[[[131.20659,33.61165],[131.20669,33.61174],[131.20669,33.61165],[131.20659,33.61165]]]}},{"type":"Feature","properties":{"A40_001":"大分県","A40_002":"44","A40_003":"0.3m未満"},"geometry":{"type":"Polygon","coordinates":[[[131.20971,33.61164],[131.2096,33.61182],[131.20971,33.61182],[131.20971,33.61164]]]}},{"type":"Feature","properties":{"A40_001":"大分県","A40_002":"44","A40_003":"2m以上 〜 3m未満"},"geometry":{"type":"Polygon","coordinates":[[[131.2109,33.61173],[131.21101,33.61182],[131.21101,33.61173],[131.2109,33.61173]]]}},{"type":"Feature","properties":{"A40_001":"大分県","A40_002":"44","A40_003":"0.3m以上 〜 1m未満"},"geometry":{"type":"Polygon","coordinates":[[[131.19667,33.61139],[131.19635,33.61112],[131.19549,33.61112],[131.19592,33.61229],[131.19581,33.61148],[131.19667,33.61139]]]}},{"type":"Feature","properties":{"A40_001":"大分県","A40_002":"44","A40_003":"0.3m以上 〜 1m未満"},"geometry":{"type":"Polygon","coordinates":[[[131.19387,33.61176],[131.19409,33.61167],[131.19387,33.61167],[131.19387,33.61176]]]}},{"type":"Feature","properties":{"A40_001":"大分県","A40_002":"44","A40_003":"2m以上 〜 3m未満"},"geometry":{"type":"Polygon","coordinates":[[[131.19031,33.61167],[131.19042,33.61176],[131.19042,33.61167],[131.19031,33.61167]]]}},{"type":"Feature","properties":{"A40_001":"大分県","A40_002":"44","A40_003":"0.3m未満"},"geometry":{"type":"Polygon","coordinates":[[[131.18881,33.61167],[131.18891,33.61176],[131.18891,33.61167],[131.18881,33.61167]]]}},{"type":"Feature","properties":{"A40_001":"大分県","A40_002":"44","A40_003":"0.3m未満"},"geometry":{"type":"Polygon","coordinates":[[[131.1874,33.61168],[131.18751,33.61177],[131.18751,33.61168],[131.1874,33.61168]]]}},{"type":"Feature","properties":{"A40_001":"大分県","A40_002":"44","A40_003":"0.3m未満"},"geometry":{"type":"Polygon","coordinates":[[[131.18482,33.61168],[131.18493,33.61177],[131.18493,33.61168],[131.18482,33.61168]]]}},{"type":"Feature","properties":{"A40_001":"大分県","A40_002":"44","A40_003":"0.3m未満"},"geometry":{"type":"Polygon","coordinates":[[[131.18309,33.61168],[131.1832,33.61177],[131.1832,33.61168],[131.18309,33.61168]]]}},{"type":"Feature","properties":{"A40_001":"大分県","A40_002":"44","A40_003":"2m以上 〜 3m未満"},"geometry":{"type":"Polygon","coordinates":[[[131.20368,33.61183],[131.20335,33.61147],[131.20292,33.61165],[131.20335,33.61201],[131.20368,33.61183]]]}},{"type":"Feature","properties":{"A40_001":"大分県","A40_002":"44","A40_003":"1m以上 〜 2m未満"},"geometry":{"type":"Polygon","coordinates":[[[131.20529,33.61183],[131.20551,33.61174],[131.20529,33.61174],[131.20529,33.61183]]]}},{"type":"Feature","properties":{"A40_001":"大分県","A40_002":"44","A40_003":"1m以上 〜 2m未満"},"geometry":{"type":"Polygon","coordinates":[[[131.20486,33.61174],[131.20497,33.61183],[131.20497,33.61174],[131.20486,33.61174]]]}},{"type":"Feature","properties":{"A40_001":"大分県","A40_002":"44","A40_003":"0.3m以上 〜 1m未満"},"geometry":{"type":"Polygon","coordinates":[[[131.20282,33.61165],[131.20271,33.61192],[131.20282,33.61192],[131.20282,33.61165]]]}},{"type":"Feature","properties":{"A40_001":"大分県","A40_002":"44","A40_003":"0.3m以上 〜 1m未満"},"geometry":{"type":"Polygon","coordinates":[[[131.1943,33.61176],[131.19441,33.61185],[131.19441,33.61176],[131.1943,33.61176]]]}},{"type":"Feature","properties":{"A40_001":"大分県","A40_002":"44","A40_003":"0.3m以上 〜 1m未満"},"geometry":{"type":"Polygon","coordinates":[[[131.19376,33.61176],[131.19387,33.61185],[131.19387,33.61176],[131.19376,33.61176]]]}},{"type":"Feature","properties":{"A40_001":"大分県","A40_002":"44","A40_003":"0.3m未満"},"geometry":{"type":"Polygon","coordinates":[[[131.19333,33.61176],[131.19344,33.61185],[131.19344,33.61176],[131.19333,33.61176]]]}},{"type":"Feature","properties":{"A40_001":"大分県","A40_002":"44","A40_003":"0.3m以上 〜 1m未満"},"geometry":{"type":"Polygon","coordinates":[[[131.19312,33.61185],[131.19333,33.61176],[131.19312,33.61176],[131.19312,33.61185]]]}},{"type":"Feature","properties":{"A40_001":"大分県","A40_002":"44","A40_003":"2m以上 〜 3m未満"},"geometry":{"type":"Polygon","coordinates":[[[131.19042,33.61176],[131.19053,33.61185],[131.19053,33.61176],[131.19042,33.61176]]]}},{"type":"Feature","properties":{"A40_001":"大分県","A40_002":"44","A40_003":"0.3m未満"},"geometry":{"type":"Polygon","coordinates":[[[131.18891,33.61176],[131.18913,33.61185],[131.18913,33.61176],[131.18891,33.61176]]]}},{"type":"Feature","properties":{"A40_001":"大分県","A40_002":"44","A40_003":"0.3m未満"},"geometry":{"type":"Polygon","coordinates":[[[131.1846,33.61177],[131.18471,33.61186],[131.18471,33.61177],[131.1846,33.61177]]]}},{"type":"Feature","properties":{"A40_001":"大分県","A40_002":"44","A40_003":"0.3m以上 〜 1m未満"},"geometry":{"type":"Polygon","coordinates":[[[131.18439,33.61177],[131.1846,33.61186],[131.1846,33.61177],[131.18439,33.61177]]]}},{"type":"Feature","properties":{"A40_001":"大分県","A40_002":"44","A40_003":"0.3m未満"},"geometry":{"type":"Polygon","coordinates":[[[131.18439,33.61177],[131.18417,33.61168],[131.18417,33.61195],[131.18439,33.61177]]]}},{"type":"Feature","properties":{"A40_001":"大分県","A40_002":"44","A40_003":"0.3m以上 〜 1m未満"},"geometry":{"type":"Polygon","coordinates":[[[131.18417,33.61168],[131.18406,33.61204],[131.18428,33.61204],[131.18417,33.61168]]]}},{"type":"Feature","properties":{"A40_001":"大分県","A40_002":"44","A40_003":"0.3m以上 〜 1m未満"},"geometry":{"type":"Polygon","coordinates":[[[131.20626,33.61183],[131.20637,33.61192],[131.20637,33.61183],[131.20626,33.61183]]]}},{"type":"Feature","properties":{"A40_001":"大分県","A40_002":"44","A40_003":"1m以上 〜 2m未満"},"geometry":{"type":"Polygon","coordinates":[[[131.20497,33.61183],[131.20508,33.61192],[131.20508,33.61183],[131.20497,33.61183]]]}},{"type":"Feature","properties":{"A40_001":"大分県","A40_002":"44","A40_003":"2m以上 〜 3m未満"},"geometry":{"type":"Polygon","coordinates":[[[131.20368,33.61183],[131.20379,33.61192],[131.20379,33.61183],[131.20368,33.61183]]]}},{"type":"Feature","properties":{"A40_001":"大分県","A40_002":"44","A40_003":"0.3m以上 〜 1m未満"},"geometry":{"type":"Polygon","coordinates":[[[131.19732,33.61184],[131.19743,33.61193],[131.19743,33.61184],[131.19732,33.61184]]]}},{"type":"Feature","properties":{"A40_001":"大分県","A40_002":"44","A40_003":"0.3m以上 〜 1m未満"},"geometry":{"type":"Polygon","coordinates":[[[131.19484,33.61185],[131.19495,33.61194],[131.19495,33.61185],[131.19484,33.61185]]]}},{"type":"Feature","properties":{"A40_001":"大分県","A40_002":"44","A40_003":"0.3m以上 〜 1m未満"},"geometry":{"type":"Polygon","coordinates":[[[131.19301,33.61176],[131.1929,33.61203],[131.19312,33.61203],[131.19301,33.61176]]]}},{"type":"Feature","properties":{"A40_001":"大分県","A40_002":"44","A40_003":"2m以上 〜 3m未満"},"geometry":{"type":"Polygon","coordinates":[[[131.19053,33.61185],[131.19064,33.61194],[131.19064,33.61185],[131.19053,33.61185]]]}},{"type":"Feature","properties":{"A40_001":"大分県","A40_002":"44","A40_003":"0.3m未満"},"geometry":{"type":"Polygon","coordinates":[[[131.18439,33.61186],[131.1845,33.61195],[131.1845,33.61186],[131.18439,33.61186]]]}},{"type":"Feature","properties":{"A40_001":"大分県","A40_002":"44","A40_003":"0.3m以上 〜 1m未満"},"geometry":{"type":"Polygon","coordinates":[[[131.18428,33.61186],[131.18439,33.61195],[131.18439,33.61186],[131.18428,33.61186]]]}},{"type":"Feature","properties":{"A40_001":"大分県","A40_002":"44","A40_003":"2m以上 〜 3m未満"},"geometry":{"type":"Polygon","coordinates":[[[131.20001,33.61193],[131.20012,33.61202],[131.20012,33.61193],[131.20001,33.61193]]]}},{"type":"Feature","properties":{"A40_001":"大分県","A40_002":"44","A40_003":"2m以上 〜 3m未満"},"geometry":{"type":"Polygon","coordinates":[[[131.19926,33.61193],[131.19937,33.61202],[131.19937,33.61193],[131.19926,33.61193]]]}},{"type":"Feature","properties":{"A40_001":"大分県","A40_002":"44","A40_003":"0.3m以上 〜 1m未満"},"geometry":{"type":"Polygon","coordinates":[[[131.19721,33.61193],[131.19732,33.61202],[131.19732,33.61193],[131.19721,33.61193]]]}},{"type":"Feature","properties":{"A40_001":"大分県","A40_002":"44","A40_003":"0.3m以上 〜 1m未満"},"geometry":{"type":"Polygon","coordinates":[[[131.19538,33.61194],[131.19549,33.61203],[131.19549,33.61193],[131.19538,33.61194]]]}},{"type":"Feature","properties":{"A40_001":"大分県","A40_002":"44","A40_003":"0.3m未満"},"geometry":{"type":"Polygon","coordinates":[[[131.18439,33.61249],[131.18482,33.61222],[131.18525,33.61276],[131.18557,33.61258],[131.18557,33.61231],[131.18482,33.61186],[131.18406,33.61204],[131.18395,33.61087],[131.18309,33.61042],[131.18277,33.61105],[131.18428,33.61231],[131.18417,33.61303],[131.18471,33.61357],[131.18525,33.6133],[131.18439,33.61249]],[[131.1845,33.6124],[131.18439,33.61231],[131.1845,33.61231],[131.1845,33.6124]],[[131.18439,33.61213],[131.18428,33.61222],[131.18428,33.61213],[131.18439,33.61213]],[[131.18374,33.61105],[131.18363,33.61096],[131.18374,33.61096],[131.18374,33.61105]],[[131.1832,33.61123],[131.18331,33.61132],[131.1832,33.61132],[131.1832,33.61123]],[[131.18439,33.61258],[131.18428,33.61267],[131.18428,33.61258],[131.18439,33.61258]],[[131.18385,33.61159],[131.18396,33.6115],[131.18396,33.61159],[131.18385,33.61159]],[[131.18374,33.61177],[131.18385,33.61168],[131.18385,33.61177],[131.18374,33.61177]],[[131.18514,33.61249],[131.18525,33.6124],[131.18525,33.61249],[131.18514,33.61249]],[[131.18536,33.61249],[131.18547,33.6124],[131.18547,33.61249],[131.18536,33.61249]]]}},{"type":"Feature","properties":{"A40_001":"大分県","A40_002":"44","A40_003":"0.3m以上 〜 1m未満"},"geometry":{"type":"Polygon","coordinates":[[[131.18342,33.61195],[131.18353,33.61204],[131.18353,33.61195],[131.18342,33.61195]]]}},{"type":"Feature","properties":{"A40_001":"大分県","A40_002":"44","A40_003":"2m以上 〜 3m未満"},"geometry":{"type":"Polygon","coordinates":[[[131.19948,33.61193],[131.19937,33.61211],[131.19969,33.61193],[131.19948,33.61193]]]}},{"type":"Feature","properties":{"A40_001":"大分県","A40_002":"44","A40_003":"0.3m以上 〜 1m未満"},"geometry":{"type":"Polygon","coordinates":[[[131.20282,33.61201],[131.20292,33.6121],[131.20292,33.61201],[131.20282,33.61201]]]}},{"type":"Feature","properties":{"A40_001":"大分県","A40_002":"44","A40_003":"2m以上 〜 3m未満"},"geometry":{"type":"Polygon","coordinates":[[[131.19915,33.61202],[131.19926,33.61211],[131.19926,33.61202],[131.19915,33.61202]]]}},{"type":"Feature","properties":{"A40_001":"大分県","A40_002":"44","A40_003":"0.3m以上 〜 1m未満"},"geometry":{"type":"Polygon","coordinates":[[[131.19441,33.61203],[131.19452,33.61212],[131.19452,33.61203],[131.19441,33.61203]]]}},{"type":"Feature","properties":{"A40_001":"大分県","A40_002":"44","A40_003":"0.3m以上 〜 1m未満"},"geometry":{"type":"Polygon","coordinates":[[[131.20648,33.61174],[131.20659,33.61183],[131.20659,33.61174],[131.20648,33.61174]]]}},{"type":"Feature","properties":{"A40_001":"大分県","A40_002":"44","A40_003":"2m以上 〜 3m未満"},"geometry":{"type":"Polygon","coordinates":[[[131.20939,33.61182],[131.2095,33.61191],[131.2095,33.61182],[131.20939,33.61182]]]}},{"type":"Feature","properties":{"A40_001":"大分県","A40_002":"44","A40_003":"0.3m以上 〜 1m未満"},"geometry":{"type":"Polygon","coordinates":[[[131.20939,33.61182],[131.20928,33.612],[131.20939,33.612],[131.20939,33.61182]]]}},{"type":"Feature","properties":{"A40_001":"大分県","A40_002":"44","A40_003":"0.3m未満"},"geometry":{"type":"Polygon","coordinates":[[[131.2095,33.61191],[131.20961,33.612],[131.2096,33.61191],[131.2095,33.61191]]]}},{"type":"Feature","properties":{"A40_001":"大分県","A40_002":"44","A40_003":"1m以上 〜 2m未満"},"geometry":{"type":"Polygon","coordinates":[[[131.20939,33.61191],[131.2095,33.612],[131.2095,33.61191],[131.20939,33.61191]]]}},{"type":"Feature","properties":{"A40_001":"大分県","A40_002":"44","A40_003":"0.3m未満"},"geometry":{"type":"Polygon","coordinates":[[[131.20961,33.612],[131.20971,33.61209],[131.20971,33.612],[131.20961,33.612]]]}},{"type":"Feature","properties":{"A40_001":"大分県","A40_002":"44","A40_003":"0.3m以上 〜 1m未満"},"geometry":{"type":"Polygon","coordinates":[[[131.20939,33.612],[131.2095,33.61209],[131.2095,33.612],[131.20939,33.612]]]}},{"type":"Feature","properties":{"A40_001":"大分県","A40_002":"44","A40_003":"0.3m以上 〜 1m未満"},"geometry":{"type":"Polygon","coordinates":[[[131.20917,33.612],[131.20928,33.61209],[131.20928,33.612],[131.20917,33.612]]]}},{"type":"Feature","properties":{"A40_001":"大分県","A40_002":"44","A40_003":"1m以上 〜 2m未満"},"geometry":{"type":"Polygon","coordinates":[[[131.20939,33.612],[131.20917,33.61209],[131.20917,33.61227],[131.20939,33.612]]]}},{"type":"Feature","properties":{"A40_001":"大分県","A40_002":"44","A40_003":"1m以上 〜 2m未満"},"geometry":{"type":"Polygon","coordinates":[[[131.20982,33.61182],[131.2095,33.61191],[131.20982,33.61254],[131.20982,33.61182]]]}},{"type":"Feature","properties":{"A40_001":"大分県","A40_002":"44","A40_003":"0.3m以上 〜 1m未満"},"geometry":{"type":"Polygon","coordinates":[[[131.25411,33.61165],[131.25422,33.61174],[131.25422,33.61165],[131.25411,33.61165]]]}},{"type":"Feature","properties":{"A40_001":"大分県","A40_002":"44","A40_003":"0.3m未満"},"geometry":{"type":"Polygon","coordinates":[[[131.25411,33.61174],[131.25422,33.61183],[131.25422,33.61174],[131.25411,33.61174]]]}},{"type":"Feature","properties":{"A40_001":"大分県","A40_002":"44","A40_003":"0.3m未満"},"geometry":{"type":"Polygon","coordinates":[[[131.25778,33.61209],[131.25788,33.61218],[131.25788,33.61209],[131.25778,33.61209]]]}},{"type":"Feature","properties":{"A40_001":"大分県","A40_002":"44","A40_003":"1m以上 〜 2m未満"},"geometry":{"type":"Polygon","coordinates":[[[131.25401,33.61219],[131.25411,33.61228],[131.25411,33.61219],[131.25401,33.61219]]]}},{"type":"Feature","properties":{"A40_001":"大分県","A40_002":"44","A40_003":"0.3m以上 〜 1m未満"},"geometry":{"type":"Polygon","coordinates":[[[131.25401,33.61228],[131.25411,33.61237],[131.25411,33.61228],[131.25401,33.61228]]]}},{"type":"Feature","properties":{"A40_001":"大分県","A40_002":"44","A40_003":"0.3m以上 〜 1m未満"},"geometry":{"type":"Polygon","coordinates":[[[131.25616,33.61246],[131.25627,33.61255],[131.25627,33.61246],[131.25616,33.61246]]]}},{"type":"Feature","properties":{"A40_001":"大分県","A40_002":"44","A40_003":"2m以上 〜 3m未満"},"geometry":{"type":"Polygon","coordinates":[[[131.25605,33.61246],[131.25616,33.61255],[131.25616,33.61246],[131.25605,33.61246]]]}},{"type":"Feature","properties":{"A40_001":"大分県","A40_002":"44","A40_003":"0.3m未満"},"geometry":{"type":"Polygon","coordinates":[[[131.25789,33.61245],[131.25767,33.61263],[131.25789,33.61263],[131.25789,33.61245]]]}},{"type":"Feature","properties":{"A40_001":"大分県","A40_002":"44","A40_003":"0.3m未満"},"geometry":{"type":"Polygon","coordinates":[[[131.25702,33.61254],[131.25713,33.61263],[131.25713,33.61254],[131.25702,33.61254]]]}},{"type":"Feature","properties":{"A40_001":"大分県","A40_002":"44","A40_003":"1m以上 〜 2m未満"},"geometry":{"type":"Polygon","coordinates":[[[131.25692,33.61254],[131.25702,33.61263],[131.25702,33.61254],[131.25692,33.61254]]]}},{"type":"Feature","properties":{"A40_001":"大分県","A40_002":"44","A40_003":"0.3m以上 〜 1m未満"},"geometry":{"type":"Polygon","coordinates":[[[131.20648,33.61201],[131.20637,33.61219],[131.20648,33.61219],[131.20648,33.61201]]]}},{"type":"Feature","properties":{"A40_001":"大分県","A40_002":"44","A40_003":"0.3m未満"},"geometry":{"type":"Polygon","coordinates":[[[131.19301,33.61203],[131.1929,33.61221],[131.19301,33.61221],[131.19301,33.61203]]]}},{"type":"Feature","properties":{"A40_001":"大分県","A40_002":"44","A40_003":"0.3m以上 〜 1m未満"},"geometry":{"type":"Polygon","coordinates":[[[131.19075,33.61203],[131.19064,33.61221],[131.19085,33.61221],[131.19075,33.61203]]]}},{"type":"Feature","properties":{"A40_001":"大分県","A40_002":"44","A40_003":"2m以上 〜 3m未満"},"geometry":{"type":"Polygon","coordinates":[[[131.20206,33.6121],[131.20217,33.61219],[131.20217,33.6121],[131.20206,33.6121]]]}},{"type":"Feature","properties":{"A40_001":"大分県","A40_002":"44","A40_003":"2m以上 〜 3m未満"},"geometry":{"type":"Polygon","coordinates":[[[131.20185,33.61211],[131.20195,33.6122],[131.20195,33.6121],[131.20185,33.61211]]]}},{"type":"Feature","properties":{"A40_001":"大分県","A40_002":"44","A40_003":"2m以上 〜 3m未満"},"geometry":{"type":"Polygon","coordinates":[[[131.20001,33.61202],[131.19991,33.61229],[131.20012,33.6122],[131.20001,33.61202]]]}},{"type":"Feature","properties":{"A40_001":"大分県","A40_002":"44","A40_003":"0.3m以上 〜 1m未満"},"geometry":{"type":"Polygon","coordinates":[[[131.19344,33.61212],[131.19355,33.61221],[131.19355,33.61212],[131.19344,33.61212]]]}},{"type":"Feature","properties":{"A40_001":"大分県","A40_002":"44","A40_003":"0.3m以上 〜 1m未満"},"geometry":{"type":"Polygon","coordinates":[[[131.18428,33.61213],[131.18439,33.61222],[131.18439,33.61213],[131.18428,33.61213]]]}},{"type":"Feature","properties":{"A40_001":"大分県","A40_002":"44","A40_003":"2m以上 〜 3m未満"},"geometry":{"type":"Polygon","coordinates":[[[131.20001,33.61238],[131.20034,33.61229],[131.20034,33.61202],[131.20023,33.61202],[131.20001,33.61238]]]}},{"type":"Feature","properties":{"A40_001":"大分県","A40_002":"44","A40_003":"0.3m以上 〜 1m未満"},"geometry":{"type":"Polygon","coordinates":[[[131.19495,33.61212],[131.19473,33.6123],[131.19495,33.6123],[131.19495,33.61212]]]}},{"type":"Feature","properties":{"A40_001":"大分県","A40_002":"44","A40_003":"0.3m以上 〜 1m未満"},"geometry":{"type":"Polygon","coordinates":[[[131.19376,33.61185],[131.19312,33.61239],[131.19344,33.61257],[131.19376,33.61185]]]}},{"type":"Feature","properties":{"A40_001":"大分県","A40_002":"44","A40_003":"1m以上 〜 2m未満"},"geometry":{"type":"Polygon","coordinates":[[[131.20583,33.61264],[131.20562,33.61183],[131.2054,33.61192],[131.20583,33.61264]]]}},{"type":"Feature","properties":{"A40_001":"大分県","A40_002":"44","A40_003":"2m以上 〜 3m未満"},"geometry":{"type":"Polygon","coordinates":[[[131.20045,33.6122],[131.20055,33.61229],[131.20055,33.6122],[131.20045,33.6122]]]}},{"type":"Feature","properties":{"A40_001":"大分県","A40_002":"44","A40_003":"1m以上 〜 2m未満"},"geometry":{"type":"Polygon","coordinates":[[[131.20001,33.6122],[131.20012,33.61229],[131.20012,33.6122],[131.20001,33.6122]]]}},{"type":"Feature","properties":{"A40_001":"大分県","A40_002":"44","A40_003":"2m以上 〜 3m未満"},"geometry":{"type":"Polygon","coordinates":[[[131.19904,33.6122],[131.19915,33.61229],[131.19915,33.6122],[131.19904,33.6122]]]}},{"type":"Feature","properties":{"A40_001":"大分県","A40_002":"44","A40_003":"0.3m以上 〜 1m未満"},"geometry":{"type":"Polygon","coordinates":[[[131.19387,33.61221],[131.19398,33.6123],[131.19398,33.61221],[131.19387,33.61221]]]}},{"type":"Feature","properties":{"A40_001":"大分県","A40_002":"44","A40_003":"0.3m以上 〜 1m未満"},"geometry":{"type":"Polygon","coordinates":[[[131.19301,33.61221],[131.19312,33.6123],[131.19312,33.61221],[131.19301,33.61221]]]}},{"type":"Feature","properties":{"A40_001":"大分県","A40_002":"44","A40_003":"1m以上 〜 2m未満"},"geometry":{"type":"Polygon","coordinates":[[[131.19085,33.61221],[131.19096,33.6123],[131.19096,33.61221],[131.19085,33.61221]]]}},{"type":"Feature","properties":{"A40_001":"大分県","A40_002":"44","A40_003":"0.3m未満"},"geometry":{"type":"Polygon","coordinates":[[[131.18557,33.61222],[131.18568,33.61231],[131.18568,33.61222],[131.18557,33.61222]]]}},{"type":"Feature","properties":{"A40_001":"大分県","A40_002":"44","A40_003":"0.3m以上 〜 1m未満"},"geometry":{"type":"Polygon","coordinates":[[[131.18514,33.61222],[131.18536,33.61231],[131.18536,33.61222],[131.18514,33.61222]]]}},{"type":"Feature","properties":{"A40_001":"大分県","A40_002":"44","A40_003":"2m以上 〜 3m未満"},"geometry":{"type":"Polygon","coordinates":[[[131.2026,33.61237],[131.20282,33.61228],[131.2026,33.61228],[131.2026,33.61237]]]}},{"type":"Feature","properties":{"A40_001":"大分県","A40_002":"44","A40_003":"2m以上 〜 3m未満"},"geometry":{"type":"Polygon","coordinates":[[[131.20034,33.61229],[131.20045,33.61238],[131.20045,33.61229],[131.20034,33.61229]]]}},{"type":"Feature","properties":{"A40_001":"大分県","A40_002":"44","A40_003":"1m以上 〜 2m未満"},"geometry":{"type":"Polygon","coordinates":[[[131.20023,33.61229],[131.20034,33.61238],[131.20034,33.61229],[131.20023,33.61229]]]}},{"type":"Feature","properties":{"A40_001":"大分県","A40_002":"44","A40_003":"2m以上 〜 3m未満"},"geometry":{"type":"Polygon","coordinates":[[[131.19958,33.61229],[131.19969,33.61238],[131.19969,33.61229],[131.19958,33.61229]]]}},{"type":"Feature","properties":{"A40_001":"大分県","A40_002":"44","A40_003":"0.3m以上 〜 1m未満"},"geometry":{"type":"Polygon","coordinates":[[[131.19506,33.6123],[131.19517,33.61239],[131.19517,33.6123],[131.19506,33.6123]]]}},{"type":"Feature","properties":{"A40_001":"大分県","A40_002":"44","A40_003":"2m以上 〜 3m未満"},"geometry":{"type":"Polygon","coordinates":[[[131.19344,33.6123],[131.19355,33.61239],[131.19355,33.6123],[131.19344,33.6123]]]}},{"type":"Feature","properties":{"A40_001":"大分県","A40_002":"44","A40_003":"1m以上 〜 2m未満"},"geometry":{"type":"Polygon","coordinates":[[[131.19096,33.6123],[131.19107,33.61239],[131.19107,33.6123],[131.19096,33.6123]]]}},{"type":"Feature","properties":{"A40_001":"大分県","A40_002":"44","A40_003":"0.3m以上 〜 1m未満"},"geometry":{"type":"Polygon","coordinates":[[[131.18557,33.61231],[131.18568,33.6124],[131.18568,33.61231],[131.18557,33.61231]]]}},{"type":"Feature","properties":{"A40_001":"大分県","A40_002":"44","A40_003":"0.3m以上 〜 1m未満"},"geometry":{"type":"Polygon","coordinates":[[[131.18439,33.61231],[131.1845,33.6124],[131.1845,33.61231],[131.18439,33.61231]]]}},{"type":"Feature","properties":{"A40_001":"大分県","A40_002":"44","A40_003":"1m以上 〜 2m未満"},"geometry":{"type":"Polygon","coordinates":[[[131.2067,33.61246],[131.20616,33.61237],[131.2067,33.61273],[131.2067,33.61246]]]}},{"type":"Feature","properties":{"A40_001":"大分県","A40_002":"44","A40_003":"0.3m未満"},"geometry":{"type":"Polygon","coordinates":[[[131.20928,33.61218],[131.20939,33.61227],[131.20939,33.61218],[131.20928,33.61218]]]}},{"type":"Feature","properties":{"A40_001":"大分県","A40_002":"44","A40_003":"0.3m以上 〜 1m未満"},"geometry":{"type":"Polygon","coordinates":[[[131.20907,33.61218],[131.20917,33.61227],[131.20917,33.61218],[131.20907,33.61218]]]}},{"type":"Feature","properties":{"A40_001":"大分県","A40_002":"44","A40_003":"0.3m以上 〜 1m未満"},"geometry":{"type":"Polygon","coordinates":[[[131.20917,33.61227],[131.20928,33.61236],[131.20928,33.61227],[131.20917,33.61227]]]}},{"type":"Feature","properties":{"A40_001":"大分県","A40_002":"44","A40_003":"1m以上 〜 2m未満"},"geometry":{"type":"Polygon","coordinates":[[[131.20907,33.61227],[131.20918,33.61236],[131.20917,33.61227],[131.20907,33.61227]]]}},{"type":"Feature","properties":{"A40_001":"大分県","A40_002":"44","A40_003":"0.3m以上 〜 1m未満"},"geometry":{"type":"Polygon","coordinates":[[[131.20896,33.61227],[131.20907,33.61236],[131.20907,33.61227],[131.20896,33.61227]]]}},{"type":"Feature","properties":{"A40_001":"大分県","A40_002":"44","A40_003":"0.3m以上 〜 1m未満"},"geometry":{"type":"Polygon","coordinates":[[[131.20648,33.61228],[131.20659,33.61237],[131.20659,33.61228],[131.20648,33.61228]]]}},{"type":"Feature","properties":{"A40_001":"大分県","A40_002":"44","A40_003":"0.3m未満"},"geometry":{"type":"Polygon","coordinates":[[[131.20939,33.61236],[131.2095,33.61245],[131.2095,33.61236],[131.20939,33.61236]]]}},{"type":"Feature","properties":{"A40_001":"大分県","A40_002":"44","A40_003":"0.3m未満"},"geometry":{"type":"Polygon","coordinates":[[[131.20831,33.61236],[131.20842,33.61245],[131.20842,33.61236],[131.20831,33.61236]]]}},{"type":"Feature","properties":{"A40_001":"大分県","A40_002":"44","A40_003":"0.3m未満"},"geometry":{"type":"Polygon","coordinates":[[[131.2081,33.61218],[131.20917,33.61155],[131.20874,33.61137],[131.20767,33.61219],[131.20702,33.61156],[131.20626,33.61192],[131.20767,33.61345],[131.2081,33.61282],[131.20875,33.61281],[131.2081,33.61218]],[[131.20724,33.61282],[131.20745,33.61273],[131.20745,33.61282],[131.20724,33.61282]],[[131.20788,33.61228],[131.2081,33.61255],[131.20821,33.61273],[131.20788,33.61228]],[[131.20778,33.61282],[131.20788,33.61291],[131.20778,33.61291],[131.20778,33.61282]],[[131.20788,33.61282],[131.20799,33.61273],[131.20799,33.61282],[131.20788,33.61282]],[[131.20734,33.61264],[131.20745,33.61255],[131.20745,33.61264],[131.20734,33.61264]],[[131.2068,33.61183],[131.20691,33.61174],[131.20691,33.61183],[131.2068,33.61183]],[[131.2067,33.61228],[131.20691,33.61201],[131.20691,33.61228],[131.2067,33.61228]],[[131.20691,33.61237],[131.20724,33.61246],[131.20691,33.61246],[131.20691,33.61237]],[[131.20767,33.61237],[131.20777,33.61246],[131.20767,33.61246],[131.20767,33.61237]],[[131.20756,33.61282],[131.20767,33.61291],[131.20756,33.61291],[131.20756,33.61282]]]}},{"type":"Feature","properties":{"A40_001":"大分県","A40_002":"44","A40_003":"0.3m以上 〜 1m未満"},"geometry":{"type":"Polygon","coordinates":[[[131.20821,33.61237],[131.20831,33.61246],[131.20831,33.61236],[131.20821,33.61237]]]}},{"type":"Feature","properties":{"A40_001":"大分県","A40_002":"44","A40_003":"0.3m以上 〜 1m未満"},"geometry":{"type":"Polygon","coordinates":[[[131.20767,33.61237],[131.20777,33.61246],[131.20777,33.61237],[131.20767,33.61237]]]}},{"type":"Feature","properties":{"A40_001":"大分県","A40_002":"44","A40_003":"0.3m以上 〜 1m未満"},"geometry":{"type":"Polygon","coordinates":[[[131.2067,33.61237],[131.2068,33.61246],[131.2068,33.61237],[131.2067,33.61237]]]}},{"type":"Feature","properties":{"A40_001":"大分県","A40_002":"44","A40_003":"2m以上 〜 3m未満"},"geometry":{"type":"Polygon","coordinates":[[[131.20648,33.61237],[131.20659,33.61246],[131.20659,33.61237],[131.20648,33.61237]]]}},{"type":"Feature","properties":{"A40_001":"大分県","A40_002":"44","A40_003":"0.3m以上 〜 1m未満"},"geometry":{"type":"Polygon","coordinates":[[[131.20918,33.61236],[131.20907,33.61254],[131.20918,33.61254],[131.20918,33.61236]]]}},{"type":"Feature","properties":{"A40_001":"大分県","A40_002":"44","A40_003":"1m以上 〜 2m未満"},"geometry":{"type":"Polygon","coordinates":[[[131.20907,33.61236],[131.20896,33.61254],[131.20907,33.61254],[131.20907,33.61236]]]}},{"type":"Feature","properties":{"A40_001":"大分県","A40_002":"44","A40_003":"0.3m未満"},"geometry":{"type":"Polygon","coordinates":[[[131.20864,33.61236],[131.20853,33.61254],[131.20874,33.61254],[131.20864,33.61236]]]}},{"type":"Feature","properties":{"A40_001":"大分県","A40_002":"44","A40_003":"0.3m以上 〜 1m未満"},"geometry":{"type":"Polygon","coordinates":[[[131.20885,33.61245],[131.20896,33.61254],[131.20896,33.61245],[131.20885,33.61245]]]}},{"type":"Feature","properties":{"A40_001":"大分県","A40_002":"44","A40_003":"0.3m以上 〜 1m未満"},"geometry":{"type":"Polygon","coordinates":[[[131.20831,33.61246],[131.20842,33.61255],[131.20842,33.61245],[131.20831,33.61246]]]}},{"type":"Feature","properties":{"A40_001":"大分県","A40_002":"44","A40_003":"0.3m以上 〜 1m未満"},"geometry":{"type":"Polygon","coordinates":[[[131.2081,33.61255],[131.20788,33.61237],[131.20821,33.61273],[131.2081,33.61255]]]}},{"type":"Feature","properties":{"A40_001":"大分県","A40_002":"44","A40_003":"0.3m以上 〜 1m未満"},"geometry":{"type":"Polygon","coordinates":[[[131.20896,33.61254],[131.20907,33.61263],[131.20907,33.61254],[131.20896,33.61254]]]}},{"type":"Feature","properties":{"A40_001":"大分県","A40_002":"44","A40_003":"2m以上 〜 3m未満"},"geometry":{"type":"Polygon","coordinates":[[[131.20077,33.61238],[131.20088,33.61247],[131.20088,33.61238],[131.20077,33.61238]]]}},{"type":"Feature","properties":{"A40_001":"大分県","A40_002":"44","A40_003":"2m以上 〜 3m未満"},"geometry":{"type":"Polygon","coordinates":[[[131.20023,33.61238],[131.20034,33.61247],[131.20034,33.61238],[131.20023,33.61238]]]}},{"type":"Feature","properties":{"A40_001":"大分県","A40_002":"44","A40_003":"0.3m以上 〜 1m未満"},"geometry":{"type":"Polygon","coordinates":[[[131.18536,33.6124],[131.18547,33.61249],[131.18547,33.6124],[131.18536,33.6124]]]}},{"type":"Feature","properties":{"A40_001":"大分県","A40_002":"44","A40_003":"2m以上 〜 3m未満"},"geometry":{"type":"Polygon","coordinates":[[[131.20217,33.61228],[131.20185,33.61247],[131.20131,33.6122],[131.20185,33.61274],[131.20217,33.61228]]]}},{"type":"Feature","properties":{"A40_001":"大分県","A40_002":"44","A40_003":"2m以上 〜 3m未満"},"geometry":{"type":"Polygon","coordinates":[[[131.19958,33.61256],[131.19937,33.61238],[131.19937,33.61247],[131.19958,33.61256]]]}},{"type":"Feature","properties":{"A40_001":"大分県","A40_002":"44","A40_003":"0.3m未満"},"geometry":{"type":"Polygon","coordinates":[[[131.18482,33.6124],[131.18471,33.61258],[131.18482,33.61258],[131.18482,33.6124]]]}},{"type":"Feature","properties":{"A40_001":"大分県","A40_002":"44","A40_003":"2m以上 〜 3m未満"},"geometry":{"type":"Polygon","coordinates":[[[131.1998,33.61247],[131.19991,33.61256],[131.19991,33.61247],[131.1998,33.61247]]]}},{"type":"Feature","properties":{"A40_001":"大分県","A40_002":"44","A40_003":"0.3m以上 〜 1m未満"},"geometry":{"type":"Polygon","coordinates":[[[131.18482,33.61222],[131.18439,33.61258],[131.18482,33.61294],[131.18482,33.61222]]]}},{"type":"Feature","properties":{"A40_001":"大分県","A40_002":"44","A40_003":"2m以上 〜 3m未満"},"geometry":{"type":"Polygon","coordinates":[[[131.20034,33.61256],[131.20045,33.61265],[131.20045,33.61256],[131.20034,33.61256]]]}},{"type":"Feature","properties":{"A40_001":"大分県","A40_002":"44","A40_003":"2m以上 〜 3m未満"},"geometry":{"type":"Polygon","coordinates":[[[131.20002,33.61256],[131.20012,33.61265],[131.20012,33.61256],[131.20002,33.61256]]]}},{"type":"Feature","properties":{"A40_001":"大分県","A40_002":"44","A40_003":"0.3m以上 〜 1m未満"},"geometry":{"type":"Polygon","coordinates":[[[131.25476,33.61255],[131.25487,33.61264],[131.25487,33.61255],[131.25476,33.61255]]]}},{"type":"Feature","properties":{"A40_001":"大分県","A40_002":"44","A40_003":"2m以上 〜 3m未満"},"geometry":{"type":"Polygon","coordinates":[[[131.19937,33.61256],[131.19948,33.61265],[131.19948,33.61256],[131.19937,33.61256]]]}},{"type":"Feature","properties":{"A40_001":"大分県","A40_002":"44","A40_003":"2m以上 〜 3m未満"},"geometry":{"type":"Polygon","coordinates":[[[131.19678,33.61256],[131.19689,33.61265],[131.19689,33.61256],[131.19678,33.61256]]]}},{"type":"Feature","properties":{"A40_001":"大分県","A40_002":"44","A40_003":"0.3m未満"},"geometry":{"type":"Polygon","coordinates":[[[131.19118,33.61248],[131.19118,33.61275],[131.19129,33.61275],[131.19118,33.61248]]]}},{"type":"Feature","properties":{"A40_001":"大分県","A40_002":"44","A40_003":"0.3m以上 〜 1m未満"},"geometry":{"type":"Polygon","coordinates":[[[131.18536,33.61258],[131.18547,33.61267],[131.18547,33.61258],[131.18536,33.61258]]]}},{"type":"Feature","properties":{"A40_001":"大分県","A40_002":"44","A40_003":"0.3m未満"},"geometry":{"type":"Polygon","coordinates":[[[131.18385,33.61258],[131.18396,33.61267],[131.18396,33.61258],[131.18385,33.61258]]]}},{"type":"Feature","properties":{"A40_001":"大分県","A40_002":"44","A40_003":"1m以上 〜 2m未満"},"geometry":{"type":"Polygon","coordinates":[[[131.20325,33.61264],[131.20336,33.61273],[131.20336,33.61264],[131.20325,33.61264]]]}},{"type":"Feature","properties":{"A40_001":"大分県","A40_002":"44","A40_003":"2m以上 〜 3m未満"},"geometry":{"type":"Polygon","coordinates":[[[131.19818,33.61265],[131.19829,33.61274],[131.19829,33.61265],[131.19818,33.61265]]]}},{"type":"Feature","properties":{"A40_001":"大分県","A40_002":"44","A40_003":"2m以上 〜 3m未満"},"geometry":{"type":"Polygon","coordinates":[[[131.19743,33.61283],[131.19743,33.61256],[131.19732,33.61283],[131.19743,33.61283]]]}},{"type":"Feature","properties":{"A40_001":"大分県","A40_002":"44","A40_003":"2m以上 〜 3m未満"},"geometry":{"type":"Polygon","coordinates":[[[131.19646,33.61274],[131.19667,33.61265],[131.19646,33.61265],[131.19646,33.61274]]]}},{"type":"Feature","properties":{"A40_001":"大分県","A40_002":"44","A40_003":"0.3m以上 〜 1m未満"},"geometry":{"type":"Polygon","coordinates":[[[131.19495,33.61266],[131.19506,33.61275],[131.19506,33.61266],[131.19495,33.61266]]]}},{"type":"Feature","properties":{"A40_001":"大分県","A40_002":"44","A40_003":"0.3m以上 〜 1m未満"},"geometry":{"type":"Polygon","coordinates":[[[131.20734,33.61255],[131.20745,33.61264],[131.20745,33.61255],[131.20734,33.61255]]]}},{"type":"Feature","properties":{"A40_001":"大分県","A40_002":"44","A40_003":"2m以上 〜 3m未満"},"geometry":{"type":"Polygon","coordinates":[[[131.20659,33.61255],[131.2067,33.61264],[131.2067,33.61255],[131.20659,33.61255]]]}},{"type":"Feature","properties":{"A40_001":"大分県","A40_002":"44","A40_003":"1m以上 〜 2m未満"},"geometry":{"type":"Polygon","coordinates":[[[131.20939,33.61254],[131.20928,33.61272],[131.20939,33.61272],[131.20939,33.61254]]]}},{"type":"Feature","properties":{"A40_001":"大分県","A40_002":"44","A40_003":"1m以上 〜 2m未満"},"geometry":{"type":"Polygon","coordinates":[[[131.20896,33.61254],[131.20885,33.61272],[131.20896,33.61272],[131.20896,33.61254]]]}},{"type":"Feature","properties":{"A40_001":"大分県","A40_002":"44","A40_003":"1m以上 〜 2m未満"},"geometry":{"type":"Polygon","coordinates":[[[131.20982,33.61263],[131.20993,33.61272],[131.20993,33.61263],[131.20982,33.61263]]]}},{"type":"Feature","properties":{"A40_001":"大分県","A40_002":"44","A40_003":"0.3m未満"},"geometry":{"type":"Polygon","coordinates":[[[131.20896,33.61263],[131.20907,33.61272],[131.20907,33.61263],[131.20896,33.61263]]]}},{"type":"Feature","properties":{"A40_001":"大分県","A40_002":"44","A40_003":"0.3m以上 〜 1m未満"},"geometry":{"type":"Polygon","coordinates":[[[131.2068,33.61264],[131.20691,33.61273],[131.20691,33.61264],[131.2068,33.61264]]]}},{"type":"Feature","properties":{"A40_001":"大分県","A40_002":"44","A40_003":"1m以上 〜 2m未満"},"geometry":{"type":"Polygon","coordinates":[[[131.21025,33.61272],[131.21036,33.61281],[131.21036,33.61272],[131.21025,33.61272]]]}},{"type":"Feature","properties":{"A40_001":"大分県","A40_002":"44","A40_003":"0.3m以上 〜 1m未満"},"geometry":{"type":"Polygon","coordinates":[[[131.20896,33.61272],[131.20853,33.61291],[131.20875,33.613],[131.20896,33.61272]]]}},{"type":"Feature","properties":{"A40_001":"大分県","A40_002":"44","A40_003":"1m以上 〜 2m未満"},"geometry":{"type":"Polygon","coordinates":[[[131.20681,33.61273],[131.20691,33.61282],[131.20691,33.61273],[131.20681,33.61273]]]}},{"type":"Feature","properties":{"A40_001":"大分県","A40_002":"44","A40_003":"2m以上 〜 3m未満"},"geometry":{"type":"Polygon","coordinates":[[[131.19387,33.61266],[131.19398,33.61275],[131.19398,33.61266],[131.19387,33.61266]]]}},{"type":"Feature","properties":{"A40_001":"大分県","A40_002":"44","A40_003":"0.3m未満"},"geometry":{"type":"Polygon","coordinates":[[[131.18536,33.61267],[131.18547,33.61276],[131.18547,33.61267],[131.18536,33.61267]]]}},{"type":"Feature","properties":{"A40_001":"大分県","A40_002":"44","A40_003":"0.3m未満"},"geometry":{"type":"Polygon","coordinates":[[[131.18493,33.61267],[131.18482,33.61285],[131.18504,33.61285],[131.18493,33.61267]]]}},{"type":"Feature","properties":{"A40_001":"大分県","A40_002":"44","A40_003":"2m以上 〜 3m未満"},"geometry":{"type":"Polygon","coordinates":[[[131.20055,33.61292],[131.20012,33.61265],[131.20002,33.61292],[131.20055,33.61292]]]}},{"type":"Feature","properties":{"A40_001":"大分県","A40_002":"44","A40_003":"2m以上 〜 3m未満"},"geometry":{"type":"Polygon","coordinates":[[[131.19409,33.61275],[131.1942,33.61284],[131.1942,33.61275],[131.19409,33.61275]]]}},{"type":"Feature","properties":{"A40_001":"大分県","A40_002":"44","A40_003":"0.3m以上 〜 1m未満"},"geometry":{"type":"Polygon","coordinates":[[[131.19409,33.61284],[131.19344,33.61266],[131.19409,33.61311],[131.19409,33.61284]]]}},{"type":"Feature","properties":{"A40_001":"大分県","A40_002":"44","A40_003":"1m以上 〜 2m未満"},"geometry":{"type":"Polygon","coordinates":[[[131.19344,33.61257],[131.19409,33.6132],[131.19485,33.61392],[131.19571,33.61437],[131.19603,33.61509],[131.19646,33.61518],[131.19668,33.61464],[131.19592,33.61464],[131.19668,33.61347],[131.19646,33.61284],[131.19775,33.61256],[131.19743,33.61283],[131.19797,33.61337],[131.197,33.61356],[131.19679,33.6141],[131.19765,33.61464],[131.1983,33.61437],[131.19862,33.61482],[131.19905,33.61472],[131.19862,33.61391],[131.19948,33.61409],[131.1997,33.6159],[131.20056,33.61571],[131.19991,33.61382],[131.2012,33.61364],[131.20131,33.61418],[131.20174,33.61418],[131.20174,33.61355],[131.2026,33.61346],[131.20304,33.61445],[131.20272,33.61499],[131.20315,33.6149],[131.20336,33.61544],[131.2025,33.61535],[131.20229,33.61679],[131.20455,33.61688],[131.20477,33.61652],[131.20433,33.61571],[131.2053,33.61517],[131.20455,33.61517],[131.20401,33.6158],[131.20379,33.61535],[131.20422,33.61526],[131.20422,33.61499],[131.20369,33.61517],[131.20358,33.61481],[131.20412,33.61481],[131.20433,33.61417],[131.2039,33.61427],[131.20368,33.61373],[131.20454,33.61309],[131.2039,33.61264],[131.20368,33.61336],[131.20346,33.613],[131.20293,33.61319],[131.20271,33.61255],[131.20325,33.61264],[131.20368,33.61201],[131.20433,33.61237],[131.20346,33.61138],[131.20389,33.61102],[131.20476,33.61174],[131.20465,33.61129],[131.20508,33.61165],[131.20583,33.61147],[131.20497,33.61057],[131.20518,33.61021],[131.20443,33.61003],[131.20486,33.60903],[131.20475,33.60876],[131.20389,33.60931],[131.20421,33.60958],[131.20335,33.60958],[131.20238,33.61012],[131.20238,33.61138],[131.20195,33.61039],[131.20152,33.61039],[131.19915,33.6113],[131.19732,33.61121],[131.19581,33.61148],[131.19603,33.61184],[131.19592,33.61229],[131.19559,33.61121],[131.19516,33.61112],[131.19333,33.61212],[131.19344,33.61257]],[[131.19441,33.6132],[131.19452,33.61311],[131.19452,33.6132],[131.19441,33.6132]],[[131.19614,33.61482],[131.19625,33.61491],[131.19614,33.61491],[131.19614,33.61482]],[[131.19625,33.61491],[131.19636,33.615],[131.19625,33.615],[131.19625,33.61491]],[[131.19635,33.61338],[131.1956,33.61347],[131.1956,33.61338],[131.19635,33.61338]],[[131.19635,33.61311],[131.19624,33.61284],[131.19635,33.61284],[131.19635,33.61311]],[[131.19667,33.61265],[131.19646,33.61274],[131.19646,33.61265],[131.19667,33.61265]],[[131.19689,33.61265],[131.19678,33.61256],[131.19689,33.61256],[131.19689,33.61265]],[[131.1984,33.61446],[131.1984,33.61409],[131.19851,33.61445],[131.1984,33.61446]],[[131.2025,33.61661],[131.20272,33.61652],[131.20272,33.61661],[131.2025,33.61661]],[[131.20498,33.61517],[131.20487,33.61526],[131.20487,33.61517],[131.20498,33.61517]],[[131.20465,33.61111],[131.20421,33.61102],[131.20421,33.61084],[131.20465,33.61111]],[[131.20518,33.6112],[131.20508,33.61129],[131.20497,33.6112],[131.20518,33.6112]],[[131.20497,33.61102],[131.20465,33.61102],[131.20465,33.61084],[131.20497,33.61102]],[[131.2041,33.6094],[131.20421,33.60931],[131.20421,33.6094],[131.2041,33.6094]],[[131.20357,33.61021],[131.20357,33.60976],[131.2041,33.60994],[131.20357,33.61021]],[[131.20195,33.61084],[131.20206,33.61111],[131.20195,33.61111],[131.20195,33.61084]],[[131.20195,33.61084],[131.20184,33.61066],[131.20195,33.61066],[131.20195,33.61084]],[[131.19861,33.61139],[131.19872,33.61148],[131.19861,33.61148],[131.19861,33.61139]],[[131.197,33.61139],[131.1971,33.61148],[131.197,33.61148],[131.197,33.61139]],[[131.19344,33.61212],[131.19355,33.61221],[131.19344,33.61221],[131.19344,33.61212]],[[131.19387,33.61275],[131.19398,33.61266],[131.19398,33.61275],[131.19387,33.61275]],[[131.19409,33.61284],[131.1942,33.61275],[131.1942,33.61284],[131.19409,33.61284]],[[131.1942,33.61284],[131.19441,33.61302],[131.1942,33.61311],[131.1942,33.61284]],[[131.19969,33.61301],[131.19959,33.6131],[131.19959,33.61301],[131.19969,33.61301]],[[131.19969,33.61301],[131.1998,33.61292],[131.1998,33.61301],[131.19969,33.61301]],[[131.19829,33.61301],[131.1984,33.61292],[131.1984,33.61301],[131.19829,33.61301]],[[131.1984,33.61292],[131.19851,33.61283],[131.19851,33.61292],[131.1984,33.61292]],[[131.19991,33.61301],[131.20002,33.61292],[131.20002,33.61301],[131.19991,33.61301]],[[131.20002,33.61292],[131.20034,33.61265],[131.20055,33.61292],[131.20002,33.61292]],[[131.20012,33.61265],[131.20002,33.61256],[131.20012,33.61256],[131.20012,33.61265]],[[131.20034,33.61265],[131.20045,33.61256],[131.20045,33.61265],[131.20034,33.61265]],[[131.20281,33.61075],[131.20324,33.61084],[131.20335,33.61111],[131.20281,33.61129],[131.20281,33.61075]],[[131.20303,33.61075],[131.20314,33.61066],[131.20314,33.61075],[131.20303,33.61075]],[[131.20303,33.61192],[131.20335,33.61147],[131.20368,33.61183],[131.20303,33.61192]],[[131.20368,33.61183],[131.20379,33.61192],[131.20368,33.61192],[131.20368,33.61183]],[[131.19958,33.61229],[131.19969,33.61238],[131.19958,33.61238],[131.19958,33.61229]],[[131.19958,33.61238],[131.19948,33.61256],[131.19937,33.61238],[131.19958,33.61238]],[[131.19948,33.61256],[131.19937,33.61265],[131.19937,33.61256],[131.19948,33.61256]],[[131.19991,33.6122],[131.20034,33.61202],[131.20045,33.61238],[131.20023,33.61247],[131.19991,33.6122]],[[131.20001,33.61202],[131.20012,33.61193],[131.20012,33.61202],[131.20001,33.61202]],[[131.20045,33.61229],[131.20055,33.6122],[131.20055,33.61229],[131.20045,33.61229]],[[131.20142,33.6122],[131.20217,33.61228],[131.20217,33.61274],[131.20185,33.61274],[131.20142,33.6122]],[[131.20185,33.6122],[131.20195,33.6121],[131.20195,33.6122],[131.20185,33.6122]],[[131.19732,33.61184],[131.19743,33.61193],[131.19732,33.61193],[131.19732,33.61184]],[[131.19732,33.61193],[131.19721,33.61202],[131.19721,33.61193],[131.19732,33.61193]],[[131.19926,33.61193],[131.19937,33.61202],[131.19926,33.61202],[131.19926,33.61193]],[[131.19937,33.61211],[131.19948,33.61193],[131.19969,33.61193],[131.19937,33.61211]],[[131.19926,33.61202],[131.19915,33.61211],[131.19915,33.61202],[131.19926,33.61202]],[[131.19582,33.61428],[131.19506,33.61383],[131.19484,33.61356],[131.19538,33.61338],[131.19582,33.61428]],[[131.19484,33.61356],[131.19474,33.61347],[131.19484,33.61347],[131.19484,33.61356]],[[131.19571,33.61401],[131.19582,33.61392],[131.19582,33.61401],[131.19571,33.61401]],[[131.20337,33.61661],[131.20304,33.61625],[131.20369,33.61625],[131.20337,33.61661]],[[131.20369,33.61643],[131.2038,33.61652],[131.20369,33.61652],[131.20369,33.61643]],[[131.20423,33.61661],[131.20434,33.61643],[131.20434,33.61661],[131.20423,33.61661]],[[131.20423,33.61643],[131.20412,33.61634],[131.20423,33.61634],[131.20423,33.61643]],[[131.20412,33.61643],[131.2039,33.61652],[131.2039,33.61643],[131.20412,33.61643]],[[131.20423,33.61634],[131.20444,33.61625],[131.20444,33.61634],[131.20423,33.61634]],[[131.20423,33.61625],[131.20412,33.61616],[131.20423,33.61616],[131.20423,33.61625]],[[131.19517,33.61311],[131.19527,33.61302],[131.19527,33.61311],[131.19517,33.61311]],[[131.19851,33.6131],[131.19862,33.61319],[131.19851,33.61319],[131.19851,33.6131]],[[131.19872,33.61301],[131.19926,33.61265],[131.19916,33.61355],[131.19894,33.61355],[131.19872,33.61301]],[[131.20002,33.6131],[131.20013,33.61364],[131.1998,33.61373],[131.19959,33.61319],[131.20002,33.6131]],[[131.20217,33.61337],[131.20239,33.61274],[131.2026,33.61328],[131.20217,33.61337]],[[131.20357,33.61093],[131.20357,33.61039],[131.20378,33.61084],[131.20357,33.61093]],[[131.20443,33.61075],[131.20464,33.61066],[131.20465,33.61075],[131.20443,33.61075]],[[131.20163,33.61075],[131.20152,33.61084],[131.20152,33.61075],[131.20163,33.61075]],[[131.2012,33.61093],[131.2013,33.61084],[131.2013,33.61093],[131.2012,33.61093]],[[131.20314,33.6112],[131.20325,33.61129],[131.20314,33.61129],[131.20314,33.6112]],[[131.19904,33.6122],[131.19915,33.61229],[131.19904,33.61229],[131.19904,33.6122]],[[131.20206,33.61219],[131.20217,33.6121],[131.20217,33.61219],[131.20206,33.61219]],[[131.2026,33.61237],[131.20282,33.61228],[131.20282,33.61237],[131.2026,33.61237]],[[131.20271,33.61192],[131.20282,33.61165],[131.20282,33.61192],[131.20271,33.61192]],[[131.20282,33.61201],[131.20292,33.6121],[131.20282,33.6121],[131.20282,33.61201]],[[131.19387,33.61221],[131.19398,33.6123],[131.19387,33.6123],[131.19387,33.61221]],[[131.19473,33.6123],[131.19495,33.61212],[131.19495,33.6123],[131.19473,33.6123]],[[131.19506,33.6123],[131.19517,33.61239],[131.19506,33.61239],[131.19506,33.6123]],[[131.1943,33.61185],[131.19441,33.61176],[131.19441,33.61185],[131.1943,33.61185]],[[131.19484,33.61185],[131.19495,33.61194],[131.19484,33.61194],[131.19484,33.61185]],[[131.19538,33.61194],[131.19549,33.61203],[131.19538,33.61203],[131.19538,33.61194]],[[131.19441,33.61203],[131.19452,33.61212],[131.19441,33.61212],[131.19441,33.61203]],[[131.1998,33.61256],[131.19991,33.61247],[131.19991,33.61256],[131.1998,33.61256]],[[131.20077,33.61238],[131.20088,33.61247],[131.20077,33.61247],[131.20077,33.61238]],[[131.19517,33.61293],[131.19527,33.61275],[131.19527,33.61293],[131.19517,33.61293]],[[131.19495,33.61275],[131.19506,33.61266],[131.19506,33.61275],[131.19495,33.61275]],[[131.19818,33.61274],[131.19829,33.61265],[131.19829,33.61274],[131.19818,33.61274]],[[131.20109,33.61283],[131.2012,33.61292],[131.20109,33.61292],[131.20109,33.61283]],[[131.19948,33.61292],[131.19958,33.61274],[131.19959,33.61292],[131.19948,33.61292]],[[131.1956,33.61329],[131.19571,33.6132],[131.19571,33.61329],[131.1956,33.61329]],[[131.20272,33.61553],[131.20282,33.61562],[131.20272,33.61562],[131.20272,33.61553]],[[131.20358,33.61544],[131.20369,33.61535],[131.20369,33.61544],[131.20358,33.61544]],[[131.20357,33.61345],[131.20368,33.61354],[131.20357,33.61354],[131.20357,33.61345]],[[131.19851,33.61355],[131.19862,33.61337],[131.19862,33.61355],[131.19851,33.61355]],[[131.19872,33.61346],[131.19883,33.61355],[131.19872,33.61355],[131.19872,33.61346]],[[131.20131,33.61355],[131.20142,33.61364],[131.20131,33.61364],[131.20131,33.61355]],[[131.20325,33.61409],[131.20336,33.61418],[131.20325,33.61418],[131.20325,33.61409]],[[131.1997,33.61418],[131.1998,33.61409],[131.1998,33.61418],[131.1997,33.61418]],[[131.20304,33.61607],[131.20315,33.61598],[131.20315,33.61607],[131.20304,33.61607]]]}},{"type":"Feature","properties":{"A40_001":"大分県","A40_002":"44","A40_003":"2m以上 〜 3m未満"},"geometry":{"type":"Polygon","coordinates":[[[131.19958,33.61274],[131.19948,33.61292],[131.19959,33.61292],[131.19958,33.61274]]]}},{"type":"Feature","properties":{"A40_001":"大分県","A40_002":"44","A40_003":"0.3m以上 〜 1m未満"},"geometry":{"type":"Polygon","coordinates":[[[131.19527,33.61275],[131.19517,33.61293],[131.19527,33.61293],[131.19527,33.61275]]]}},{"type":"Feature","properties":{"A40_001":"大分県","A40_002":"44","A40_003":"2m以上 〜 3m未満"},"geometry":{"type":"Polygon","coordinates":[[[131.20109,33.61283],[131.2012,33.61292],[131.2012,33.61283],[131.20109,33.61283]]]}},{"type":"Feature","properties":{"A40_001":"大分県","A40_002":"44","A40_003":"1m以上 〜 2m未満"},"geometry":{"type":"Polygon","coordinates":[[[131.20928,33.61281],[131.20939,33.6129],[131.20939,33.61281],[131.20928,33.61281]]]}},{"type":"Feature","properties":{"A40_001":"大分県","A40_002":"44","A40_003":"0.3m以上 〜 1m未満"},"geometry":{"type":"Polygon","coordinates":[[[131.20831,33.61282],[131.20842,33.61291],[131.20842,33.61282],[131.20831,33.61282]]]}},{"type":"Feature","properties":{"A40_001":"大分県","A40_002":"44","A40_003":"0.3m以上 〜 1m未満"},"geometry":{"type":"Polygon","coordinates":[[[131.20756,33.61282],[131.20767,33.61291],[131.20767,33.61282],[131.20756,33.61282]]]}},{"type":"Feature","properties":{"A40_001":"大分県","A40_002":"44","A40_003":"0.3m以上 〜 1m未満"},"geometry":{"type":"Polygon","coordinates":[[[131.20713,33.61282],[131.20724,33.61291],[131.20724,33.61282],[131.20713,33.61282]]]}},{"type":"Feature","properties":{"A40_001":"大分県","A40_002":"44","A40_003":"0.3m以上 〜 1m未満"},"geometry":{"type":"Polygon","coordinates":[[[131.20691,33.61282],[131.20702,33.61291],[131.20702,33.61282],[131.20691,33.61282]]]}},{"type":"Feature","properties":{"A40_001":"大分県","A40_002":"44","A40_003":"2m以上 〜 3m未満"},"geometry":{"type":"Polygon","coordinates":[[[131.20681,33.61282],[131.20691,33.61291],[131.20691,33.61282],[131.20681,33.61282]]]}},{"type":"Feature","properties":{"A40_001":"大分県","A40_002":"44","A40_003":"1m以上 〜 2m未満"},"geometry":{"type":"Polygon","coordinates":[[[131.20972,33.6129],[131.20982,33.61299],[131.20982,33.6129],[131.20972,33.6129]]]}},{"type":"Feature","properties":{"A40_001":"大分県","A40_002":"44","A40_003":"1m以上 〜 2m未満"},"geometry":{"type":"Polygon","coordinates":[[[131.20853,33.61291],[131.20864,33.613],[131.20864,33.61291],[131.20853,33.61291]]]}},{"type":"Feature","properties":{"A40_001":"大分県","A40_002":"44","A40_003":"0.3m以上 〜 1m未満"},"geometry":{"type":"Polygon","coordinates":[[[131.20842,33.61291],[131.20853,33.613],[131.20853,33.61291],[131.20842,33.61291]]]}},{"type":"Feature","properties":{"A40_001":"大分県","A40_002":"44","A40_003":"0.3m未満"},"geometry":{"type":"Polygon","coordinates":[[[131.20831,33.61291],[131.20842,33.613],[131.20842,33.61291],[131.20831,33.61291]]]}},{"type":"Feature","properties":{"A40_001":"大分県","A40_002":"44","A40_003":"2m以上 〜 3m未満"},"geometry":{"type":"Polygon","coordinates":[[[131.1984,33.61283],[131.19851,33.61292],[131.19851,33.61283],[131.1984,33.61283]]]}},{"type":"Feature","properties":{"A40_001":"大分県","A40_002":"44","A40_003":"0.3m未満"},"geometry":{"type":"Polygon","coordinates":[[[131.18504,33.61285],[131.18514,33.61294],[131.18514,33.61285],[131.18504,33.61285]]]}},{"type":"Feature","properties":{"A40_001":"大分県","A40_002":"44","A40_003":"0.3m未満"},"geometry":{"type":"Polygon","coordinates":[[[131.18461,33.61285],[131.18471,33.61294],[131.18471,33.61285],[131.18461,33.61285]]]}},{"type":"Feature","properties":{"A40_001":"大分県","A40_002":"44","A40_003":"0.3m以上 〜 1m未満"},"geometry":{"type":"Polygon","coordinates":[[[131.18407,33.61285],[131.18417,33.61294],[131.18417,33.61285],[131.18407,33.61285]]]}},{"type":"Feature","properties":{"A40_001":"大分県","A40_002":"44","A40_003":"1m以上 〜 2m未満"},"geometry":{"type":"Polygon","coordinates":[[[131.19743,33.61283],[131.19732,33.61301],[131.19743,33.61301],[131.19743,33.61283]]]}},{"type":"Feature","properties":{"A40_001":"大分県","A40_002":"44","A40_003":"0.3m以上 〜 1m未満"},"geometry":{"type":"Polygon","coordinates":[[[131.19161,33.61284],[131.1914,33.61302],[131.19161,33.61302],[131.19161,33.61284]]]}},{"type":"Feature","properties":{"A40_001":"大分県","A40_002":"44","A40_003":"0.3m以上 〜 1m未満"},"geometry":{"type":"Polygon","coordinates":[[[131.18439,33.61285],[131.18428,33.61303],[131.18439,33.61303],[131.18439,33.61285]]]}},{"type":"Feature","properties":{"A40_001":"大分県","A40_002":"44","A40_003":"2m以上 〜 3m未満"},"geometry":{"type":"Polygon","coordinates":[[[131.19991,33.61292],[131.20002,33.61301],[131.20002,33.61292],[131.19991,33.61292]]]}},{"type":"Feature","properties":{"A40_001":"大分県","A40_002":"44","A40_003":"2m以上 〜 3m未満"},"geometry":{"type":"Polygon","coordinates":[[[131.19969,33.61292],[131.1998,33.61301],[131.1998,33.61292],[131.19969,33.61292]]]}},{"type":"Feature","properties":{"A40_001":"大分県","A40_002":"44","A40_003":"2m以上 〜 3m未満"},"geometry":{"type":"Polygon","coordinates":[[[131.19829,33.61292],[131.1984,33.61301],[131.1984,33.61292],[131.19829,33.61292]]]}},{"type":"Feature","properties":{"A40_001":"大分県","A40_002":"44","A40_003":"2m以上 〜 3m未満"},"geometry":{"type":"Polygon","coordinates":[[[131.19635,33.61284],[131.19624,33.61311],[131.19635,33.61311],[131.19635,33.61284]]]}},{"type":"Feature","properties":{"A40_001":"大分県","A40_002":"44","A40_003":"2m以上 〜 3m未満"},"geometry":{"type":"Polygon","coordinates":[[[131.1943,33.61284],[131.1942,33.61311],[131.19441,33.61302],[131.1943,33.61284]]]}},{"type":"Feature","properties":{"A40_001":"大分県","A40_002":"44","A40_003":"1m以上 〜 2m未満"},"geometry":{"type":"Polygon","coordinates":[[[131.19161,33.61293],[131.19172,33.61302],[131.19172,33.61293],[131.19161,33.61293]]]}},{"type":"Feature","properties":{"A40_001":"大分県","A40_002":"44","A40_003":"0.3m以上 〜 1m未満"},"geometry":{"type":"Polygon","coordinates":[[[131.18536,33.61267],[131.18504,33.61312],[131.18547,33.6133],[131.18536,33.61267]]]}},{"type":"Feature","properties":{"A40_001":"大分県","A40_002":"44","A40_003":"0.3m以上 〜 1m未満"},"geometry":{"type":"Polygon","coordinates":[[[131.18482,33.61294],[131.18493,33.61303],[131.18493,33.61294],[131.18482,33.61294]]]}},{"type":"Feature","properties":{"A40_001":"大分県","A40_002":"44","A40_003":"0.3m未満"},"geometry":{"type":"Polygon","coordinates":[[[131.18471,33.61294],[131.18482,33.61303],[131.18482,33.61294],[131.18471,33.61294]]]}},{"type":"Feature","properties":{"A40_001":"大分県","A40_002":"44","A40_003":"0.3m以上 〜 1m未満"},"geometry":{"type":"Polygon","coordinates":[[[131.18461,33.61294],[131.18471,33.61303],[131.18471,33.61294],[131.18461,33.61294]]]}},{"type":"Feature","properties":{"A40_001":"大分県","A40_002":"44","A40_003":"2m以上 〜 3m未満"},"geometry":{"type":"Polygon","coordinates":[[[131.2026,33.61319],[131.20196,33.61292],[131.2025,33.61337],[131.2026,33.61319]]]}},{"type":"Feature","properties":{"A40_001":"大分県","A40_002":"44","A40_003":"2m以上 〜 3m未満"},"geometry":{"type":"Polygon","coordinates":[[[131.19959,33.61301],[131.19969,33.6131],[131.19969,33.61301],[131.19959,33.61301]]]}},{"type":"Feature","properties":{"A40_001":"大分県","A40_002":"44","A40_003":"2m以上 〜 3m未満"},"geometry":{"type":"Polygon","coordinates":[[[131.19872,33.61283],[131.19883,33.61337],[131.19916,33.61355],[131.19926,33.61265],[131.19872,33.61283]],[[131.19883,33.61319],[131.19894,33.6131],[131.19894,33.61319],[131.19883,33.61319]]]}},{"type":"Feature","properties":{"A40_001":"大分県","A40_002":"44","A40_003":"2m以上 〜 3m未満"},"geometry":{"type":"Polygon","coordinates":[[[131.20691,33.61291],[131.20702,33.613],[131.20702,33.61291],[131.20691,33.61291]]]}},{"type":"Feature","properties":{"A40_001":"大分県","A40_002":"44","A40_003":"0.3m未満"},"geometry":{"type":"Polygon","coordinates":[[[131.20853,33.613],[131.20864,33.61309],[131.20864,33.613],[131.20853,33.613]]]}},{"type":"Feature","properties":{"A40_001":"大分県","A40_002":"44","A40_003":"0.3m以上 〜 1m未満"},"geometry":{"type":"Polygon","coordinates":[[[131.20724,33.613],[131.20734,33.61309],[131.20734,33.613],[131.20724,33.613]]]}},{"type":"Feature","properties":{"A40_001":"大分県","A40_002":"44","A40_003":"1m以上 〜 2m未満"},"geometry":{"type":"Polygon","coordinates":[[[131.20875,33.61309],[131.20885,33.61318],[131.20885,33.61309],[131.20875,33.61309]]]}},{"type":"Feature","properties":{"A40_001":"大分県","A40_002":"44","A40_003":"1m以上 〜 2m未満"},"geometry":{"type":"Polygon","coordinates":[[[131.20853,33.613],[131.20832,33.61327],[131.20853,33.61318],[131.20853,33.613]]]}},{"type":"Feature","properties":{"A40_001":"大分県","A40_002":"44","A40_003":"0.3m以上 〜 1m未満"},"geometry":{"type":"Polygon","coordinates":[[[131.20821,33.61309],[131.20831,33.61318],[131.20831,33.61309],[131.20821,33.61309]]]}},{"type":"Feature","properties":{"A40_001":"大分県","A40_002":"44","A40_003":"0.3m以上 〜 1m未満"},"geometry":{"type":"Polygon","coordinates":[[[131.20713,33.61309],[131.20724,33.61318],[131.20724,33.61309],[131.20713,33.61309]]]}},{"type":"Feature","properties":{"A40_001":"大分県","A40_002":"44","A40_003":"2m以上 〜 3m未満"},"geometry":{"type":"Polygon","coordinates":[[[131.20702,33.61309],[131.20713,33.61318],[131.20713,33.61309],[131.20702,33.61309]]]}},{"type":"Feature","properties":{"A40_001":"大分県","A40_002":"44","A40_003":"1m以上 〜 2m未満"},"geometry":{"type":"Polygon","coordinates":[[[131.20713,33.61309],[131.20681,33.61282],[131.20648,33.61282],[131.2067,33.61345],[131.20713,33.61309]]]}},{"type":"Feature","properties":{"A40_001":"大分県","A40_002":"44","A40_003":"1m以上 〜 2m未満"},"geometry":{"type":"Polygon","coordinates":[[[131.21036,33.61308],[131.20982,33.61317],[131.21015,33.61335],[131.21036,33.61308]]]}},{"type":"Feature","properties":{"A40_001":"大分県","A40_002":"44","A40_003":"0.3m以上 〜 1m未満"},"geometry":{"type":"Polygon","coordinates":[[[131.19517,33.61302],[131.19527,33.61311],[131.19527,33.61302],[131.19517,33.61302]]]}},{"type":"Feature","properties":{"A40_001":"大分県","A40_002":"44","A40_003":"2m以上 〜 3m未満"},"geometry":{"type":"Polygon","coordinates":[[[131.19387,33.61302],[131.19398,33.61311],[131.19398,33.61302],[131.19387,33.61302]]]}},{"type":"Feature","properties":{"A40_001":"大分県","A40_002":"44","A40_003":"1m以上 〜 2m未満"},"geometry":{"type":"Polygon","coordinates":[[[131.19883,33.6131],[131.19894,33.61319],[131.19894,33.6131],[131.19883,33.6131]]]}},{"type":"Feature","properties":{"A40_001":"大分県","A40_002":"44","A40_003":"2m以上 〜 3m未満"},"geometry":{"type":"Polygon","coordinates":[[[131.19851,33.6131],[131.19862,33.61319],[131.19862,33.6131],[131.19851,33.6131]]]}},{"type":"Feature","properties":{"A40_001":"大分県","A40_002":"44","A40_003":"2m以上 〜 3m未満"},"geometry":{"type":"Polygon","coordinates":[[[131.19441,33.61311],[131.19452,33.6132],[131.19452,33.61311],[131.19441,33.61311]]]}},{"type":"Feature","properties":{"A40_001":"大分県","A40_002":"44","A40_003":"2m以上 〜 3m未満"},"geometry":{"type":"Polygon","coordinates":[[[131.19398,33.61311],[131.19409,33.6132],[131.19409,33.61311],[131.19398,33.61311]]]}},{"type":"Feature","properties":{"A40_001":"大分県","A40_002":"44","A40_003":"2m以上 〜 3m未満"},"geometry":{"type":"Polygon","coordinates":[[[131.1956,33.6132],[131.19571,33.61329],[131.19571,33.6132],[131.1956,33.6132]]]}},{"type":"Feature","properties":{"A40_001":"大分県","A40_002":"44","A40_003":"2m以上 〜 3m未満"},"geometry":{"type":"Polygon","coordinates":[[[131.19409,33.6132],[131.1942,33.61329],[131.1942,33.6132],[131.19409,33.6132]]]}},{"type":"Feature","properties":{"A40_001":"大分県","A40_002":"44","A40_003":"0.3m未満"},"geometry":{"type":"Polygon","coordinates":[[[131.18547,33.61321],[131.18558,33.6133],[131.18558,33.61321],[131.18547,33.61321]]]}},{"type":"Feature","properties":{"A40_001":"大分県","A40_002":"44","A40_003":"0.3m以上 〜 1m未満"},"geometry":{"type":"Polygon","coordinates":[[[131.18461,33.61321],[131.18471,33.6133],[131.18471,33.61321],[131.18461,33.61321]]]}},{"type":"Feature","properties":{"A40_001":"大分県","A40_002":"44","A40_003":"0.3m未満"},"geometry":{"type":"Polygon","coordinates":[[[131.2095,33.61308],[131.20939,33.61335],[131.2095,33.61335],[131.2095,33.61308]]]}},{"type":"Feature","properties":{"A40_001":"大分県","A40_002":"44","A40_003":"1m以上 〜 2m未満"},"geometry":{"type":"Polygon","coordinates":[[[131.20939,33.61308],[131.20929,33.61336],[131.20939,33.61335],[131.20939,33.61308]]]}},{"type":"Feature","properties":{"A40_001":"大分県","A40_002":"44","A40_003":"2m以上 〜 3m未満"},"geometry":{"type":"Polygon","coordinates":[[[131.20821,33.61318],[131.20832,33.61327],[131.20831,33.61318],[131.20821,33.61318]]]}},{"type":"Feature","properties":{"A40_001":"大分県","A40_002":"44","A40_003":"0.3m以上 〜 1m未満"},"geometry":{"type":"Polygon","coordinates":[[[131.2081,33.61318],[131.20821,33.61327],[131.20821,33.61318],[131.2081,33.61318]]]}},{"type":"Feature","properties":{"A40_001":"大分県","A40_002":"44","A40_003":"0.3m未満"},"geometry":{"type":"Polygon","coordinates":[[[131.20724,33.61318],[131.20735,33.61327],[131.20734,33.61318],[131.20724,33.61318]]]}},{"type":"Feature","properties":{"A40_001":"大分県","A40_002":"44","A40_003":"2m以上 〜 3m未満"},"geometry":{"type":"Polygon","coordinates":[[[131.20713,33.61318],[131.20724,33.61327],[131.20724,33.61318],[131.20713,33.61318]]]}},{"type":"Feature","properties":{"A40_001":"大分県","A40_002":"44","A40_003":"1m以上 〜 2m未満"},"geometry":{"type":"Polygon","coordinates":[[[131.21058,33.61326],[131.21069,33.61335],[131.21069,33.61326],[131.21058,33.61326]]]}},{"type":"Feature","properties":{"A40_001":"大分県","A40_002":"44","A40_003":"1m以上 〜 2m未満"},"geometry":{"type":"Polygon","coordinates":[[[131.21036,33.61326],[131.21047,33.61335],[131.21047,33.61326],[131.21036,33.61326]]]}},{"type":"Feature","properties":{"A40_001":"大分県","A40_002":"44","A40_003":"0.3m以上 〜 1m未満"},"geometry":{"type":"Polygon","coordinates":[[[131.20799,33.61327],[131.2081,33.61336],[131.2081,33.61327],[131.20799,33.61327]]]}},{"type":"Feature","properties":{"A40_001":"大分県","A40_002":"44","A40_003":"0.3m以上 〜 1m未満"},"geometry":{"type":"Polygon","coordinates":[[[131.20745,33.61327],[131.20756,33.61336],[131.20756,33.61327],[131.20745,33.61327]]]}},{"type":"Feature","properties":{"A40_001":"大分県","A40_002":"44","A40_003":"0.3m以上 〜 1m未満"},"geometry":{"type":"Polygon","coordinates":[[[131.20724,33.61327],[131.20735,33.61336],[131.20735,33.61327],[131.20724,33.61327]]]}},{"type":"Feature","properties":{"A40_001":"大分県","A40_002":"44","A40_003":"0.3m未満"},"geometry":{"type":"Polygon","coordinates":[[[131.21112,33.61344],[131.21069,33.61317],[131.21079,33.61362],[131.21112,33.61344]]]}},{"type":"Feature","properties":{"A40_001":"大分県","A40_002":"44","A40_003":"1m以上 〜 2m未満"},"geometry":{"type":"Polygon","coordinates":[[[131.20993,33.61326],[131.20982,33.61344],[131.20993,33.61344],[131.20993,33.61326]]]}},{"type":"Feature","properties":{"A40_001":"大分県","A40_002":"44","A40_003":"1m以上 〜 2m未満"},"geometry":{"type":"Polygon","coordinates":[[[131.21047,33.61335],[131.21058,33.61344],[131.21058,33.61335],[131.21047,33.61335]]]}},{"type":"Feature","properties":{"A40_001":"大分県","A40_002":"44","A40_003":"1m以上 〜 2m未満"},"geometry":{"type":"Polygon","coordinates":[[[131.2081,33.61354],[131.2081,33.61327],[131.20788,33.61354],[131.2081,33.61354]]]}},{"type":"Feature","properties":{"A40_001":"大分県","A40_002":"44","A40_003":"0.3m未満"},"geometry":{"type":"Polygon","coordinates":[[[131.20745,33.61336],[131.20756,33.61345],[131.20756,33.61336],[131.20745,33.61336]]]}},{"type":"Feature","properties":{"A40_001":"大分県","A40_002":"44","A40_003":"0.3m以上 〜 1m未満"},"geometry":{"type":"Polygon","coordinates":[[[131.20735,33.61336],[131.20745,33.61345],[131.20745,33.61336],[131.20735,33.61336]]]}},{"type":"Feature","properties":{"A40_001":"大分県","A40_002":"44","A40_003":"2m以上 〜 3m未満"},"geometry":{"type":"Polygon","coordinates":[[[131.20724,33.61336],[131.20735,33.61345],[131.20735,33.61336],[131.20724,33.61336]]]}},{"type":"Feature","properties":{"A40_001":"大分県","A40_002":"44","A40_003":"0.3m以上 〜 1m未満"},"geometry":{"type":"Polygon","coordinates":[[[131.20767,33.61336],[131.20745,33.61354],[131.20767,33.61354],[131.20767,33.61336]]]}},{"type":"Feature","properties":{"A40_001":"大分県","A40_002":"44","A40_003":"1m以上 〜 2m未満"},"geometry":{"type":"Polygon","coordinates":[[[131.21058,33.61344],[131.21069,33.61353],[131.21069,33.61344],[131.21058,33.61344]]]}},{"type":"Feature","properties":{"A40_001":"大分県","A40_002":"44","A40_003":"0.3m以上 〜 1m未満"},"geometry":{"type":"Polygon","coordinates":[[[131.18439,33.61321],[131.1845,33.6133],[131.1845,33.61321],[131.18439,33.61321]]]}},{"type":"Feature","properties":{"A40_001":"大分県","A40_002":"44","A40_003":"0.3m以上 〜 1m未満"},"geometry":{"type":"Polygon","coordinates":[[[131.19441,33.6132],[131.19431,33.61338],[131.19441,33.61338],[131.19441,33.6132]]]}},{"type":"Feature","properties":{"A40_001":"大分県","A40_002":"44","A40_003":"2m以上 〜 3m未満"},"geometry":{"type":"Polygon","coordinates":[[[131.1942,33.61329],[131.19431,33.61338],[131.19431,33.61329],[131.1942,33.61329]]]}},{"type":"Feature","properties":{"A40_001":"大分県","A40_002":"44","A40_003":"0.3m未満"},"geometry":{"type":"Polygon","coordinates":[[[131.18525,33.6133],[131.18547,33.61339],[131.18547,33.6133],[131.18525,33.6133]]]}},{"type":"Feature","properties":{"A40_001":"大分県","A40_002":"44","A40_003":"0.3m以上 〜 1m未満"},"geometry":{"type":"Polygon","coordinates":[[[131.18493,33.6133],[131.18504,33.61339],[131.18504,33.6133],[131.18493,33.6133]]]}},{"type":"Feature","properties":{"A40_001":"大分県","A40_002":"44","A40_003":"1m以上 〜 2m未満"},"geometry":{"type":"Polygon","coordinates":[[[131.20497,33.6121],[131.20627,33.61471],[131.20778,33.6139],[131.20724,33.61327],[131.2067,33.61417],[131.20616,33.6139],[131.20497,33.6121]],[[131.2067,33.61426],[131.20681,33.61435],[131.2067,33.61435],[131.2067,33.61426]]]}},{"type":"Feature","properties":{"A40_001":"大分県","A40_002":"44","A40_003":"2m以上 〜 3m未満"},"geometry":{"type":"Polygon","coordinates":[[[131.20012,33.61337],[131.19959,33.61328],[131.20002,33.61373],[131.20012,33.61337]]]}},{"type":"Feature","properties":{"A40_001":"大分県","A40_002":"44","A40_003":"2m以上 〜 3m未満"},"geometry":{"type":"Polygon","coordinates":[[[131.1956,33.61338],[131.19635,33.61347],[131.19635,33.61338],[131.1956,33.61338]]]}},{"type":"Feature","properties":{"A40_001":"大分県","A40_002":"44","A40_003":"2m以上 〜 3m未満"},"geometry":{"type":"Polygon","coordinates":[[[131.19431,33.61338],[131.19441,33.61347],[131.19441,33.61338],[131.19431,33.61338]]]}},{"type":"Feature","properties":{"A40_001":"大分県","A40_002":"44","A40_003":"0.3m未満"},"geometry":{"type":"Polygon","coordinates":[[[131.18493,33.61339],[131.18504,33.61348],[131.18504,33.61339],[131.18493,33.61339]]]}},{"type":"Feature","properties":{"A40_001":"大分県","A40_002":"44","A40_003":"2m以上 〜 3m未満"},"geometry":{"type":"Polygon","coordinates":[[[131.19862,33.61337],[131.19851,33.61355],[131.19862,33.61355],[131.19862,33.61337]]]}},{"type":"Feature","properties":{"A40_001":"大分県","A40_002":"44","A40_003":"0.3m以上 〜 1m未満"},"geometry":{"type":"Polygon","coordinates":[[[131.18493,33.61339],[131.18482,33.61357],[131.18493,33.61357],[131.18493,33.61339]]]}},{"type":"Feature","properties":{"A40_001":"大分県","A40_002":"44","A40_003":"2m以上 〜 3m未満"},"geometry":{"type":"Polygon","coordinates":[[[131.20357,33.61345],[131.20368,33.61354],[131.20368,33.61345],[131.20357,33.61345]]]}},{"type":"Feature","properties":{"A40_001":"大分県","A40_002":"44","A40_003":"2m以上 〜 3m未満"},"geometry":{"type":"Polygon","coordinates":[[[131.19872,33.61346],[131.19883,33.61355],[131.19883,33.61346],[131.19872,33.61346]]]}},{"type":"Feature","properties":{"A40_001":"大分県","A40_002":"44","A40_003":"1m以上 〜 2m未満"},"geometry":{"type":"Polygon","coordinates":[[[131.19678,33.61347],[131.19689,33.61356],[131.19689,33.61347],[131.19678,33.61347]]]}},{"type":"Feature","properties":{"A40_001":"大分県","A40_002":"44","A40_003":"2m以上 〜 3m未満"},"geometry":{"type":"Polygon","coordinates":[[[131.19474,33.61347],[131.19484,33.61356],[131.19484,33.61347],[131.19474,33.61347]]]}},{"type":"Feature","properties":{"A40_001":"大分県","A40_002":"44","A40_003":"2m以上 〜 3m未満"},"geometry":{"type":"Polygon","coordinates":[[[131.19441,33.61347],[131.19452,33.61356],[131.19452,33.61347],[131.19441,33.61347]]]}},{"type":"Feature","properties":{"A40_001":"大分県","A40_002":"44","A40_003":"2m以上 〜 3m未満"},"geometry":{"type":"Polygon","coordinates":[[[131.20131,33.61355],[131.20142,33.61364],[131.20142,33.61355],[131.20131,33.61355]]]}},{"type":"Feature","properties":{"A40_001":"大分県","A40_002":"44","A40_003":"2m以上 〜 3m未満"},"geometry":{"type":"Polygon","coordinates":[[[131.19452,33.61356],[131.19463,33.61365],[131.19463,33.61356],[131.19452,33.61356]]]}},{"type":"Feature","properties":{"A40_001":"大分県","A40_002":"44","A40_003":"0.3m以上 〜 1m未満"},"geometry":{"type":"Polygon","coordinates":[[[131.19226,33.61347],[131.19226,33.61374],[131.19237,33.61374],[131.19226,33.61347]]]}},{"type":"Feature","properties":{"A40_001":"大分県","A40_002":"44","A40_003":"0.3m以上 〜 1m未満"},"geometry":{"type":"Polygon","coordinates":[[[131.20778,33.61345],[131.20788,33.61354],[131.20788,33.61345],[131.20778,33.61345]]]}},{"type":"Feature","properties":{"A40_001":"大分県","A40_002":"44","A40_003":"1m以上 〜 2m未満"},"geometry":{"type":"Polygon","coordinates":[[[131.20767,33.61345],[131.20778,33.61354],[131.20778,33.61345],[131.20767,33.61345]]]}},{"type":"Feature","properties":{"A40_001":"大分県","A40_002":"44","A40_003":"2m以上 〜 3m未満"},"geometry":{"type":"Polygon","coordinates":[[[131.20735,33.61345],[131.20745,33.61354],[131.20745,33.61345],[131.20735,33.61345]]]}},{"type":"Feature","properties":{"A40_001":"大分県","A40_002":"44","A40_003":"0.3m以上 〜 1m未満"},"geometry":{"type":"Polygon","coordinates":[[[131.20799,33.61354],[131.2081,33.61363],[131.2081,33.61354],[131.20799,33.61354]]]}},{"type":"Feature","properties":{"A40_001":"大分県","A40_002":"44","A40_003":"2m以上 〜 3m未満"},"geometry":{"type":"Polygon","coordinates":[[[131.20788,33.61354],[131.20799,33.61363],[131.20799,33.61354],[131.20788,33.61354]]]}},{"type":"Feature","properties":{"A40_001":"大分県","A40_002":"44","A40_003":"2m以上 〜 3m未満"},"geometry":{"type":"Polygon","coordinates":[[[131.20767,33.61354],[131.20778,33.61363],[131.20778,33.61354],[131.20767,33.61354]]]}},{"type":"Feature","properties":{"A40_001":"大分県","A40_002":"44","A40_003":"1m以上 〜 2m未満"},"geometry":{"type":"Polygon","coordinates":[[[131.20972,33.61362],[131.20982,33.61371],[131.20982,33.61362],[131.20972,33.61362]]]}},{"type":"Feature","properties":{"A40_001":"大分県","A40_002":"44","A40_003":"0.3m未満"},"geometry":{"type":"Polygon","coordinates":[[[131.2081,33.61363],[131.20821,33.61372],[131.20821,33.61363],[131.2081,33.61363]]]}},{"type":"Feature","properties":{"A40_001":"大分県","A40_002":"44","A40_003":"0.3m以上 〜 1m未満"},"geometry":{"type":"Polygon","coordinates":[[[131.20788,33.61363],[131.20799,33.61372],[131.20799,33.61363],[131.20788,33.61363]]]}},{"type":"Feature","properties":{"A40_001":"大分県","A40_002":"44","A40_003":"1m以上 〜 2m未満"},"geometry":{"type":"Polygon","coordinates":[[[131.20788,33.61354],[131.20767,33.61372],[131.20789,33.61381],[131.20788,33.61354]]]}},{"type":"Feature","properties":{"A40_001":"大分県","A40_002":"44","A40_003":"0.3m未満"},"geometry":{"type":"Polygon","coordinates":[[[131.18461,33.61357],[131.18471,33.61366],[131.18471,33.61357],[131.18461,33.61357]]]}},{"type":"Feature","properties":{"A40_001":"大分県","A40_002":"44","A40_003":"2m以上 〜 3m未満"},"geometry":{"type":"Polygon","coordinates":[[[131.19463,33.61365],[131.19474,33.61374],[131.19474,33.61365],[131.19463,33.61365]]]}},{"type":"Feature","properties":{"A40_001":"大分県","A40_002":"44","A40_003":"2m以上 〜 3m未満"},"geometry":{"type":"Polygon","coordinates":[[[131.19474,33.61374],[131.19485,33.61383],[131.19485,33.61374],[131.19474,33.61374]]]}},{"type":"Feature","properties":{"A40_001":"大分県","A40_002":"44","A40_003":"2m以上 〜 3m未満"},"geometry":{"type":"Polygon","coordinates":[[[131.20282,33.61255],[131.20293,33.61319],[131.20346,33.613],[131.20368,33.61336],[131.2039,33.61264],[131.20454,33.61309],[131.20368,33.61373],[131.2039,33.61427],[131.20433,33.61417],[131.20412,33.61481],[131.20358,33.61481],[131.20369,33.61517],[131.20422,33.61499],[131.20379,33.61535],[131.20401,33.6158],[131.20455,33.61517],[131.2053,33.61517],[131.20444,33.6158],[131.20477,33.61661],[131.20498,33.61589],[131.20692,33.61462],[131.20616,33.61462],[131.20486,33.61228],[131.20519,33.6121],[131.20584,33.61327],[131.2067,33.61417],[131.20713,33.61327],[131.20648,33.61327],[131.2068,33.61264],[131.20637,33.61264],[131.20583,33.61156],[131.20519,33.61174],[131.20465,33.61129],[131.20486,33.61156],[131.20476,33.61174],[131.20389,33.61102],[131.20346,33.61138],[131.20433,33.61237],[131.20368,33.61201],[131.20325,33.61264],[131.20282,33.61255]],[[131.20433,33.61417],[131.20444,33.61408],[131.20444,33.61417],[131.20433,33.61417]],[[131.20648,33.6139],[131.20659,33.61381],[131.20659,33.6139],[131.20648,33.6139]],[[131.20529,33.61183],[131.20551,33.61174],[131.20551,33.61183],[131.20529,33.61183]],[[131.2054,33.61201],[131.20605,33.61237],[131.20594,33.61264],[131.2054,33.61201]],[[131.20486,33.61174],[131.20497,33.61183],[131.20486,33.61183],[131.20486,33.61174]],[[131.20497,33.61183],[131.20508,33.61192],[131.20497,33.61192],[131.20497,33.61183]],[[131.20325,33.61264],[131.20336,33.61273],[131.20325,33.61273],[131.20325,33.61264]],[[131.20509,33.61508],[131.20519,33.61498],[131.20519,33.61508],[131.20509,33.61508]]]}},{"type":"Feature","properties":{"A40_001":"大分県","A40_002":"44","A40_003":"2m以上 〜 3m未満"},"geometry":{"type":"Polygon","coordinates":[[[131.19484,33.61356],[131.19582,33.61428],[131.19538,33.61338],[131.19484,33.61356]]]}},{"type":"Feature","properties":{"A40_001":"大分県","A40_002":"44","A40_003":"0.3m以上 〜 1m未満"},"geometry":{"type":"Polygon","coordinates":[[[131.20616,33.61381],[131.20638,33.6139],[131.20638,33.61381],[131.20616,33.61381]]]}},{"type":"Feature","properties":{"A40_001":"大分県","A40_002":"44","A40_003":"0.3m未満"},"geometry":{"type":"Polygon","coordinates":[[[131.19247,33.61383],[131.19258,33.61392],[131.19258,33.61383],[131.19247,33.61383]]]}},{"type":"Feature","properties":{"A40_001":"大分県","A40_002":"44","A40_003":"0.3m以上 〜 1m未満"},"geometry":{"type":"Polygon","coordinates":[[[131.19571,33.61392],[131.19582,33.61401],[131.19582,33.61392],[131.19571,33.61392]]]}},{"type":"Feature","properties":{"A40_001":"大分県","A40_002":"44","A40_003":"0.3m未満"},"geometry":{"type":"Polygon","coordinates":[[[131.18493,33.61393],[131.18504,33.61402],[131.18504,33.61393],[131.18493,33.61393]]]}},{"type":"Feature","properties":{"A40_001":"大分県","A40_002":"44","A40_003":"1m以上 〜 2m未満"},"geometry":{"type":"Polygon","coordinates":[[[131.20433,33.61408],[131.20444,33.61417],[131.20444,33.61408],[131.20433,33.61408]]]}},{"type":"Feature","properties":{"A40_001":"大分県","A40_002":"44","A40_003":"2m以上 〜 3m未満"},"geometry":{"type":"Polygon","coordinates":[[[131.20778,33.61381],[131.20745,33.61363],[131.20745,33.61372],[131.20778,33.61381]]]}},{"type":"Feature","properties":{"A40_001":"大分県","A40_002":"44","A40_003":"0.3m未満"},"geometry":{"type":"Polygon","coordinates":[[[131.21026,33.61389],[131.21079,33.61371],[131.21036,33.61371],[131.21026,33.61389]]]}},{"type":"Feature","properties":{"A40_001":"大分県","A40_002":"44","A40_003":"1m以上 〜 2m未満"},"geometry":{"type":"Polygon","coordinates":[[[131.21112,33.6138],[131.21123,33.61389],[131.21123,33.6138],[131.21112,33.6138]]]}},{"type":"Feature","properties":{"A40_001":"大分県","A40_002":"44","A40_003":"0.3m未満"},"geometry":{"type":"Polygon","coordinates":[[[131.2109,33.6138],[131.21101,33.61389],[131.21101,33.6138],[131.2109,33.6138]]]}},{"type":"Feature","properties":{"A40_001":"大分県","A40_002":"44","A40_003":"1m以上 〜 2m未満"},"geometry":{"type":"Polygon","coordinates":[[[131.20972,33.61381],[131.20983,33.6139],[131.20983,33.6138],[131.20972,33.61381]]]}},{"type":"Feature","properties":{"A40_001":"大分県","A40_002":"44","A40_003":"0.3m未満"},"geometry":{"type":"Polygon","coordinates":[[[131.2081,33.61372],[131.20799,33.61399],[131.2081,33.61399],[131.2081,33.61372]]]}},{"type":"Feature","properties":{"A40_001":"大分県","A40_002":"44","A40_003":"0.3m以上 〜 1m未満"},"geometry":{"type":"Polygon","coordinates":[[[131.20971,33.61173],[131.20982,33.61254],[131.20961,33.61209],[131.20692,33.6148],[131.208,33.61516],[131.20767,33.61516],[131.20617,33.61579],[131.20617,33.61598],[131.20595,33.61589],[131.20531,33.61661],[131.21112,33.61434],[131.21133,33.61362],[131.20983,33.61462],[131.20864,33.6148],[131.21079,33.61371],[131.21069,33.61317],[131.21101,33.61326],[131.21004,33.61236],[131.21014,33.61137],[131.20906,33.6111],[131.20971,33.61173]],[[131.20756,33.61498],[131.20767,33.61489],[131.20767,33.61498],[131.20756,33.61498]],[[131.208,33.61507],[131.20821,33.61498],[131.20821,33.61507],[131.208,33.61507]],[[131.20821,33.61498],[131.20832,33.61489],[131.20832,33.61498],[131.20821,33.61498]],[[131.20821,33.61507],[131.20832,33.61516],[131.20821,33.61516],[131.20821,33.61507]],[[131.20746,33.61534],[131.20757,33.61543],[131.20746,33.61543],[131.20746,33.61534]],[[131.21112,33.6138],[131.21123,33.61389],[131.21112,33.61389],[131.21112,33.6138]],[[131.20864,33.6148],[131.20875,33.61498],[131.20843,33.6148],[131.20864,33.6148]],[[131.20875,33.61453],[131.20853,33.61462],[131.20853,33.61453],[131.20875,33.61453]],[[131.21069,33.61326],[131.21058,33.61335],[131.21058,33.61326],[131.21069,33.61326]],[[131.21058,33.61335],[131.21047,33.61344],[131.21047,33.61335],[131.21058,33.61335]],[[131.21058,33.61344],[131.21069,33.61353],[131.21058,33.61353],[131.21058,33.61344]],[[131.21047,33.61335],[131.21036,33.61326],[131.21047,33.61326],[131.21047,33.61335]],[[131.20982,33.61173],[131.20993,33.61155],[131.20993,33.61173],[131.20982,33.61173]],[[131.20982,33.61326],[131.20993,33.61344],[131.20982,33.61344],[131.20982,33.61326]],[[131.21015,33.61335],[131.20982,33.61299],[131.21036,33.61308],[131.21015,33.61335]],[[131.20982,33.61299],[131.20972,33.6129],[131.20982,33.6129],[131.20982,33.61299]],[[131.20993,33.61399],[131.20983,33.6139],[131.20993,33.61389],[131.20993,33.61399]],[[131.20983,33.6139],[131.20972,33.61381],[131.20983,33.6138],[131.20983,33.6139]],[[131.20929,33.61336],[131.2095,33.61308],[131.2095,33.61335],[131.20929,33.61336]],[[131.20928,33.61281],[131.20939,33.6129],[131.20928,33.6129],[131.20928,33.61281]],[[131.21025,33.61281],[131.21036,33.61272],[131.21036,33.61281],[131.21025,33.61281]],[[131.20982,33.61263],[131.20993,33.61272],[131.20982,33.61272],[131.20982,33.61263]],[[131.20972,33.61362],[131.20982,33.61371],[131.20972,33.61372],[131.20972,33.61362]],[[131.20821,33.61471],[131.20832,33.6148],[131.20821,33.6148],[131.20821,33.61471]],[[131.208,33.61489],[131.20789,33.6148],[131.208,33.6148],[131.208,33.61489]]]}},{"type":"Feature","properties":{"A40_001":"大分県","A40_002":"44","A40_003":"1m以上 〜 2m未満"},"geometry":{"type":"Polygon","coordinates":[[[131.20648,33.61381],[131.20659,33.6139],[131.20659,33.61381],[131.20648,33.61381]]]}},{"type":"Feature","properties":{"A40_001":"大分県","A40_002":"44","A40_003":"1m以上 〜 2m未満"},"geometry":{"type":"Polygon","coordinates":[[[131.2109,33.61389],[131.21101,33.61398],[131.21101,33.61389],[131.2109,33.61389]]]}},{"type":"Feature","properties":{"A40_001":"大分県","A40_002":"44","A40_003":"0.3m未満"},"geometry":{"type":"Polygon","coordinates":[[[131.21069,33.61389],[131.2108,33.61398],[131.2108,33.61389],[131.21069,33.61389]]]}},{"type":"Feature","properties":{"A40_001":"大分県","A40_002":"44","A40_003":"1m以上 〜 2m未満"},"geometry":{"type":"Polygon","coordinates":[[[131.20983,33.6139],[131.20993,33.61399],[131.20993,33.61389],[131.20983,33.6139]]]}},{"type":"Feature","properties":{"A40_001":"大分県","A40_002":"44","A40_003":"0.3m未満"},"geometry":{"type":"Polygon","coordinates":[[[131.21004,33.61389],[131.21015,33.61407],[131.21026,33.61389],[131.21004,33.61389]]]}},{"type":"Feature","properties":{"A40_001":"大分県","A40_002":"44","A40_003":"1m以上 〜 2m未満"},"geometry":{"type":"Polygon","coordinates":[[[131.21069,33.61398],[131.2108,33.61407],[131.2108,33.61398],[131.21069,33.61398]]]}},{"type":"Feature","properties":{"A40_001":"大分県","A40_002":"44","A40_003":"0.3m未満"},"geometry":{"type":"Polygon","coordinates":[[[131.21058,33.61398],[131.21069,33.61407],[131.21069,33.61398],[131.21058,33.61398]]]}},{"type":"Feature","properties":{"A40_001":"大分県","A40_002":"44","A40_003":"0.3m未満"},"geometry":{"type":"Polygon","coordinates":[[[131.20778,33.61399],[131.20789,33.61408],[131.20789,33.61399],[131.20778,33.61399]]]}},{"type":"Feature","properties":{"A40_001":"大分県","A40_002":"44","A40_003":"0.3m以上 〜 1m未満"},"geometry":{"type":"Polygon","coordinates":[[[131.20756,33.61399],[131.20767,33.61408],[131.20767,33.61399],[131.20756,33.61399]]]}},{"type":"Feature","properties":{"A40_001":"大分県","A40_002":"44","A40_003":"2m以上 〜 3m未満"},"geometry":{"type":"Polygon","coordinates":[[[131.20745,33.61399],[131.20756,33.61408],[131.20756,33.61399],[131.20745,33.61399]]]}},{"type":"Feature","properties":{"A40_001":"大分県","A40_002":"44","A40_003":"1m以上 〜 2m未満"},"geometry":{"type":"Polygon","coordinates":[[[131.21058,33.61407],[131.21069,33.61416],[131.21069,33.61407],[131.21058,33.61407]]]}},{"type":"Feature","properties":{"A40_001":"大分県","A40_002":"44","A40_003":"0.3m未満"},"geometry":{"type":"Polygon","coordinates":[[[131.21036,33.61407],[131.21047,33.61416],[131.21047,33.61407],[131.21036,33.61407]]]}},{"type":"Feature","properties":{"A40_001":"大分県","A40_002":"44","A40_003":"0.3m未満"},"geometry":{"type":"Polygon","coordinates":[[[131.20993,33.61408],[131.21004,33.61417],[131.21004,33.61408],[131.20993,33.61408]]]}},{"type":"Feature","properties":{"A40_001":"大分県","A40_002":"44","A40_003":"0.3m以上 〜 1m未満"},"geometry":{"type":"Polygon","coordinates":[[[131.20745,33.61408],[131.20756,33.61417],[131.20756,33.61408],[131.20745,33.61408]]]}},{"type":"Feature","properties":{"A40_001":"大分県","A40_002":"44","A40_003":"1m以上 〜 2m未満"},"geometry":{"type":"Polygon","coordinates":[[[131.21036,33.61416],[131.21047,33.61425],[131.21047,33.61416],[131.21036,33.61416]]]}},{"type":"Feature","properties":{"A40_001":"大分県","A40_002":"44","A40_003":"0.3m未満"},"geometry":{"type":"Polygon","coordinates":[[[131.20972,33.61417],[131.20993,33.61426],[131.20993,33.61417],[131.20972,33.61417]]]}},{"type":"Feature","properties":{"A40_001":"大分県","A40_002":"44","A40_003":"0.3m以上 〜 1m未満"},"geometry":{"type":"Polygon","coordinates":[[[131.20735,33.61417],[131.20746,33.61426],[131.20746,33.61417],[131.20735,33.61417]]]}},{"type":"Feature","properties":{"A40_001":"大分県","A40_002":"44","A40_003":"1m以上 〜 2m未満"},"geometry":{"type":"Polygon","coordinates":[[[131.21015,33.61426],[131.21026,33.61435],[131.21026,33.61426],[131.21015,33.61426]]]}},{"type":"Feature","properties":{"A40_001":"大分県","A40_002":"44","A40_003":"0.3m未満"},"geometry":{"type":"Polygon","coordinates":[[[131.21004,33.61426],[131.21015,33.61435],[131.21015,33.61426],[131.21004,33.61426]]]}},{"type":"Feature","properties":{"A40_001":"大分県","A40_002":"44","A40_003":"0.3m未満"},"geometry":{"type":"Polygon","coordinates":[[[131.20961,33.61426],[131.20972,33.61435],[131.20972,33.61426],[131.20961,33.61426]]]}},{"type":"Feature","properties":{"A40_001":"大分県","A40_002":"44","A40_003":"2m以上 〜 3m未満"},"geometry":{"type":"Polygon","coordinates":[[[131.2067,33.61426],[131.20681,33.61435],[131.20681,33.61426],[131.2067,33.61426]]]}},{"type":"Feature","properties":{"A40_001":"大分県","A40_002":"44","A40_003":"1m以上 〜 2m未満"},"geometry":{"type":"Polygon","coordinates":[[[131.21004,33.61435],[131.21015,33.61444],[131.21015,33.61435],[131.21004,33.61435]]]}},{"type":"Feature","properties":{"A40_001":"大分県","A40_002":"44","A40_003":"0.3m未満"},"geometry":{"type":"Polygon","coordinates":[[[131.20983,33.61435],[131.20993,33.61444],[131.20993,33.61435],[131.20983,33.61435]]]}},{"type":"Feature","properties":{"A40_001":"大分県","A40_002":"44","A40_003":"2m以上 〜 3m未満"},"geometry":{"type":"Polygon","coordinates":[[[131.20325,33.61409],[131.20336,33.61418],[131.20336,33.61409],[131.20325,33.61409]]]}},{"type":"Feature","properties":{"A40_001":"大分県","A40_002":"44","A40_003":"2m以上 〜 3m未満"},"geometry":{"type":"Polygon","coordinates":[[[131.1997,33.61409],[131.1998,33.61418],[131.1998,33.61409],[131.1997,33.61409]]]}},{"type":"Feature","properties":{"A40_001":"大分県","A40_002":"44","A40_003":"2m以上 〜 3m未満"},"geometry":{"type":"Polygon","coordinates":[[[131.19851,33.61445],[131.19829,33.61409],[131.19819,33.61428],[131.19851,33.61445]]]}},{"type":"Feature","properties":{"A40_001":"大分県","A40_002":"44","A40_003":"1m以上 〜 2m未満"},"geometry":{"type":"Polygon","coordinates":[[[131.19916,33.61427],[131.19927,33.61436],[131.19926,33.61427],[131.19916,33.61427]]]}},{"type":"Feature","properties":{"A40_001":"大分県","A40_002":"44","A40_003":"0.3m以上 〜 1m未満"},"geometry":{"type":"Polygon","coordinates":[[[131.18924,33.61438],[131.18935,33.61447],[131.18935,33.61438],[131.18924,33.61438]]]}},{"type":"Feature","properties":{"A40_001":"大分県","A40_002":"44","A40_003":"0.3m以上 〜 1m未満"},"geometry":{"type":"Polygon","coordinates":[[[131.19571,33.61437],[131.1956,33.61455],[131.19571,33.61455],[131.19571,33.61437]]]}},{"type":"Feature","properties":{"A40_001":"大分県","A40_002":"44","A40_003":"0.3m未満"},"geometry":{"type":"Polygon","coordinates":[[[131.18526,33.61448],[131.18547,33.61457],[131.18547,33.61448],[131.18526,33.61448]]]}},{"type":"Feature","properties":{"A40_001":"大分県","A40_002":"44","A40_003":"1m以上 〜 2m未満"},"geometry":{"type":"Polygon","coordinates":[[[131.20228,33.61436],[131.20207,33.61481],[131.20239,33.61472],[131.20228,33.61436]]]}},{"type":"Feature","properties":{"A40_001":"大分県","A40_002":"44","A40_003":"1m以上 〜 2m未満"},"geometry":{"type":"Polygon","coordinates":[[[131.19603,33.61455],[131.19614,33.61464],[131.19614,33.61455],[131.19603,33.61455]]]}},{"type":"Feature","properties":{"A40_001":"大分県","A40_002":"44","A40_003":"2m以上 〜 3m未満"},"geometry":{"type":"Polygon","coordinates":[[[131.19592,33.61455],[131.19603,33.61464],[131.19603,33.61455],[131.19592,33.61455]]]}},{"type":"Feature","properties":{"A40_001":"大分県","A40_002":"44","A40_003":"1m以上 〜 2m未満"},"geometry":{"type":"Polygon","coordinates":[[[131.20907,33.61435],[131.20896,33.61453],[131.20907,33.61453],[131.20907,33.61435]]]}},{"type":"Feature","properties":{"A40_001":"大分県","A40_002":"44","A40_003":"1m以上 〜 2m未満"},"geometry":{"type":"Polygon","coordinates":[[[131.20983,33.61444],[131.20993,33.61453],[131.20993,33.61444],[131.20983,33.61444]]]}},{"type":"Feature","properties":{"A40_001":"大分県","A40_002":"44","A40_003":"0.3m以上 〜 1m未満"},"geometry":{"type":"Polygon","coordinates":[[[131.20972,33.61444],[131.20983,33.61453],[131.20983,33.61444],[131.20972,33.61444]]]}},{"type":"Feature","properties":{"A40_001":"大分県","A40_002":"44","A40_003":"0.3m未満"},"geometry":{"type":"Polygon","coordinates":[[[131.20907,33.61444],[131.20918,33.61453],[131.20918,33.61444],[131.20907,33.61444]]]}},{"type":"Feature","properties":{"A40_001":"大分県","A40_002":"44","A40_003":"0.3m未満"},"geometry":{"type":"Polygon","coordinates":[[[131.20929,33.61444],[131.2095,33.61462],[131.20961,33.61444],[131.20929,33.61444]]]}},{"type":"Feature","properties":{"A40_001":"大分県","A40_002":"44","A40_003":"1m以上 〜 2m未満"},"geometry":{"type":"Polygon","coordinates":[[[131.20961,33.61453],[131.20983,33.61462],[131.20983,33.61453],[131.20961,33.61453]]]}},{"type":"Feature","properties":{"A40_001":"大分県","A40_002":"44","A40_003":"0.3m以上 〜 1m未満"},"geometry":{"type":"Polygon","coordinates":[[[131.2095,33.61453],[131.20961,33.61462],[131.20961,33.61453],[131.2095,33.61453]]]}},{"type":"Feature","properties":{"A40_001":"大分県","A40_002":"44","A40_003":"1m以上 〜 2m未満"},"geometry":{"type":"Polygon","coordinates":[[[131.20853,33.61453],[131.20875,33.61462],[131.20875,33.61453],[131.20853,33.61453]]]}},{"type":"Feature","properties":{"A40_001":"大分県","A40_002":"44","A40_003":"1m以上 〜 2m未満"},"geometry":{"type":"Polygon","coordinates":[[[131.20724,33.61453],[131.20735,33.61462],[131.20735,33.61453],[131.20724,33.61453]]]}},{"type":"Feature","properties":{"A40_001":"大分県","A40_002":"44","A40_003":"0.3m未満"},"geometry":{"type":"Polygon","coordinates":[[[131.20713,33.61453],[131.20724,33.61462],[131.20724,33.61453],[131.20713,33.61453]]]}},{"type":"Feature","properties":{"A40_001":"大分県","A40_002":"44","A40_003":"0.3m以上 〜 1m未満"},"geometry":{"type":"Polygon","coordinates":[[[131.18946,33.61456],[131.18957,33.61465],[131.18957,33.61456],[131.18946,33.61456]]]}},{"type":"Feature","properties":{"A40_001":"大分県","A40_002":"44","A40_003":"0.3m以上 〜 1m未満"},"geometry":{"type":"Polygon","coordinates":[[[131.18914,33.61456],[131.18924,33.61465],[131.18924,33.61456],[131.18914,33.61456]]]}},{"type":"Feature","properties":{"A40_001":"大分県","A40_002":"44","A40_003":"0.3m以上 〜 1m未満"},"geometry":{"type":"Polygon","coordinates":[[[131.1887,33.61456],[131.18881,33.61465],[131.18881,33.61456],[131.1887,33.61456]]]}},{"type":"Feature","properties":{"A40_001":"大分県","A40_002":"44","A40_003":"0.3m未満"},"geometry":{"type":"Polygon","coordinates":[[[131.18838,33.61465],[131.18849,33.61474],[131.18849,33.61465],[131.18838,33.61465]]]}},{"type":"Feature","properties":{"A40_001":"大分県","A40_002":"44","A40_003":"0.3m未満"},"geometry":{"type":"Polygon","coordinates":[[[131.18806,33.61465],[131.18817,33.61474],[131.18817,33.61465],[131.18806,33.61465]]]}},{"type":"Feature","properties":{"A40_001":"大分県","A40_002":"44","A40_003":"0.3m以上 〜 1m未満"},"geometry":{"type":"Polygon","coordinates":[[[131.18547,33.61466],[131.18558,33.61475],[131.18558,33.61466],[131.18547,33.61466]]]}},{"type":"Feature","properties":{"A40_001":"大分県","A40_002":"44","A40_003":"2m以上 〜 3m未満"},"geometry":{"type":"Polygon","coordinates":[[[131.2026,33.61346],[131.20174,33.61355],[131.20174,33.61418],[131.20131,33.61418],[131.2012,33.61364],[131.19991,33.61382],[131.20056,33.61553],[131.20013,33.61589],[131.19948,33.61535],[131.19948,33.61409],[131.19862,33.61391],[131.19905,33.61472],[131.19862,33.61482],[131.1983,33.61437],[131.19765,33.61464],[131.19679,33.6141],[131.197,33.61356],[131.19797,33.61337],[131.19754,33.61283],[131.19646,33.61284],[131.19668,33.61347],[131.19592,33.61446],[131.19603,33.61482],[131.19668,33.61464],[131.19647,33.61527],[131.19711,33.61617],[131.19755,33.61626],[131.19798,33.61617],[131.19797,33.61518],[131.19851,33.61473],[131.19841,33.61599],[131.19884,33.61644],[131.19916,33.61599],[131.19981,33.61671],[131.2011,33.61616],[131.20132,33.6167],[131.20175,33.61616],[131.20229,33.61679],[131.2025,33.61535],[131.20336,33.61544],[131.20315,33.6149],[131.20272,33.61499],[131.20304,33.61445],[131.2026,33.61346]],[[131.19776,33.61617],[131.19765,33.61608],[131.19776,33.61608],[131.19776,33.61617]],[[131.19851,33.61554],[131.19862,33.61572],[131.19851,33.61572],[131.19851,33.61554]],[[131.20185,33.61481],[131.20099,33.61481],[131.20185,33.61472],[131.20185,33.61481]],[[131.20056,33.61499],[131.20088,33.6149],[131.20088,33.61499],[131.20056,33.61499]],[[131.20239,33.61472],[131.20196,33.61436],[131.20228,33.61436],[131.20239,33.61472]],[[131.19916,33.61427],[131.19927,33.61436],[131.19916,33.61436],[131.19916,33.61427]],[[131.19711,33.61482],[131.19722,33.61491],[131.19711,33.61491],[131.19711,33.61482]],[[131.19678,33.61356],[131.19689,33.61347],[131.19689,33.61356],[131.19678,33.61356]],[[131.19765,33.61545],[131.19787,33.61563],[131.19765,33.61581],[131.19765,33.61545]]]}},{"type":"Feature","properties":{"A40_001":"大分県","A40_002":"44","A40_003":"0.3m以上 〜 1m未満"},"geometry":{"type":"Polygon","coordinates":[[[131.1886,33.61483],[131.18849,33.61465],[131.18838,33.61483],[131.1886,33.61483]]]}},{"type":"Feature","properties":{"A40_001":"大分県","A40_002":"44","A40_003":"1m以上 〜 2m未満"},"geometry":{"type":"Polygon","coordinates":[[[131.20099,33.6149],[131.20142,33.6149],[131.20185,33.61472],[131.20142,33.61463],[131.20099,33.6149]]]}},{"type":"Feature","properties":{"A40_001":"大分県","A40_002":"44","A40_003":"3m以上 〜 4m未満"},"geometry":{"type":"Polygon","coordinates":[[[131.18892,33.61474],[131.18903,33.61483],[131.18903,33.61474],[131.18892,33.61474]]]}},{"type":"Feature","properties":{"A40_001":"大分県","A40_002":"44","A40_003":"1m以上 〜 2m未満"},"geometry":{"type":"Polygon","coordinates":[[[131.20929,33.61462],[131.20961,33.61471],[131.20961,33.61462],[131.20929,33.61462]]]}},{"type":"Feature","properties":{"A40_001":"大分県","A40_002":"44","A40_003":"0.3m以上 〜 1m未満"},"geometry":{"type":"Polygon","coordinates":[[[131.20918,33.61462],[131.20929,33.61471],[131.20929,33.61462],[131.20918,33.61462]]]}},{"type":"Feature","properties":{"A40_001":"大分県","A40_002":"44","A40_003":"0.3m未満"},"geometry":{"type":"Polygon","coordinates":[[[131.20896,33.61462],[131.20864,33.6148],[131.20897,33.6148],[131.20896,33.61462]]]}},{"type":"Feature","properties":{"A40_001":"大分県","A40_002":"44","A40_003":"1m以上 〜 2m未満"},"geometry":{"type":"Polygon","coordinates":[[[131.2067,33.61462],[131.20681,33.6148],[131.20692,33.61462],[131.2067,33.61462]]]}},{"type":"Feature","properties":{"A40_001":"大分県","A40_002":"44","A40_003":"1m以上 〜 2m未満"},"geometry":{"type":"Polygon","coordinates":[[[131.20907,33.6148],[131.20929,33.61471],[131.20907,33.61471],[131.20907,33.6148]]]}},{"type":"Feature","properties":{"A40_001":"大分県","A40_002":"44","A40_003":"0.3m以上 〜 1m未満"},"geometry":{"type":"Polygon","coordinates":[[[131.20897,33.61471],[131.20907,33.6148],[131.20907,33.61471],[131.20897,33.61471]]]}},{"type":"Feature","properties":{"A40_001":"大分県","A40_002":"44","A40_003":"1m以上 〜 2m未満"},"geometry":{"type":"Polygon","coordinates":[[[131.20821,33.61471],[131.20832,33.6148],[131.20832,33.61471],[131.20821,33.61471]]]}},{"type":"Feature","properties":{"A40_001":"大分県","A40_002":"44","A40_003":"1m以上 〜 2m未満"},"geometry":{"type":"Polygon","coordinates":[[[131.20886,33.61489],[131.20907,33.6148],[131.20886,33.6148],[131.20886,33.61489]]]}},{"type":"Feature","properties":{"A40_001":"大分県","A40_002":"44","A40_003":"0.3m未満"},"geometry":{"type":"Polygon","coordinates":[[[131.20843,33.6148],[131.20864,33.61489],[131.20864,33.6148],[131.20843,33.6148]]]}},{"type":"Feature","properties":{"A40_001":"大分県","A40_002":"44","A40_003":"1m以上 〜 2m未満"},"geometry":{"type":"Polygon","coordinates":[[[131.20789,33.6148],[131.208,33.61489],[131.208,33.6148],[131.20789,33.6148]]]}},{"type":"Feature","properties":{"A40_001":"大分県","A40_002":"44","A40_003":"0.3m以上 〜 1m未満"},"geometry":{"type":"Polygon","coordinates":[[[131.2067,33.6148],[131.20681,33.61489],[131.20681,33.6148],[131.2067,33.6148]]]}},{"type":"Feature","properties":{"A40_001":"大分県","A40_002":"44","A40_003":"1m以上 〜 2m未満"},"geometry":{"type":"Polygon","coordinates":[[[131.20659,33.6148],[131.2067,33.61489],[131.2067,33.6148],[131.20659,33.6148]]]}},{"type":"Feature","properties":{"A40_001":"大分県","A40_002":"44","A40_003":"1m以上 〜 2m未満"},"geometry":{"type":"Polygon","coordinates":[[[131.20853,33.61498],[131.20875,33.61489],[131.20853,33.61489],[131.20853,33.61498]]]}},{"type":"Feature","properties":{"A40_001":"大分県","A40_002":"44","A40_003":"0.3m未満"},"geometry":{"type":"Polygon","coordinates":[[[131.20821,33.61489],[131.20832,33.61498],[131.20832,33.61489],[131.20821,33.61489]]]}},{"type":"Feature","properties":{"A40_001":"大分県","A40_002":"44","A40_003":"1m以上 〜 2m未満"},"geometry":{"type":"Polygon","coordinates":[[[131.20756,33.61489],[131.20767,33.61498],[131.20767,33.61489],[131.20756,33.61489]]]}},{"type":"Feature","properties":{"A40_001":"大分県","A40_002":"44","A40_003":"1m以上 〜 2m未満"},"geometry":{"type":"Polygon","coordinates":[[[131.20692,33.61489],[131.20703,33.61498],[131.20703,33.61489],[131.20692,33.61489]]]}},{"type":"Feature","properties":{"A40_001":"大分県","A40_002":"44","A40_003":"0.3m未満"},"geometry":{"type":"Polygon","coordinates":[[[131.20659,33.61489],[131.2067,33.61498],[131.2067,33.61489],[131.20659,33.61489]]]}},{"type":"Feature","properties":{"A40_001":"大分県","A40_002":"44","A40_003":"0.3m未満"},"geometry":{"type":"Polygon","coordinates":[[[131.208,33.61507],[131.20821,33.61498],[131.208,33.61498],[131.208,33.61507]]]}},{"type":"Feature","properties":{"A40_001":"大分県","A40_002":"44","A40_003":"1m以上 〜 2m未満"},"geometry":{"type":"Polygon","coordinates":[[[131.20746,33.61498],[131.20757,33.61507],[131.20756,33.61498],[131.20746,33.61498]]]}},{"type":"Feature","properties":{"A40_001":"大分県","A40_002":"44","A40_003":"0.3m以上 〜 1m未満"},"geometry":{"type":"Polygon","coordinates":[[[131.20649,33.61498],[131.2066,33.61507],[131.20659,33.61498],[131.20649,33.61498]]]}},{"type":"Feature","properties":{"A40_001":"大分県","A40_002":"44","A40_003":"0.3m未満"},"geometry":{"type":"Polygon","coordinates":[[[131.18827,33.61474],[131.18838,33.61483],[131.18838,33.61474],[131.18827,33.61474]]]}},{"type":"Feature","properties":{"A40_001":"大分県","A40_002":"44","A40_003":"1m以上 〜 2m未満"},"geometry":{"type":"Polygon","coordinates":[[[131.19345,33.61473],[131.19334,33.61491],[131.19345,33.61491],[131.19345,33.61473]]]}},{"type":"Feature","properties":{"A40_001":"大分県","A40_002":"44","A40_003":"0.3m未満"},"geometry":{"type":"Polygon","coordinates":[[[131.18806,33.61474],[131.18784,33.61492],[131.18806,33.61483],[131.18806,33.61474]]]}},{"type":"Feature","properties":{"A40_001":"大分県","A40_002":"44","A40_003":"1m以上 〜 2m未満"},"geometry":{"type":"Polygon","coordinates":[[[131.19711,33.61482],[131.19722,33.61491],[131.19722,33.61482],[131.19711,33.61482]]]}},{"type":"Feature","properties":{"A40_001":"大分県","A40_002":"44","A40_003":"2m以上 〜 3m未満"},"geometry":{"type":"Polygon","coordinates":[[[131.19614,33.61482],[131.19625,33.61491],[131.19625,33.61482],[131.19614,33.61482]]]}},{"type":"Feature","properties":{"A40_001":"大分県","A40_002":"44","A40_003":"0.3m以上 〜 1m未満"},"geometry":{"type":"Polygon","coordinates":[[[131.1887,33.61483],[131.18881,33.61492],[131.18881,33.61483],[131.1887,33.61483]]]}},{"type":"Feature","properties":{"A40_001":"大分県","A40_002":"44","A40_003":"1m以上 〜 2m未満"},"geometry":{"type":"Polygon","coordinates":[[[131.18558,33.61484],[131.18569,33.61493],[131.18569,33.61484],[131.18558,33.61484]]]}},{"type":"Feature","properties":{"A40_001":"大分県","A40_002":"44","A40_003":"1m以上 〜 2m未満"},"geometry":{"type":"Polygon","coordinates":[[[131.20056,33.61499],[131.20088,33.6149],[131.20056,33.6149],[131.20056,33.61499]]]}},{"type":"Feature","properties":{"A40_001":"大分県","A40_002":"44","A40_003":"1m以上 〜 2m未満"},"geometry":{"type":"Polygon","coordinates":[[[131.19851,33.61473],[131.1984,33.61518],[131.19851,33.61518],[131.19851,33.61473]]]}},{"type":"Feature","properties":{"A40_001":"大分県","A40_002":"44","A40_003":"2m以上 〜 3m未満"},"geometry":{"type":"Polygon","coordinates":[[[131.19625,33.61491],[131.19636,33.615],[131.19636,33.61491],[131.19625,33.61491]]]}},{"type":"Feature","properties":{"A40_001":"大分県","A40_002":"44","A40_003":"3m以上 〜 4m未満"},"geometry":{"type":"Polygon","coordinates":[[[131.1886,33.61492],[131.18871,33.61501],[131.1887,33.61492],[131.1886,33.61492]]]}},{"type":"Feature","properties":{"A40_001":"大分県","A40_002":"44","A40_003":"0.3m以上 〜 1m未満"},"geometry":{"type":"Polygon","coordinates":[[[131.18849,33.61492],[131.1886,33.61501],[131.1886,33.61492],[131.18849,33.61492]]]}},{"type":"Feature","properties":{"A40_001":"大分県","A40_002":"44","A40_003":"0.3m以上 〜 1m未満"},"geometry":{"type":"Polygon","coordinates":[[[131.18827,33.61474],[131.18773,33.61483],[131.18763,33.61519],[131.18817,33.6151],[131.18827,33.61474]]]}},{"type":"Feature","properties":{"A40_001":"大分県","A40_002":"44","A40_003":"0.3m以上 〜 1m未満"},"geometry":{"type":"Polygon","coordinates":[[[131.18957,33.61483],[131.18914,33.61483],[131.18968,33.61537],[131.18957,33.61483]]]}},{"type":"Feature","properties":{"A40_001":"大分県","A40_002":"44","A40_003":"1m以上 〜 2m未満"},"geometry":{"type":"Polygon","coordinates":[[[131.20509,33.61499],[131.20519,33.61508],[131.20519,33.61498],[131.20509,33.61499]]]}},{"type":"Feature","properties":{"A40_001":"大分県","A40_002":"44","A40_003":"0.3m以上 〜 1m未満"},"geometry":{"type":"Polygon","coordinates":[[[131.18827,33.6151],[131.18849,33.61501],[131.18827,33.61501],[131.18827,33.6151]]]}},{"type":"Feature","properties":{"A40_001":"大分県","A40_002":"44","A40_003":"0.3m未満"},"geometry":{"type":"Polygon","coordinates":[[[131.18817,33.61501],[131.18827,33.6151],[131.18827,33.61501],[131.18817,33.61501]]]}},{"type":"Feature","properties":{"A40_001":"大分県","A40_002":"44","A40_003":"0.3m未満"},"geometry":{"type":"Polygon","coordinates":[[[131.18784,33.61501],[131.18795,33.6151],[131.18795,33.61501],[131.18784,33.61501]]]}},{"type":"Feature","properties":{"A40_001":"大分県","A40_002":"44","A40_003":"1m以上 〜 2m未満"},"geometry":{"type":"Polygon","coordinates":[[[131.18569,33.61502],[131.1858,33.61511],[131.1858,33.61502],[131.18569,33.61502]]]}},{"type":"Feature","properties":{"A40_001":"大分県","A40_002":"44","A40_003":"3m以上 〜 4m未満"},"geometry":{"type":"Polygon","coordinates":[[[131.18827,33.6151],[131.18838,33.61519],[131.18838,33.6151],[131.18827,33.6151]]]}},{"type":"Feature","properties":{"A40_001":"大分県","A40_002":"44","A40_003":"1m以上 〜 2m未満"},"geometry":{"type":"Polygon","coordinates":[[[131.20713,33.61498],[131.20692,33.61516],[131.20713,33.61516],[131.20713,33.61498]]]}},{"type":"Feature","properties":{"A40_001":"大分県","A40_002":"44","A40_003":"1m以上 〜 2m未満"},"geometry":{"type":"Polygon","coordinates":[[[131.20821,33.61507],[131.20832,33.61516],[131.20832,33.61507],[131.20821,33.61507]]]}},{"type":"Feature","properties":{"A40_001":"大分県","A40_002":"44","A40_003":"0.3m未満"},"geometry":{"type":"Polygon","coordinates":[[[131.20789,33.61516],[131.20746,33.61507],[131.20724,33.61534],[131.20746,33.61534],[131.20789,33.61516]]]}},{"type":"Feature","properties":{"A40_001":"大分県","A40_002":"44","A40_003":"0.3m未満"},"geometry":{"type":"Polygon","coordinates":[[[131.20703,33.61516],[131.20713,33.61525],[131.20713,33.61516],[131.20703,33.61516]]]}},{"type":"Feature","properties":{"A40_001":"大分県","A40_002":"44","A40_003":"0.3m以上 〜 1m未満"},"geometry":{"type":"Polygon","coordinates":[[[131.20703,33.61525],[131.20638,33.61525],[131.20627,33.61552],[131.20703,33.61525]]]}},{"type":"Feature","properties":{"A40_001":"大分県","A40_002":"44","A40_003":"0.3m未満"},"geometry":{"type":"Polygon","coordinates":[[[131.20649,33.61516],[131.2066,33.61525],[131.2066,33.61516],[131.20649,33.61516]]]}},{"type":"Feature","properties":{"A40_001":"大分県","A40_002":"44","A40_003":"0.3m未満"},"geometry":{"type":"Polygon","coordinates":[[[131.20681,33.61525],[131.20692,33.61534],[131.20692,33.61525],[131.20681,33.61525]]]}},{"type":"Feature","properties":{"A40_001":"大分県","A40_002":"44","A40_003":"1m以上 〜 2m未満"},"geometry":{"type":"Polygon","coordinates":[[[131.20746,33.61534],[131.20757,33.61543],[131.20757,33.61534],[131.20746,33.61534]]]}},{"type":"Feature","properties":{"A40_001":"大分県","A40_002":"44","A40_003":"0.3m未満"},"geometry":{"type":"Polygon","coordinates":[[[131.20713,33.61534],[131.20724,33.61543],[131.20724,33.61534],[131.20713,33.61534]]]}},{"type":"Feature","properties":{"A40_001":"大分県","A40_002":"44","A40_003":"0.3m未満"},"geometry":{"type":"Polygon","coordinates":[[[131.20692,33.61543],[131.20703,33.61552],[131.20703,33.61543],[131.20692,33.61543]]]}},{"type":"Feature","properties":{"A40_001":"大分県","A40_002":"44","A40_003":"0.3m以上 〜 1m未満"},"geometry":{"type":"Polygon","coordinates":[[[131.18817,33.6151],[131.18827,33.61519],[131.18827,33.6151],[131.18817,33.6151]]]}},{"type":"Feature","properties":{"A40_001":"大分県","A40_002":"44","A40_003":"0.3m未満"},"geometry":{"type":"Polygon","coordinates":[[[131.18795,33.61519],[131.18817,33.6151],[131.18795,33.6151],[131.18795,33.61519]]]}},{"type":"Feature","properties":{"A40_001":"大分県","A40_002":"44","A40_003":"0.3m未満"},"geometry":{"type":"Polygon","coordinates":[[[131.18569,33.61511],[131.1859,33.6152],[131.1859,33.61511],[131.18569,33.61511]]]}},{"type":"Feature","properties":{"A40_001":"大分県","A40_002":"44","A40_003":"1m以上 〜 2m未満"},"geometry":{"type":"Polygon","coordinates":[[[131.20649,33.61516],[131.20616,33.61516],[131.20616,33.61534],[131.20649,33.61516]]]}},{"type":"Feature","properties":{"A40_001":"大分県","A40_002":"44","A40_003":"0.3m未満"},"geometry":{"type":"Polygon","coordinates":[[[131.19345,33.61509],[131.19334,33.61527],[131.19345,33.61527],[131.19345,33.61509]]]}},{"type":"Feature","properties":{"A40_001":"大分県","A40_002":"44","A40_003":"2m以上 〜 3m未満"},"geometry":{"type":"Polygon","coordinates":[[[131.20487,33.61517],[131.20498,33.61526],[131.20498,33.61517],[131.20487,33.61517]]]}},{"type":"Feature","properties":{"A40_001":"大分県","A40_002":"44","A40_003":"0.3m以上 〜 1m未満"},"geometry":{"type":"Polygon","coordinates":[[[131.19647,33.61536],[131.19625,33.61518],[131.19625,33.61536],[131.19647,33.61536]]]}},{"type":"Feature","properties":{"A40_001":"大分県","A40_002":"44","A40_003":"0.3m以上 〜 1m未満"},"geometry":{"type":"Polygon","coordinates":[[[131.18817,33.61528],[131.18784,33.61528],[131.18763,33.61546],[131.18817,33.61528]]]}},{"type":"Feature","properties":{"A40_001":"大分県","A40_002":"44","A40_003":"0.3m以上 〜 1m未満"},"geometry":{"type":"Polygon","coordinates":[[[131.1859,33.6152],[131.1858,33.61538],[131.1859,33.61538],[131.1859,33.6152]]]}},{"type":"Feature","properties":{"A40_001":"大分県","A40_002":"44","A40_003":"3m以上 〜 4m未満"},"geometry":{"type":"Polygon","coordinates":[[[131.18795,33.61528],[131.18806,33.61537],[131.18806,33.61528],[131.18795,33.61528]]]}},{"type":"Feature","properties":{"A40_001":"大分県","A40_002":"44","A40_003":"0.3m未満"},"geometry":{"type":"Polygon","coordinates":[[[131.1859,33.61529],[131.18601,33.61538],[131.18601,33.61529],[131.1859,33.61529]]]}},{"type":"Feature","properties":{"A40_001":"大分県","A40_002":"44","A40_003":"0.3m未満"},"geometry":{"type":"Polygon","coordinates":[[[131.19356,33.61527],[131.19345,33.61545],[131.19356,33.61545],[131.19356,33.61527]]]}},{"type":"Feature","properties":{"A40_001":"大分県","A40_002":"44","A40_003":"1m以上 〜 2m未満"},"geometry":{"type":"Polygon","coordinates":[[[131.20606,33.61534],[131.20616,33.61543],[131.20616,33.61534],[131.20606,33.61534]]]}},{"type":"Feature","properties":{"A40_001":"大分県","A40_002":"44","A40_003":"2m以上 〜 3m未満"},"geometry":{"type":"Polygon","coordinates":[[[131.20358,33.61535],[131.20369,33.61544],[131.20369,33.61535],[131.20358,33.61535]]]}},{"type":"Feature","properties":{"A40_001":"大分県","A40_002":"44","A40_003":"0.3m以上 〜 1m未満"},"geometry":{"type":"Polygon","coordinates":[[[131.18709,33.61537],[131.1872,33.61546],[131.1872,33.61537],[131.18709,33.61537]]]}},{"type":"Feature","properties":{"A40_001":"大分県","A40_002":"44","A40_003":"1m以上 〜 2m未満"},"geometry":{"type":"Polygon","coordinates":[[[131.1859,33.61538],[131.18601,33.61547],[131.18601,33.61538],[131.1859,33.61538]]]}},{"type":"Feature","properties":{"A40_001":"大分県","A40_002":"44","A40_003":"1m以上 〜 2m未満"},"geometry":{"type":"Polygon","coordinates":[[[131.19657,33.61527],[131.19636,33.61554],[131.19668,33.61563],[131.19657,33.61527]]]}},{"type":"Feature","properties":{"A40_001":"大分県","A40_002":"44","A40_003":"0.3m以上 〜 1m未満"},"geometry":{"type":"Polygon","coordinates":[[[131.20606,33.61543],[131.20617,33.61552],[131.20616,33.61543],[131.20606,33.61543]]]}},{"type":"Feature","properties":{"A40_001":"大分県","A40_002":"44","A40_003":"1m以上 〜 2m未満"},"geometry":{"type":"Polygon","coordinates":[[[131.19841,33.61545],[131.19851,33.61554],[131.19851,33.61545],[131.19841,33.61545]]]}},{"type":"Feature","properties":{"A40_001":"大分県","A40_002":"44","A40_003":"0.3m以上 〜 1m未満"},"geometry":{"type":"Polygon","coordinates":[[[131.18989,33.61537],[131.18978,33.61564],[131.18989,33.61564],[131.18989,33.61537]]]}},{"type":"Feature","properties":{"A40_001":"大分県","A40_002":"44","A40_003":"3m以上 〜 4m未満"},"geometry":{"type":"Polygon","coordinates":[[[131.18795,33.61546],[131.18806,33.61555],[131.18806,33.61546],[131.18795,33.61546]]]}},{"type":"Feature","properties":{"A40_001":"大分県","A40_002":"44","A40_003":"3m以上 〜 4m未満"},"geometry":{"type":"Polygon","coordinates":[[[131.18763,33.61546],[131.18774,33.61555],[131.18774,33.61546],[131.18763,33.61546]]]}},{"type":"Feature","properties":{"A40_001":"大分県","A40_002":"44","A40_003":"0.3m以上 〜 1m未満"},"geometry":{"type":"Polygon","coordinates":[[[131.18752,33.61546],[131.18763,33.61555],[131.18763,33.61546],[131.18752,33.61546]]]}},{"type":"Feature","properties":{"A40_001":"大分県","A40_002":"44","A40_003":"1m以上 〜 2m未満"},"geometry":{"type":"Polygon","coordinates":[[[131.20606,33.61543],[131.20584,33.61562],[131.20606,33.61561],[131.20606,33.61543]]]}},{"type":"Feature","properties":{"A40_001":"大分県","A40_002":"44","A40_003":"0.3m未満"},"geometry":{"type":"Polygon","coordinates":[[[131.20627,33.61552],[131.20638,33.61561],[131.20638,33.61552],[131.20627,33.61552]]]}},{"type":"Feature","properties":{"A40_001":"大分県","A40_002":"44","A40_003":"0.3m以上 〜 1m未満"},"geometry":{"type":"Polygon","coordinates":[[[131.20617,33.61552],[131.20627,33.61561],[131.20627,33.61552],[131.20617,33.61552]]]}},{"type":"Feature","properties":{"A40_001":"大分県","A40_002":"44","A40_003":"0.3m以上 〜 1m未満"},"geometry":{"type":"Polygon","coordinates":[[[131.20272,33.61553],[131.20282,33.61562],[131.20282,33.61553],[131.20272,33.61553]]]}},{"type":"Feature","properties":{"A40_001":"大分県","A40_002":"44","A40_003":"1m以上 〜 2m未満"},"geometry":{"type":"Polygon","coordinates":[[[131.19787,33.61563],[131.19765,33.61545],[131.19765,33.61581],[131.19787,33.61563]]]}},{"type":"Feature","properties":{"A40_001":"大分県","A40_002":"44","A40_003":"0.3m以上 〜 1m未満"},"geometry":{"type":"Polygon","coordinates":[[[131.18601,33.61556],[131.18612,33.61565],[131.18612,33.61556],[131.18601,33.61556]]]}},{"type":"Feature","properties":{"A40_001":"大分県","A40_002":"44","A40_003":"1m以上 〜 2m未満"},"geometry":{"type":"Polygon","coordinates":[[[131.19862,33.61554],[131.19851,33.61572],[131.19862,33.61572],[131.19862,33.61554]]]}},{"type":"Feature","properties":{"A40_001":"大分県","A40_002":"44","A40_003":"0.3m以上 〜 1m未満"},"geometry":{"type":"Polygon","coordinates":[[[131.1984,33.61509],[131.19797,33.61518],[131.19798,33.61617],[131.19841,33.61599],[131.1984,33.61509]]]}},{"type":"Feature","properties":{"A40_001":"大分県","A40_002":"44","A40_003":"0.3m以上 〜 1m未満"},"geometry":{"type":"Polygon","coordinates":[[[131.20584,33.61562],[131.20595,33.61571],[131.20595,33.61561],[131.20584,33.61562]]]}},{"type":"Feature","properties":{"A40_001":"大分県","A40_002":"44","A40_003":"2m以上 〜 3m未満"},"geometry":{"type":"Polygon","coordinates":[[[131.20444,33.61562],[131.20455,33.61571],[131.20455,33.61562],[131.20444,33.61562]]]}},{"type":"Feature","properties":{"A40_001":"大分県","A40_002":"44","A40_003":"0.3m以上 〜 1m未満"},"geometry":{"type":"Polygon","coordinates":[[[131.19356,33.61563],[131.19366,33.61572],[131.19366,33.61563],[131.19356,33.61563]]]}},{"type":"Feature","properties":{"A40_001":"大分県","A40_002":"44","A40_003":"3m以上 〜 4m未満"},"geometry":{"type":"Polygon","coordinates":[[[131.18784,33.61564],[131.18795,33.61573],[131.18795,33.61564],[131.18784,33.61564]]]}},{"type":"Feature","properties":{"A40_001":"大分県","A40_002":"44","A40_003":"3m以上 〜 4m未満"},"geometry":{"type":"Polygon","coordinates":[[[131.18731,33.61564],[131.18741,33.61573],[131.18741,33.61564],[131.18731,33.61564]]]}},{"type":"Feature","properties":{"A40_001":"大分県","A40_002":"44","A40_003":"0.3m以上 〜 1m未満"},"geometry":{"type":"Polygon","coordinates":[[[131.1872,33.61546],[131.18677,33.61592],[131.18752,33.61555],[131.1872,33.61546]]]}},{"type":"Feature","properties":{"A40_001":"大分県","A40_002":"44","A40_003":"0.3m以上 〜 1m未満"},"geometry":{"type":"Polygon","coordinates":[[[131.19668,33.61581],[131.19647,33.61563],[131.19647,33.61581],[131.19668,33.61581]]]}},{"type":"Feature","properties":{"A40_001":"大分県","A40_002":"44","A40_003":"0.3m以上 〜 1m未満"},"geometry":{"type":"Polygon","coordinates":[[[131.19,33.61564],[131.18989,33.61582],[131.19,33.61582],[131.19,33.61564]]]}},{"type":"Feature","properties":{"A40_001":"大分県","A40_002":"44","A40_003":"1m以上 〜 2m未満"},"geometry":{"type":"Polygon","coordinates":[[[131.20444,33.61571],[131.20455,33.6158],[131.20455,33.61571],[131.20444,33.61571]]]}},{"type":"Feature","properties":{"A40_001":"大分県","A40_002":"44","A40_003":"0.3m未満"},"geometry":{"type":"Polygon","coordinates":[[[131.20649,33.61561],[131.2067,33.6157],[131.2067,33.61561],[131.20649,33.61561]]]}},{"type":"Feature","properties":{"A40_001":"大分県","A40_002":"44","A40_003":"0.3m以上 〜 1m未満"},"geometry":{"type":"Polygon","coordinates":[[[131.20433,33.61571],[131.20444,33.6158],[131.20444,33.61571],[131.20433,33.61571]]]}},{"type":"Feature","properties":{"A40_001":"大分県","A40_002":"44","A40_003":"3m以上 〜 4m未満"},"geometry":{"type":"Polygon","coordinates":[[[131.18817,33.61573],[131.18828,33.61582],[131.18828,33.61573],[131.18817,33.61573]]]}},{"type":"Feature","properties":{"A40_001":"大分県","A40_002":"44","A40_003":"0.3m未満"},"geometry":{"type":"Polygon","coordinates":[[[131.18795,33.61537],[131.18795,33.61582],[131.18849,33.61618],[131.18795,33.61537]]]}},{"type":"Feature","properties":{"A40_001":"大分県","A40_002":"44","A40_003":"3m以上 〜 4m未満"},"geometry":{"type":"Polygon","coordinates":[[[131.18709,33.61573],[131.1872,33.61582],[131.1872,33.61573],[131.18709,33.61573]]]}},{"type":"Feature","properties":{"A40_001":"大分県","A40_002":"44","A40_003":"0.3m以上 〜 1m未満"},"geometry":{"type":"Polygon","coordinates":[[[131.18655,33.61574],[131.18666,33.61583],[131.18666,33.61574],[131.18655,33.61574]]]}},{"type":"Feature","properties":{"A40_001":"大分県","A40_002":"44","A40_003":"0.3m以上 〜 1m未満"},"geometry":{"type":"Polygon","coordinates":[[[131.18612,33.61574],[131.18623,33.61583],[131.18623,33.61574],[131.18612,33.61574]]]}},{"type":"Feature","properties":{"A40_001":"大分県","A40_002":"44","A40_003":"0.3m以上 〜 1m未満"},"geometry":{"type":"Polygon","coordinates":[[[131.19,33.61582],[131.19011,33.61591],[131.19011,33.61582],[131.19,33.61582]]]}},{"type":"Feature","properties":{"A40_001":"大分県","A40_002":"44","A40_003":"1m以上 〜 2m未満"},"geometry":{"type":"Polygon","coordinates":[[[131.20606,33.61589],[131.20617,33.61598],[131.20617,33.61588],[131.20606,33.61589]]]}},{"type":"Feature","properties":{"A40_001":"大分県","A40_002":"44","A40_003":"0.3m以上 〜 1m未満"},"geometry":{"type":"Polygon","coordinates":[[[131.2052,33.61589],[131.2053,33.61598],[131.2053,33.61589],[131.2052,33.61589]]]}},{"type":"Feature","properties":{"A40_001":"大分県","A40_002":"44","A40_003":"1m以上 〜 2m未満"},"geometry":{"type":"Polygon","coordinates":[[[131.19711,33.61581],[131.19657,33.6159],[131.19711,33.61617],[131.19711,33.61581]]]}},{"type":"Feature","properties":{"A40_001":"大分県","A40_002":"44","A40_003":"3m以上 〜 4m未満"},"geometry":{"type":"Polygon","coordinates":[[[131.18806,33.61591],[131.18817,33.616],[131.18817,33.61591],[131.18806,33.61591]]]}},{"type":"Feature","properties":{"A40_001":"大分県","A40_002":"44","A40_003":"3m以上 〜 4m未満"},"geometry":{"type":"Polygon","coordinates":[[[131.18677,33.61592],[131.18688,33.61601],[131.18688,33.61592],[131.18677,33.61592]]]}},{"type":"Feature","properties":{"A40_001":"大分県","A40_002":"44","A40_003":"1m以上 〜 2m未満"},"geometry":{"type":"Polygon","coordinates":[[[131.20584,33.61598],[131.20595,33.61607],[131.20595,33.61598],[131.20584,33.61598]]]}},{"type":"Feature","properties":{"A40_001":"大分県","A40_002":"44","A40_003":"0.3m以上 〜 1m未満"},"geometry":{"type":"Polygon","coordinates":[[[131.20552,33.61598],[131.20563,33.61607],[131.20563,33.61598],[131.20552,33.61598]]]}},{"type":"Feature","properties":{"A40_001":"大分県","A40_002":"44","A40_003":"1m以上 〜 2m未満"},"geometry":{"type":"Polygon","coordinates":[[[131.20584,33.6158],[131.20498,33.61589],[131.20509,33.61643],[131.20584,33.6158]]]}},{"type":"Feature","properties":{"A40_001":"大分県","A40_002":"44","A40_003":"2m以上 〜 3m未満"},"geometry":{"type":"Polygon","coordinates":[[[131.20304,33.61598],[131.20315,33.61607],[131.20315,33.61598],[131.20304,33.61598]]]}},{"type":"Feature","properties":{"A40_001":"大分県","A40_002":"44","A40_003":"2m以上 〜 3m未満"},"geometry":{"type":"Polygon","coordinates":[[[131.19819,33.61608],[131.19841,33.61599],[131.19819,33.61599],[131.19819,33.61608]]]}},{"type":"Feature","properties":{"A40_001":"大分県","A40_002":"44","A40_003":"0.3m以上 〜 1m未満"},"geometry":{"type":"Polygon","coordinates":[[[131.19011,33.616],[131.19022,33.61609],[131.19022,33.616],[131.19011,33.616]]]}},{"type":"Feature","properties":{"A40_001":"大分県","A40_002":"44","A40_003":"3m以上 〜 4m未満"},"geometry":{"type":"Polygon","coordinates":[[[131.18838,33.616],[131.18849,33.61609],[131.18849,33.616],[131.18838,33.616]]]}},{"type":"Feature","properties":{"A40_001":"大分県","A40_002":"44","A40_003":"3m以上 〜 4m未満"},"geometry":{"type":"Polygon","coordinates":[[[131.18817,33.616],[131.18828,33.61609],[131.18828,33.616],[131.18817,33.616]]]}},{"type":"Feature","properties":{"A40_001":"大分県","A40_002":"44","A40_003":"1m以上 〜 2m未満"},"geometry":{"type":"Polygon","coordinates":[[[131.19938,33.61617],[131.19916,33.61599],[131.19916,33.61608],[131.19938,33.61617]]]}},{"type":"Feature","properties":{"A40_001":"大分県","A40_002":"44","A40_003":"0.3m以上 〜 1m未満"},"geometry":{"type":"Polygon","coordinates":[[[131.19679,33.61608],[131.19657,33.61599],[131.1969,33.61626],[131.19679,33.61608]]]}},{"type":"Feature","properties":{"A40_001":"大分県","A40_002":"44","A40_003":"1m以上 〜 2m未満"},"geometry":{"type":"Polygon","coordinates":[[[131.20574,33.61607],[131.20584,33.61616],[131.20584,33.61607],[131.20574,33.61607]]]}},{"type":"Feature","properties":{"A40_001":"大分県","A40_002":"44","A40_003":"0.3m未満"},"geometry":{"type":"Polygon","coordinates":[[[131.20563,33.61607],[131.20574,33.61616],[131.20574,33.61607],[131.20563,33.61607]]]}},{"type":"Feature","properties":{"A40_001":"大分県","A40_002":"44","A40_003":"1m以上 〜 2m未満"},"geometry":{"type":"Polygon","coordinates":[[[131.19895,33.61608],[131.19905,33.61617],[131.19905,33.61608],[131.19895,33.61608]]]}},{"type":"Feature","properties":{"A40_001":"大分県","A40_002":"44","A40_003":"1m以上 〜 2m未満"},"geometry":{"type":"Polygon","coordinates":[[[131.19765,33.61608],[131.19776,33.61617],[131.19776,33.61608],[131.19765,33.61608]]]}},{"type":"Feature","properties":{"A40_001":"大分県","A40_002":"44","A40_003":"0.3m以上 〜 1m未満"},"geometry":{"type":"Polygon","coordinates":[[[131.19366,33.61609],[131.19377,33.61618],[131.19377,33.61609],[131.19366,33.61609]]]}},{"type":"Feature","properties":{"A40_001":"大分県","A40_002":"44","A40_003":"0.3m以上 〜 1m未満"},"geometry":{"type":"Polygon","coordinates":[[[131.19022,33.61609],[131.19032,33.61618],[131.19032,33.61609],[131.19022,33.61609]]]}},{"type":"Feature","properties":{"A40_001":"大分県","A40_002":"44","A40_003":"0.3m未満"},"geometry":{"type":"Polygon","coordinates":[[[131.19377,33.61591],[131.19313,33.61591],[131.19334,33.61681],[131.19377,33.61663],[131.19377,33.61591]],[[131.19366,33.61591],[131.19356,33.616],[131.19356,33.61591],[131.19366,33.61591]]]}},{"type":"Feature","properties":{"A40_001":"大分県","A40_002":"44","A40_003":"0.3m以上 〜 1m未満"},"geometry":{"type":"Polygon","coordinates":[[[131.18677,33.61592],[131.18688,33.61646],[131.18709,33.61637],[131.18677,33.61592]]]}},{"type":"Feature","properties":{"A40_001":"大分県","A40_002":"44","A40_003":"1m以上 〜 2m未満"},"geometry":{"type":"Polygon","coordinates":[[[131.20563,33.61616],[131.20574,33.61625],[131.20574,33.61616],[131.20563,33.61616]]]}},{"type":"Feature","properties":{"A40_001":"大分県","A40_002":"44","A40_003":"0.3m以上 〜 1m未満"},"geometry":{"type":"Polygon","coordinates":[[[131.20552,33.61616],[131.20563,33.61625],[131.20563,33.61616],[131.20552,33.61616]]]}},{"type":"Feature","properties":{"A40_001":"大分県","A40_002":"44","A40_003":"2m以上 〜 3m未満"},"geometry":{"type":"Polygon","coordinates":[[[131.20412,33.61616],[131.20423,33.61625],[131.20423,33.61616],[131.20412,33.61616]]]}},{"type":"Feature","properties":{"A40_001":"大分県","A40_002":"44","A40_003":"0.3m以上 〜 1m未満"},"geometry":{"type":"Polygon","coordinates":[[[131.19927,33.61608],[131.19916,33.61635],[131.19938,33.61626],[131.19927,33.61608]]]}},{"type":"Feature","properties":{"A40_001":"大分県","A40_002":"44","A40_003":"2m以上 〜 3m未満"},"geometry":{"type":"Polygon","coordinates":[[[131.19798,33.61617],[131.19808,33.61626],[131.19808,33.61617],[131.19798,33.61617]]]}},{"type":"Feature","properties":{"A40_001":"大分県","A40_002":"44","A40_003":"1m以上 〜 2m未満"},"geometry":{"type":"Polygon","coordinates":[[[131.19733,33.61626],[131.19754,33.61617],[131.19733,33.61617],[131.19733,33.61626]]]}},{"type":"Feature","properties":{"A40_001":"大分県","A40_002":"44","A40_003":"0.3m以上 〜 1m未満"},"geometry":{"type":"Polygon","coordinates":[[[131.19711,33.61617],[131.19733,33.61626],[131.19733,33.61617],[131.19711,33.61617]]]}},{"type":"Feature","properties":{"A40_001":"大分県","A40_002":"44","A40_003":"0.3m未満"},"geometry":{"type":"Polygon","coordinates":[[[131.19701,33.61617],[131.19711,33.61626],[131.19711,33.61617],[131.19701,33.61617]]]}},{"type":"Feature","properties":{"A40_001":"大分県","A40_002":"44","A40_003":"3m以上 〜 4m未満"},"geometry":{"type":"Polygon","coordinates":[[[131.18828,33.61618],[131.18849,33.61627],[131.18849,33.61618],[131.18828,33.61618]]]}},{"type":"Feature","properties":{"A40_001":"大分県","A40_002":"44","A40_003":"1m以上 〜 2m未満"},"geometry":{"type":"Polygon","coordinates":[[[131.19851,33.6159],[131.19798,33.61644],[131.19981,33.61671],[131.19948,33.61626],[131.19884,33.61644],[131.19851,33.6159]]]}},{"type":"Feature","properties":{"A40_001":"大分県","A40_002":"44","A40_003":"1m以上 〜 2m未満"},"geometry":{"type":"Polygon","coordinates":[[[131.19798,33.61617],[131.19755,33.61626],[131.19755,33.61635],[131.19787,33.61635],[131.19798,33.61617]]]}},{"type":"Feature","properties":{"A40_001":"大分県","A40_002":"44","A40_003":"1m以上 〜 2m未満"},"geometry":{"type":"Polygon","coordinates":[[[131.20552,33.61625],[131.20563,33.61634],[131.20563,33.61625],[131.20552,33.61625]]]}},{"type":"Feature","properties":{"A40_001":"大分県","A40_002":"44","A40_003":"0.3m未満"},"geometry":{"type":"Polygon","coordinates":[[[131.2053,33.61625],[131.20552,33.61634],[131.20552,33.61625],[131.2053,33.61625]]]}},{"type":"Feature","properties":{"A40_001":"大分県","A40_002":"44","A40_003":"2m以上 〜 3m未満"},"geometry":{"type":"Polygon","coordinates":[[[131.2052,33.61625],[131.2053,33.61634],[131.2053,33.61625],[131.2052,33.61625]]]}},{"type":"Feature","properties":{"A40_001":"大分県","A40_002":"44","A40_003":"2m以上 〜 3m未満"},"geometry":{"type":"Polygon","coordinates":[[[131.20423,33.61625],[131.20444,33.61634],[131.20444,33.61625],[131.20423,33.61625]]]}},{"type":"Feature","properties":{"A40_001":"大分県","A40_002":"44","A40_003":"0.3m未満"},"geometry":{"type":"Polygon","coordinates":[[[131.19927,33.61626],[131.19938,33.61635],[131.19938,33.61626],[131.19927,33.61626]]]}},{"type":"Feature","properties":{"A40_001":"大分県","A40_002":"44","A40_003":"1m以上 〜 2m未満"},"geometry":{"type":"Polygon","coordinates":[[[131.19905,33.61626],[131.19916,33.61635],[131.19916,33.61626],[131.19905,33.61626]]]}},{"type":"Feature","properties":{"A40_001":"大分県","A40_002":"44","A40_003":"2m以上 〜 3m未満"},"geometry":{"type":"Polygon","coordinates":[[[131.19787,33.61626],[131.19798,33.61635],[131.19798,33.61626],[131.19787,33.61626]]]}},{"type":"Feature","properties":{"A40_001":"大分県","A40_002":"44","A40_003":"1m以上 〜 2m未満"},"geometry":{"type":"Polygon","coordinates":[[[131.20541,33.61634],[131.20552,33.61643],[131.20552,33.61634],[131.20541,33.61634]]]}},{"type":"Feature","properties":{"A40_001":"大分県","A40_002":"44","A40_003":"2m以上 〜 3m未満"},"geometry":{"type":"Polygon","coordinates":[[[131.20412,33.61634],[131.20423,33.61643],[131.20423,33.61634],[131.20412,33.61634]]]}},{"type":"Feature","properties":{"A40_001":"大分県","A40_002":"44","A40_003":"0.3m以上 〜 1m未満"},"geometry":{"type":"Polygon","coordinates":[[[131.20175,33.61625],[131.20164,33.61652],[131.20175,33.61652],[131.20175,33.61625]]]}},{"type":"Feature","properties":{"A40_001":"大分県","A40_002":"44","A40_003":"0.3m以上 〜 1m未満"},"geometry":{"type":"Polygon","coordinates":[[[131.19927,33.61635],[131.19938,33.61644],[131.19938,33.61635],[131.19927,33.61635]]]}},{"type":"Feature","properties":{"A40_001":"大分県","A40_002":"44","A40_003":"0.3m未満"},"geometry":{"type":"Polygon","coordinates":[[[131.19916,33.61635],[131.19927,33.61644],[131.19927,33.61635],[131.19916,33.61635]]]}},{"type":"Feature","properties":{"A40_001":"大分県","A40_002":"44","A40_003":"0.3m以上 〜 1m未満"},"geometry":{"type":"Polygon","coordinates":[[[131.19787,33.61635],[131.19798,33.61644],[131.19798,33.61635],[131.19787,33.61635]]]}},{"type":"Feature","properties":{"A40_001":"大分県","A40_002":"44","A40_003":"0.3m未満"},"geometry":{"type":"Polygon","coordinates":[[[131.19776,33.61635],[131.19787,33.61644],[131.19787,33.61635],[131.19776,33.61635]]]}},{"type":"Feature","properties":{"A40_001":"大分県","A40_002":"44","A40_003":"0.3m未満"},"geometry":{"type":"Polygon","coordinates":[[[131.19377,33.61636],[131.19388,33.61645],[131.19388,33.61636],[131.19377,33.61636]]]}},{"type":"Feature","properties":{"A40_001":"大分県","A40_002":"44","A40_003":"2m以上 〜 3m未満"},"geometry":{"type":"Polygon","coordinates":[[[131.19011,33.61645],[131.19032,33.61636],[131.19011,33.61636],[131.19011,33.61645]]]}},{"type":"Feature","properties":{"A40_001":"大分県","A40_002":"44","A40_003":"0.3m以上 〜 1m未満"},"geometry":{"type":"Polygon","coordinates":[[[131.20369,33.61625],[131.20304,33.61625],[131.20304,33.61643],[131.20337,33.61661],[131.20369,33.61625]]]}},{"type":"Feature","properties":{"A40_001":"大分県","A40_002":"44","A40_003":"0.3m以上 〜 1m未満"},"geometry":{"type":"Polygon","coordinates":[[[131.19054,33.61645],[131.19032,33.61645],[131.19,33.61663],[131.19054,33.61645]]]}},{"type":"Feature","properties":{"A40_001":"大分県","A40_002":"44","A40_003":"2m以上 〜 3m未満"},"geometry":{"type":"Polygon","coordinates":[[[131.2039,33.61652],[131.20412,33.61643],[131.2039,33.61643],[131.2039,33.61652]]]}},{"type":"Feature","properties":{"A40_001":"大分県","A40_002":"44","A40_003":"0.3m以上 〜 1m未満"},"geometry":{"type":"Polygon","coordinates":[[[131.20369,33.61643],[131.2038,33.61652],[131.2038,33.61643],[131.20369,33.61643]]]}},{"type":"Feature","properties":{"A40_001":"大分県","A40_002":"44","A40_003":"0.3m以上 〜 1m未満"},"geometry":{"type":"Polygon","coordinates":[[[131.19916,33.61644],[131.19927,33.61653],[131.19927,33.61644],[131.19916,33.61644]]]}},{"type":"Feature","properties":{"A40_001":"大分県","A40_002":"44","A40_003":"0.3m以上 〜 1m未満"},"geometry":{"type":"Polygon","coordinates":[[[131.19852,33.61644],[131.19862,33.61653],[131.19862,33.61644],[131.19852,33.61644]]]}},{"type":"Feature","properties":{"A40_001":"大分県","A40_002":"44","A40_003":"0.3m未満"},"geometry":{"type":"Polygon","coordinates":[[[131.19841,33.61644],[131.19852,33.61653],[131.19852,33.61644],[131.19841,33.61644]]]}},{"type":"Feature","properties":{"A40_001":"大分県","A40_002":"44","A40_003":"2m以上 〜 3m未満"},"geometry":{"type":"Polygon","coordinates":[[[131.18989,33.61645],[131.19011,33.61654],[131.19011,33.61645],[131.18989,33.61645]]]}},{"type":"Feature","properties":{"A40_001":"大分県","A40_002":"44","A40_003":"1m以上 〜 2m未満"},"geometry":{"type":"Polygon","coordinates":[[[131.20498,33.61643],[131.20487,33.61661],[131.20498,33.61661],[131.20498,33.61643]]]}},{"type":"Feature","properties":{"A40_001":"大分県","A40_002":"44","A40_003":"2m以上 〜 3m未満"},"geometry":{"type":"Polygon","coordinates":[[[131.20434,33.61643],[131.20423,33.61661],[131.20434,33.61661],[131.20434,33.61643]]]}},{"type":"Feature","properties":{"A40_001":"大分県","A40_002":"44","A40_003":"1m以上 〜 2m未満"},"geometry":{"type":"Polygon","coordinates":[[[131.20175,33.61616],[131.20142,33.61625],[131.20132,33.6167],[131.20089,33.61616],[131.19981,33.6168],[131.20229,33.61688],[131.20175,33.61616]],[[131.20164,33.61625],[131.20175,33.61652],[131.20164,33.61652],[131.20164,33.61625]],[[131.20143,33.6167],[131.20153,33.61679],[131.20143,33.61679],[131.20143,33.6167]]]}},{"type":"Feature","properties":{"A40_001":"大分県","A40_002":"44","A40_003":"0.3m未満"},"geometry":{"type":"Polygon","coordinates":[[[131.18773,33.61483],[131.18612,33.61556],[131.1872,33.61826],[131.18806,33.61781],[131.18666,33.61682],[131.18655,33.61592],[131.18784,33.61528],[131.18773,33.61483]],[[131.18687,33.61528],[131.18698,33.61537],[131.18687,33.61537],[131.18687,33.61528]],[[131.18731,33.6179],[131.1872,33.61772],[131.18731,33.61772],[131.18731,33.6179]],[[131.1872,33.61546],[131.18709,33.61537],[131.1872,33.61537],[131.1872,33.61546]],[[131.18655,33.61583],[131.18666,33.61574],[131.18666,33.61583],[131.18655,33.61583]]]}},{"type":"Feature","properties":{"A40_001":"大分県","A40_002":"44","A40_003":"0.3m未満"},"geometry":{"type":"Polygon","coordinates":[[[131.18698,33.61646],[131.18688,33.61664],[131.18698,33.61664],[131.18698,33.61646]]]}},{"type":"Feature","properties":{"A40_001":"大分県","A40_002":"44","A40_003":"0.3m以上 〜 1m未満"},"geometry":{"type":"Polygon","coordinates":[[[131.20498,33.61652],[131.20509,33.61661],[131.20509,33.61652],[131.20498,33.61652]]]}},{"type":"Feature","properties":{"A40_001":"大分県","A40_002":"44","A40_003":"0.3m以上 〜 1m未満"},"geometry":{"type":"Polygon","coordinates":[[[131.2025,33.61661],[131.20272,33.61652],[131.2025,33.61652],[131.2025,33.61661]]]}},{"type":"Feature","properties":{"A40_001":"大分県","A40_002":"44","A40_003":"0.3m以上 〜 1m未満"},"geometry":{"type":"Polygon","coordinates":[[[131.19895,33.61653],[131.19905,33.61662],[131.19905,33.61653],[131.19895,33.61653]]]}},{"type":"Feature","properties":{"A40_001":"大分県","A40_002":"44","A40_003":"0.3m未満"},"geometry":{"type":"Polygon","coordinates":[[[131.1969,33.61653],[131.19701,33.61662],[131.19701,33.61653],[131.1969,33.61653]]]}},{"type":"Feature","properties":{"A40_001":"大分県","A40_002":"44","A40_003":"0.3m以上 〜 1m未満"},"geometry":{"type":"Polygon","coordinates":[[[131.19388,33.61645],[131.19377,33.61672],[131.19388,33.61672],[131.19388,33.61645]]]}},{"type":"Feature","properties":{"A40_001":"大分県","A40_002":"44","A40_003":"0.3m以上 〜 1m未満"},"geometry":{"type":"Polygon","coordinates":[[[131.19054,33.61654],[131.19065,33.61663],[131.19065,33.61654],[131.19054,33.61654]]]}},{"type":"Feature","properties":{"A40_001":"大分県","A40_002":"44","A40_003":"0.3m未満"},"geometry":{"type":"Polygon","coordinates":[[[131.18946,33.61402],[131.18827,33.61501],[131.18935,33.61465],[131.19054,33.61645],[131.18957,33.61699],[131.18892,33.61663],[131.18871,33.61681],[131.18968,33.6178],[131.18936,33.61708],[131.18989,33.61699],[131.19065,33.61654],[131.1913,33.61753],[131.18861,33.61889],[131.1885,33.61934],[131.19281,33.61717],[131.19216,33.61672],[131.19248,33.61636],[131.19183,33.61627],[131.19237,33.61564],[131.19151,33.616],[131.19032,33.61411],[131.18946,33.61402]],[[131.18924,33.61465],[131.18914,33.61456],[131.18924,33.61456],[131.18924,33.61465]],[[131.19097,33.61699],[131.19108,33.61681],[131.19108,33.61699],[131.19097,33.61699]],[[131.19227,33.61735],[131.19216,33.61726],[131.19227,33.61726],[131.19227,33.61735]],[[131.19108,33.61555],[131.19097,33.61564],[131.19097,33.61555],[131.19108,33.61555]],[[131.19097,33.61555],[131.19086,33.61546],[131.19097,33.61546],[131.19097,33.61555]],[[131.18924,33.61447],[131.18935,33.61438],[131.18935,33.61447],[131.18924,33.61447]],[[131.18946,33.61456],[131.18957,33.61465],[131.18946,33.61465],[131.18946,33.61456]],[[131.19119,33.61591],[131.19129,33.616],[131.19119,33.616],[131.19119,33.61591]],[[131.19194,33.61717],[131.19151,33.61735],[131.19162,33.61708],[131.19194,33.61717]],[[131.19119,33.61672],[131.19119,33.61636],[131.1914,33.61672],[131.19119,33.61672]],[[131.1899,33.61853],[131.18979,33.61844],[131.1899,33.61844],[131.1899,33.61853]],[[131.18925,33.61871],[131.18936,33.6188],[131.18925,33.6188],[131.18925,33.61871]],[[131.18893,33.61889],[131.18904,33.61898],[131.18893,33.61898],[131.18893,33.61889]],[[131.18871,33.61898],[131.18882,33.61907],[131.18871,33.61907],[131.18871,33.61898]]]}},{"type":"Feature","properties":{"A40_001":"大分県","A40_002":"44","A40_003":"0.3m未満"},"geometry":{"type":"Polygon","coordinates":[[[131.20477,33.61661],[131.20487,33.6167],[131.20487,33.61661],[131.20477,33.61661]]]}},{"type":"Feature","properties":{"A40_001":"大分県","A40_002":"44","A40_003":"0.3m以上 〜 1m未満"},"geometry":{"type":"Polygon","coordinates":[[[131.19927,33.61662],[131.19938,33.61671],[131.19938,33.61662],[131.19927,33.61662]]]}},{"type":"Feature","properties":{"A40_001":"大分県","A40_002":"44","A40_003":"0.3m以上 〜 1m未満"},"geometry":{"type":"Polygon","coordinates":[[[131.1969,33.61662],[131.19701,33.61671],[131.19701,33.61662],[131.1969,33.61662]]]}},{"type":"Feature","properties":{"A40_001":"大分県","A40_002":"44","A40_003":"3m以上 〜 4m未満"},"geometry":{"type":"Polygon","coordinates":[[[131.19054,33.61663],[131.19065,33.61672],[131.19065,33.61663],[131.19054,33.61663]]]}},{"type":"Feature","properties":{"A40_001":"大分県","A40_002":"44","A40_003":"0.3m以上 〜 1m未満"},"geometry":{"type":"Polygon","coordinates":[[[131.2052,33.61679],[131.20509,33.61661],[131.20498,33.61679],[131.2052,33.61679]]]}},{"type":"Feature","properties":{"A40_001":"大分県","A40_002":"44","A40_003":"0.3m以上 〜 1m未満"},"geometry":{"type":"Polygon","coordinates":[[[131.19,33.61663],[131.18957,33.61672],[131.18957,33.61681],[131.18989,33.61681],[131.19,33.61663]]]}},{"type":"Feature","properties":{"A40_001":"大分県","A40_002":"44","A40_003":"2m以上 〜 3m未満"},"geometry":{"type":"Polygon","coordinates":[[[131.20326,33.61679],[131.2038,33.6167],[131.20326,33.6167],[131.20326,33.61679]]]}},{"type":"Feature","properties":{"A40_001":"大分県","A40_002":"44","A40_003":"0.3m以上 〜 1m未満"},"geometry":{"type":"Polygon","coordinates":[[[131.20143,33.6167],[131.20153,33.61679],[131.20153,33.6167],[131.20143,33.6167]]]}},{"type":"Feature","properties":{"A40_001":"大分県","A40_002":"44","A40_003":"2m以上 〜 3m未満"},"geometry":{"type":"Polygon","coordinates":[[[131.20002,33.61671],[131.20013,33.6168],[131.20013,33.61671],[131.20002,33.61671]]]}},{"type":"Feature","properties":{"A40_001":"大分県","A40_002":"44","A40_003":"0.3m以上 〜 1m未満"},"geometry":{"type":"Polygon","coordinates":[[[131.1997,33.61671],[131.19981,33.6168],[131.19981,33.61671],[131.1997,33.61671]]]}},{"type":"Feature","properties":{"A40_001":"大分県","A40_002":"44","A40_003":"0.3m以上 〜 1m未満"},"geometry":{"type":"Polygon","coordinates":[[[131.19701,33.61671],[131.19712,33.6168],[131.19712,33.61671],[131.19701,33.61671]]]}},{"type":"Feature","properties":{"A40_001":"大分県","A40_002":"44","A40_003":"3m以上 〜 4m未満"},"geometry":{"type":"Polygon","coordinates":[[[131.19065,33.61672],[131.19076,33.61681],[131.19076,33.61672],[131.19065,33.61672]]]}},{"type":"Feature","properties":{"A40_001":"大分県","A40_002":"44","A40_003":"0.3m未満"},"geometry":{"type":"Polygon","coordinates":[[[131.19054,33.61672],[131.19065,33.61681],[131.19065,33.61672],[131.19054,33.61672]]]}},{"type":"Feature","properties":{"A40_001":"大分県","A40_002":"44","A40_003":"3m以上 〜 4m未満"},"geometry":{"type":"Polygon","coordinates":[[[131.18892,33.61672],[131.18903,33.61681],[131.18903,33.61672],[131.18892,33.61672]]]}},{"type":"Feature","properties":{"A40_001":"大分県","A40_002":"44","A40_003":"1m以上 〜 2m未満"},"geometry":{"type":"Polygon","coordinates":[[[131.18698,33.61673],[131.18709,33.61682],[131.18709,33.61673],[131.18698,33.61673]]]}},{"type":"Feature","properties":{"A40_001":"大分県","A40_002":"44","A40_003":"0.3m以上 〜 1m未満"},"geometry":{"type":"Polygon","coordinates":[[[131.2039,33.61679],[131.20401,33.61688],[131.20401,33.61679],[131.2039,33.61679]]]}},{"type":"Feature","properties":{"A40_001":"大分県","A40_002":"44","A40_003":"0.3m未満"},"geometry":{"type":"Polygon","coordinates":[[[131.2038,33.61679],[131.20391,33.61688],[131.2039,33.61679],[131.2038,33.61679]]]}},{"type":"Feature","properties":{"A40_001":"大分県","A40_002":"44","A40_003":"0.3m未満"},"geometry":{"type":"Polygon","coordinates":[[[131.20272,33.61679],[131.20283,33.61688],[131.20283,33.61679],[131.20272,33.61679]]]}},{"type":"Feature","properties":{"A40_001":"大分県","A40_002":"44","A40_003":"0.3m以上 〜 1m未満"},"geometry":{"type":"Polygon","coordinates":[[[131.20229,33.61688],[131.20272,33.61679],[131.20229,33.61679],[131.20229,33.61688]]]}},{"type":"Feature","properties":{"A40_001":"大分県","A40_002":"44","A40_003":"0.3m以上 〜 1m未満"},"geometry":{"type":"Polygon","coordinates":[[[131.20024,33.6168],[131.20035,33.61689],[131.20035,33.6168],[131.20024,33.6168]]]}},{"type":"Feature","properties":{"A40_001":"大分県","A40_002":"44","A40_003":"0.3m未満"},"geometry":{"type":"Polygon","coordinates":[[[131.20013,33.6168],[131.20024,33.61689],[131.20024,33.6168],[131.20013,33.6168]]]}},{"type":"Feature","properties":{"A40_001":"大分県","A40_002":"44","A40_003":"0.3m以上 〜 1m未満"},"geometry":{"type":"Polygon","coordinates":[[[131.19733,33.61689],[131.19755,33.6168],[131.19733,33.6168],[131.19733,33.61689]]]}},{"type":"Feature","properties":{"A40_001":"大分県","A40_002":"44","A40_003":"0.3m未満"},"geometry":{"type":"Polygon","coordinates":[[[131.19722,33.6168],[131.19733,33.61689],[131.19733,33.6168],[131.19722,33.6168]]]}},{"type":"Feature","properties":{"A40_001":"大分県","A40_002":"44","A40_003":"0.3m未満"},"geometry":{"type":"Polygon","coordinates":[[[131.19367,33.6169],[131.19388,33.61681],[131.19367,33.61681],[131.19367,33.6169]]]}},{"type":"Feature","properties":{"A40_001":"大分県","A40_002":"44","A40_003":"0.3m以上 〜 1m未満"},"geometry":{"type":"Polygon","coordinates":[[[131.19076,33.61681],[131.19086,33.6169],[131.19086,33.61681],[131.19076,33.61681]]]}},{"type":"Feature","properties":{"A40_001":"大分県","A40_002":"44","A40_003":"0.3m未満"},"geometry":{"type":"Polygon","coordinates":[[[131.19065,33.61681],[131.19076,33.6169],[131.19076,33.61681],[131.19065,33.61681]]]}},{"type":"Feature","properties":{"A40_001":"大分県","A40_002":"44","A40_003":"1m以上 〜 2m未満"},"geometry":{"type":"Polygon","coordinates":[[[131.18946,33.61681],[131.18957,33.6169],[131.18957,33.61681],[131.18946,33.61681]]]}},{"type":"Feature","properties":{"A40_001":"大分県","A40_002":"44","A40_003":"0.3m以上 〜 1m未満"},"geometry":{"type":"Polygon","coordinates":[[[131.19108,33.61681],[131.19097,33.61699],[131.19108,33.61699],[131.19108,33.61681]]]}},{"type":"Feature","properties":{"A40_001":"大分県","A40_002":"44","A40_003":"0.3m以上 〜 1m未満"},"geometry":{"type":"Polygon","coordinates":[[[131.20423,33.61688],[131.20434,33.61697],[131.20434,33.61688],[131.20423,33.61688]]]}},{"type":"Feature","properties":{"A40_001":"大分県","A40_002":"44","A40_003":"0.3m以上 〜 1m未満"},"geometry":{"type":"Polygon","coordinates":[[[131.20347,33.61697],[131.2038,33.61688],[131.20347,33.61688],[131.20347,33.61697]]]}},{"type":"Feature","properties":{"A40_001":"大分県","A40_002":"44","A40_003":"0.3m未満"},"geometry":{"type":"Polygon","coordinates":[[[131.20326,33.61697],[131.20347,33.61688],[131.20326,33.61688],[131.20326,33.61697]]]}},{"type":"Feature","properties":{"A40_001":"大分県","A40_002":"44","A40_003":"0.3m以上 〜 1m未満"},"geometry":{"type":"Polygon","coordinates":[[[131.19776,33.61689],[131.19787,33.61698],[131.19787,33.61689],[131.19776,33.61689]]]}},{"type":"Feature","properties":{"A40_001":"大分県","A40_002":"44","A40_003":"1m以上 〜 2m未満"},"geometry":{"type":"Polygon","coordinates":[[[131.19755,33.61698],[131.19776,33.61689],[131.19755,33.61689],[131.19755,33.61698]]]}},{"type":"Feature","properties":{"A40_001":"大分県","A40_002":"44","A40_003":"3m以上 〜 4m未満"},"geometry":{"type":"Polygon","coordinates":[[[131.19076,33.6169],[131.19086,33.61699],[131.19086,33.6169],[131.19076,33.6169]]]}},{"type":"Feature","properties":{"A40_001":"大分県","A40_002":"44","A40_003":"0.3m以上 〜 1m未満"},"geometry":{"type":"Polygon","coordinates":[[[131.18936,33.61699],[131.18957,33.6169],[131.18936,33.6169],[131.18936,33.61699]]]}},{"type":"Feature","properties":{"A40_001":"大分県","A40_002":"44","A40_003":"1m以上 〜 2m未満"},"geometry":{"type":"Polygon","coordinates":[[[131.18925,33.6169],[131.18936,33.61699],[131.18936,33.6169],[131.18925,33.6169]]]}},{"type":"Feature","properties":{"A40_001":"大分県","A40_002":"44","A40_003":"3m以上 〜 4m未満"},"geometry":{"type":"Polygon","coordinates":[[[131.18882,33.6169],[131.18893,33.61699],[131.18892,33.6169],[131.18882,33.6169]]]}},{"type":"Feature","properties":{"A40_001":"大分県","A40_002":"44","A40_003":"0.3m以上 〜 1m未満"},"geometry":{"type":"Polygon","coordinates":[[[131.1872,33.61691],[131.18731,33.617],[131.18731,33.61691],[131.1872,33.61691]]]}},{"type":"Feature","properties":{"A40_001":"大分県","A40_002":"44","A40_003":"1m以上 〜 2m未満"},"geometry":{"type":"Polygon","coordinates":[[[131.18709,33.61691],[131.1872,33.617],[131.1872,33.61691],[131.18709,33.61691]]]}},{"type":"Feature","properties":{"A40_001":"大分県","A40_002":"44","A40_003":"0.3m未満"},"geometry":{"type":"Polygon","coordinates":[[[131.20261,33.61697],[131.20272,33.61706],[131.20272,33.61697],[131.20261,33.61697]]]}},{"type":"Feature","properties":{"A40_001":"大分県","A40_002":"44","A40_003":"0.3m以上 〜 1m未満"},"geometry":{"type":"Polygon","coordinates":[[[131.19798,33.61698],[131.19809,33.61707],[131.19809,33.61698],[131.19798,33.61698]]]}},{"type":"Feature","properties":{"A40_001":"大分県","A40_002":"44","A40_003":"1m以上 〜 2m未満"},"geometry":{"type":"Polygon","coordinates":[[[131.19787,33.61698],[131.19798,33.61707],[131.19798,33.61698],[131.19787,33.61698]]]}},{"type":"Feature","properties":{"A40_001":"大分県","A40_002":"44","A40_003":"0.3m以上 〜 1m未満"},"geometry":{"type":"Polygon","coordinates":[[[131.19086,33.61699],[131.19097,33.61708],[131.19097,33.61699],[131.19086,33.61699]]]}},{"type":"Feature","properties":{"A40_001":"大分県","A40_002":"44","A40_003":"0.3m未満"},"geometry":{"type":"Polygon","coordinates":[[[131.19076,33.61699],[131.19087,33.61708],[131.19086,33.61699],[131.19076,33.61699]]]}},{"type":"Feature","properties":{"A40_001":"大分県","A40_002":"44","A40_003":"1m以上 〜 2m未満"},"geometry":{"type":"Polygon","coordinates":[[[131.1872,33.617],[131.18731,33.61709],[131.18731,33.617],[131.1872,33.617]]]}},{"type":"Feature","properties":{"A40_001":"大分県","A40_002":"44","A40_003":"0.3m以上 〜 1m未満"},"geometry":{"type":"Polygon","coordinates":[[[131.19399,33.6169],[131.19367,33.61726],[131.19399,33.61708],[131.19399,33.6169]]]}},{"type":"Feature","properties":{"A40_001":"大分県","A40_002":"44","A40_003":"0.3m以上 〜 1m未満"},"geometry":{"type":"Polygon","coordinates":[[[131.18709,33.61655],[131.18677,33.617],[131.18774,33.61772],[131.18709,33.61655]],[[131.18709,33.61673],[131.18698,33.61682],[131.18698,33.61673],[131.18709,33.61673]]]}},{"type":"Feature","properties":{"A40_001":"大分県","A40_002":"44","A40_003":"0.3m未満"},"geometry":{"type":"Polygon","coordinates":[[[131.20197,33.61706],[131.20207,33.61715],[131.20207,33.61706],[131.20197,33.61706]]]}},{"type":"Feature","properties":{"A40_001":"大分県","A40_002":"44","A40_003":"0.3m以上 〜 1m未満"},"geometry":{"type":"Polygon","coordinates":[[[131.19809,33.61707],[131.19841,33.61716],[131.19841,33.61707],[131.19809,33.61707]]]}},{"type":"Feature","properties":{"A40_001":"大分県","A40_002":"44","A40_003":"3m以上 〜 4m未満"},"geometry":{"type":"Polygon","coordinates":[[[131.18936,33.61708],[131.18957,33.61717],[131.18957,33.61708],[131.18936,33.61708]]]}},{"type":"Feature","properties":{"A40_001":"大分県","A40_002":"44","A40_003":"3m以上 〜 4m未満"},"geometry":{"type":"Polygon","coordinates":[[[131.19097,33.61708],[131.19087,33.61726],[131.19108,33.61726],[131.19097,33.61708]]]}},{"type":"Feature","properties":{"A40_001":"大分県","A40_002":"44","A40_003":"0.3m以上 〜 1m未満"},"geometry":{"type":"Polygon","coordinates":[[[131.19841,33.61716],[131.19863,33.61725],[131.19862,33.61716],[131.19841,33.61716]]]}},{"type":"Feature","properties":{"A40_001":"大分県","A40_002":"44","A40_003":"0.3m以上 〜 1m未満"},"geometry":{"type":"Polygon","coordinates":[[[131.19119,33.61717],[131.19108,33.61735],[131.19119,33.61735],[131.19119,33.61717]]]}},{"type":"Feature","properties":{"A40_001":"大分県","A40_002":"44","A40_003":"0.3m未満"},"geometry":{"type":"Polygon","coordinates":[[[131.19399,33.61726],[131.19367,33.61744],[131.1941,33.61744],[131.19399,33.61726]]]}},{"type":"Feature","properties":{"A40_001":"大分県","A40_002":"44","A40_003":"0.3m未満"},"geometry":{"type":"Polygon","coordinates":[[[131.19097,33.61726],[131.19108,33.61735],[131.19108,33.61726],[131.19097,33.61726]]]}},{"type":"Feature","properties":{"A40_001":"大分県","A40_002":"44","A40_003":"0.3m以上 〜 1m未満"},"geometry":{"type":"Polygon","coordinates":[[[131.19927,33.61752],[131.20078,33.61725],[131.19873,33.61725],[131.19927,33.61752]]]}},{"type":"Feature","properties":{"A40_001":"大分県","A40_002":"44","A40_003":"0.3m以上 〜 1m未満"},"geometry":{"type":"Polygon","coordinates":[[[131.19356,33.61735],[131.19367,33.61744],[131.19367,33.61735],[131.19356,33.61735]]]}},{"type":"Feature","properties":{"A40_001":"大分県","A40_002":"44","A40_003":"0.3m未満"},"geometry":{"type":"Polygon","coordinates":[[[131.19345,33.61735],[131.19356,33.61744],[131.19356,33.61735],[131.19345,33.61735]]]}},{"type":"Feature","properties":{"A40_001":"大分県","A40_002":"44","A40_003":"3m以上 〜 4m未満"},"geometry":{"type":"Polygon","coordinates":[[[131.19108,33.61735],[131.19119,33.61744],[131.19119,33.61735],[131.19108,33.61735]]]}},{"type":"Feature","properties":{"A40_001":"大分県","A40_002":"44","A40_003":"1m以上 〜 2m未満"},"geometry":{"type":"Polygon","coordinates":[[[131.18752,33.61736],[131.18763,33.61745],[131.18763,33.61736],[131.18752,33.61736]]]}},{"type":"Feature","properties":{"A40_001":"大分県","A40_002":"44","A40_003":"0.3m以上 〜 1m未満"},"geometry":{"type":"Polygon","coordinates":[[[131.1913,33.61735],[131.19119,33.61753],[131.1913,33.61753],[131.1913,33.61735]]]}},{"type":"Feature","properties":{"A40_001":"大分県","A40_002":"44","A40_003":"0.3m未満"},"geometry":{"type":"Polygon","coordinates":[[[131.19324,33.61744],[131.19334,33.61753],[131.19334,33.61744],[131.19324,33.61744]]]}},{"type":"Feature","properties":{"A40_001":"大分県","A40_002":"44","A40_003":"0.3m以上 〜 1m未満"},"geometry":{"type":"Polygon","coordinates":[[[131.19313,33.61744],[131.19324,33.61753],[131.19324,33.61744],[131.19313,33.61744]]]}},{"type":"Feature","properties":{"A40_001":"大分県","A40_002":"44","A40_003":"3m以上 〜 4m未満"},"geometry":{"type":"Polygon","coordinates":[[[131.18946,33.61744],[131.18957,33.61753],[131.18957,33.61744],[131.18946,33.61744]]]}},{"type":"Feature","properties":{"A40_001":"大分県","A40_002":"44","A40_003":"1m以上 〜 2m未満"},"geometry":{"type":"Polygon","coordinates":[[[131.19367,33.61744],[131.19356,33.61762],[131.19367,33.61762],[131.19367,33.61744]]]}},{"type":"Feature","properties":{"A40_001":"大分県","A40_002":"44","A40_003":"1m以上 〜 2m未満"},"geometry":{"type":"Polygon","coordinates":[[[131.19108,33.61762],[131.19097,33.61744],[131.19087,33.61762],[131.19108,33.61762]]]}},{"type":"Feature","properties":{"A40_001":"大分県","A40_002":"44","A40_003":"0.3m以上 〜 1m未満"},"geometry":{"type":"Polygon","coordinates":[[[131.19108,33.61753],[131.19119,33.61762],[131.19119,33.61753],[131.19108,33.61753]]]}},{"type":"Feature","properties":{"A40_001":"大分県","A40_002":"44","A40_003":"0.3m以上 〜 1m未満"},"geometry":{"type":"Polygon","coordinates":[[[131.18774,33.61763],[131.18806,33.61754],[131.18774,33.61754],[131.18774,33.61763]]]}},{"type":"Feature","properties":{"A40_001":"大分県","A40_002":"44","A40_003":"1m以上 〜 2m未満"},"geometry":{"type":"Polygon","coordinates":[[[131.18763,33.61754],[131.18774,33.61763],[131.18774,33.61754],[131.18763,33.61754]]]}},{"type":"Feature","properties":{"A40_001":"大分県","A40_002":"44","A40_003":"0.3m未満"},"geometry":{"type":"Polygon","coordinates":[[[131.1941,33.61753],[131.19388,33.61771],[131.1941,33.61771],[131.1941,33.61753]]]}},{"type":"Feature","properties":{"A40_001":"大分県","A40_002":"44","A40_003":"0.3m以上 〜 1m未満"},"geometry":{"type":"Polygon","coordinates":[[[131.19087,33.61762],[131.19108,33.61771],[131.19108,33.61762],[131.19087,33.61762]]]}},{"type":"Feature","properties":{"A40_001":"大分県","A40_002":"44","A40_003":"1m以上 〜 2m未満"},"geometry":{"type":"Polygon","coordinates":[[[131.19076,33.61762],[131.19087,33.61771],[131.19087,33.61762],[131.19076,33.61762]]]}},{"type":"Feature","properties":{"A40_001":"大分県","A40_002":"44","A40_003":"3m以上 〜 4m未満"},"geometry":{"type":"Polygon","coordinates":[[[131.18936,33.61763],[131.18947,33.61772],[131.18947,33.61762],[131.18936,33.61763]]]}},{"type":"Feature","properties":{"A40_001":"大分県","A40_002":"44","A40_003":"2m以上 〜 3m未満"},"geometry":{"type":"Polygon","coordinates":[[[131.19076,33.61762],[131.19054,33.6178],[131.19076,33.6178],[131.19076,33.61762]]]}},{"type":"Feature","properties":{"A40_001":"大分県","A40_002":"44","A40_003":"0.3m以上 〜 1m未満"},"geometry":{"type":"Polygon","coordinates":[[[131.19076,33.61771],[131.19087,33.6178],[131.19087,33.61771],[131.19076,33.61771]]]}},{"type":"Feature","properties":{"A40_001":"大分県","A40_002":"44","A40_003":"0.3m未満"},"geometry":{"type":"Polygon","coordinates":[[[131.1927,33.61744],[131.19291,33.61807],[131.19345,33.61825],[131.19324,33.61753],[131.1927,33.61744]]]}},{"type":"Feature","properties":{"A40_001":"大分県","A40_002":"44","A40_003":"0.3m以上 〜 1m未満"},"geometry":{"type":"Polygon","coordinates":[[[131.1941,33.61771],[131.19334,33.61744],[131.19313,33.61807],[131.19367,33.61825],[131.19367,33.61771],[131.1941,33.61771]]]}},{"type":"Feature","properties":{"A40_001":"大分県","A40_002":"44","A40_003":"0.3m以上 〜 1m未満"},"geometry":{"type":"Polygon","coordinates":[[[131.19054,33.61789],[131.19076,33.6178],[131.19054,33.6178],[131.19054,33.61789]]]}},{"type":"Feature","properties":{"A40_001":"大分県","A40_002":"44","A40_003":"1m以上 〜 2m未満"},"geometry":{"type":"Polygon","coordinates":[[[131.19033,33.6178],[131.19054,33.61789],[131.19054,33.6178],[131.19033,33.6178]]]}},{"type":"Feature","properties":{"A40_001":"大分県","A40_002":"44","A40_003":"3m以上 〜 4m未満"},"geometry":{"type":"Polygon","coordinates":[[[131.18947,33.61781],[131.18957,33.6179],[131.18957,33.61781],[131.18947,33.61781]]]}},{"type":"Feature","properties":{"A40_001":"大分県","A40_002":"44","A40_003":"1m以上 〜 2m未満"},"geometry":{"type":"Polygon","coordinates":[[[131.19388,33.61798],[131.19356,33.61816],[131.19378,33.61816],[131.19388,33.61798]]]}},{"type":"Feature","properties":{"A40_001":"大分県","A40_002":"44","A40_003":"0.3m以上 〜 1m未満"},"geometry":{"type":"Polygon","coordinates":[[[131.19033,33.61789],[131.19054,33.61798],[131.19054,33.61789],[131.19033,33.61789]]]}},{"type":"Feature","properties":{"A40_001":"大分県","A40_002":"44","A40_003":"1m以上 〜 2m未満"},"geometry":{"type":"Polygon","coordinates":[[[131.19022,33.61789],[131.19033,33.61798],[131.19033,33.61789],[131.19022,33.61789]]]}},{"type":"Feature","properties":{"A40_001":"大分県","A40_002":"44","A40_003":"3m以上 〜 4m未満"},"geometry":{"type":"Polygon","coordinates":[[[131.18774,33.6179],[131.18785,33.61799],[131.18785,33.6179],[131.18774,33.6179]]]}},{"type":"Feature","properties":{"A40_001":"大分県","A40_002":"44","A40_003":"0.3m未満"},"geometry":{"type":"Polygon","coordinates":[[[131.19388,33.61798],[131.19399,33.61807],[131.19399,33.61798],[131.19388,33.61798]]]}},{"type":"Feature","properties":{"A40_001":"大分県","A40_002":"44","A40_003":"0.3m以上 〜 1m未満"},"geometry":{"type":"Polygon","coordinates":[[[131.19022,33.61798],[131.19033,33.61807],[131.19033,33.61798],[131.19022,33.61798]]]}},{"type":"Feature","properties":{"A40_001":"大分県","A40_002":"44","A40_003":"1m以上 〜 2m未満"},"geometry":{"type":"Polygon","coordinates":[[[131.19001,33.61807],[131.19022,33.61798],[131.19,33.61798],[131.19001,33.61807]]]}},{"type":"Feature","properties":{"A40_001":"大分県","A40_002":"44","A40_003":"0.3m未満"},"geometry":{"type":"Polygon","coordinates":[[[131.18753,33.61799],[131.18763,33.61808],[131.18763,33.61799],[131.18753,33.61799]]]}},{"type":"Feature","properties":{"A40_001":"大分県","A40_002":"44","A40_003":"2m以上 〜 3m未満"},"geometry":{"type":"Polygon","coordinates":[[[131.19399,33.61807],[131.1941,33.61816],[131.1941,33.61807],[131.19399,33.61807]]]}},{"type":"Feature","properties":{"A40_001":"大分県","A40_002":"44","A40_003":"0.3m未満"},"geometry":{"type":"Polygon","coordinates":[[[131.19378,33.61807],[131.19389,33.61816],[131.19388,33.61807],[131.19378,33.61807]]]}},{"type":"Feature","properties":{"A40_001":"大分県","A40_002":"44","A40_003":"0.3m以上 〜 1m未満"},"geometry":{"type":"Polygon","coordinates":[[[131.19001,33.61807],[131.19022,33.61816],[131.19022,33.61807],[131.19001,33.61807]]]}},{"type":"Feature","properties":{"A40_001":"大分県","A40_002":"44","A40_003":"1m以上 〜 2m未満"},"geometry":{"type":"Polygon","coordinates":[[[131.18979,33.61808],[131.19001,33.61817],[131.19001,33.61807],[131.18979,33.61808]]]}},{"type":"Feature","properties":{"A40_001":"大分県","A40_002":"44","A40_003":"4m以上 〜 5m未満"},"geometry":{"type":"Polygon","coordinates":[[[131.18742,33.61808],[131.18753,33.61817],[131.18753,33.61808],[131.18742,33.61808]]]}},{"type":"Feature","properties":{"A40_001":"大分県","A40_002":"44","A40_003":"2m以上 〜 3m未満"},"geometry":{"type":"Polygon","coordinates":[[[131.19378,33.61816],[131.19389,33.61825],[131.19389,33.61816],[131.19378,33.61816]]]}},{"type":"Feature","properties":{"A40_001":"大分県","A40_002":"44","A40_003":"0.3m以上 〜 1m未満"},"geometry":{"type":"Polygon","coordinates":[[[131.18979,33.61817],[131.19001,33.61826],[131.19001,33.61817],[131.18979,33.61817]]]}},{"type":"Feature","properties":{"A40_001":"大分県","A40_002":"44","A40_003":"1m以上 〜 2m未満"},"geometry":{"type":"Polygon","coordinates":[[[131.18968,33.61817],[131.18979,33.61826],[131.18979,33.61817],[131.18968,33.61817]]]}},{"type":"Feature","properties":{"A40_001":"大分県","A40_002":"44","A40_003":"2m以上 〜 3m未満"},"geometry":{"type":"Polygon","coordinates":[[[131.19356,33.61825],[131.19378,33.61834],[131.19378,33.61825],[131.19356,33.61825]]]}},{"type":"Feature","properties":{"A40_001":"大分県","A40_002":"44","A40_003":"0.3m未満"},"geometry":{"type":"Polygon","coordinates":[[[131.19345,33.61825],[131.19356,33.61834],[131.19356,33.61825],[131.19345,33.61825]]]}},{"type":"Feature","properties":{"A40_001":"大分県","A40_002":"44","A40_003":"0.3m以上 〜 1m未満"},"geometry":{"type":"Polygon","coordinates":[[[131.19324,33.61825],[131.19345,33.61834],[131.19345,33.61825],[131.19324,33.61825]]]}},{"type":"Feature","properties":{"A40_001":"大分県","A40_002":"44","A40_003":"0.3m以上 〜 1m未満"},"geometry":{"type":"Polygon","coordinates":[[[131.18968,33.61826],[131.18979,33.61835],[131.18979,33.61826],[131.18968,33.61826]]]}},{"type":"Feature","properties":{"A40_001":"大分県","A40_002":"44","A40_003":"1m以上 〜 2m未満"},"geometry":{"type":"Polygon","coordinates":[[[131.18947,33.61826],[131.18968,33.61835],[131.18968,33.61826],[131.18947,33.61826]]]}},{"type":"Feature","properties":{"A40_001":"大分県","A40_002":"44","A40_003":"2m以上 〜 3m未満"},"geometry":{"type":"Polygon","coordinates":[[[131.19345,33.61834],[131.19356,33.61843],[131.19356,33.61834],[131.19345,33.61834]]]}},{"type":"Feature","properties":{"A40_001":"大分県","A40_002":"44","A40_003":"0.3m未満"},"geometry":{"type":"Polygon","coordinates":[[[131.19313,33.61843],[131.19335,33.61834],[131.19313,33.61834],[131.19313,33.61843]]]}},{"type":"Feature","properties":{"A40_001":"大分県","A40_002":"44","A40_003":"0.3m以上 〜 1m未満"},"geometry":{"type":"Polygon","coordinates":[[[131.18947,33.61835],[131.18958,33.61853],[131.18968,33.61835],[131.18947,33.61835]]]}},{"type":"Feature","properties":{"A40_001":"大分県","A40_002":"44","A40_003":"1m以上 〜 2m未満"},"geometry":{"type":"Polygon","coordinates":[[[131.18947,33.61835],[131.18936,33.61853],[131.18947,33.61853],[131.18947,33.61835]]]}},{"type":"Feature","properties":{"A40_001":"大分県","A40_002":"44","A40_003":"2m以上 〜 3m未満"},"geometry":{"type":"Polygon","coordinates":[[[131.19324,33.61843],[131.19335,33.61852],[131.19335,33.61843],[131.19324,33.61843]]]}},{"type":"Feature","properties":{"A40_001":"大分県","A40_002":"44","A40_003":"2m以上 〜 3m未満"},"geometry":{"type":"Polygon","coordinates":[[[131.18914,33.61853],[131.18936,33.61844],[131.18914,33.61844],[131.18914,33.61853]]]}},{"type":"Feature","properties":{"A40_001":"大分県","A40_002":"44","A40_003":"2m以上 〜 3m未満"},"geometry":{"type":"Polygon","coordinates":[[[131.19313,33.61852],[131.19324,33.61861],[131.19324,33.61852],[131.19313,33.61852]]]}},{"type":"Feature","properties":{"A40_001":"大分県","A40_002":"44","A40_003":"0.3m以上 〜 1m未満"},"geometry":{"type":"Polygon","coordinates":[[[131.18914,33.61853],[131.18936,33.61862],[131.18936,33.61853],[131.18914,33.61853]]]}},{"type":"Feature","properties":{"A40_001":"大分県","A40_002":"44","A40_003":"2m以上 〜 3m未満"},"geometry":{"type":"Polygon","coordinates":[[[131.18904,33.61853],[131.18914,33.61862],[131.18914,33.61853],[131.18904,33.61853]]]}},{"type":"Feature","properties":{"A40_001":"大分県","A40_002":"44","A40_003":"2m以上 〜 3m未満"},"geometry":{"type":"Polygon","coordinates":[[[131.19292,33.61861],[131.19302,33.6187],[131.19302,33.61861],[131.19292,33.61861]]]}},{"type":"Feature","properties":{"A40_001":"大分県","A40_002":"44","A40_003":"2m以上 〜 3m未満"},"geometry":{"type":"Polygon","coordinates":[[[131.18882,33.61862],[131.18893,33.61871],[131.18893,33.61862],[131.18882,33.61862]]]}},{"type":"Feature","properties":{"A40_001":"大分県","A40_002":"44","A40_003":"0.3m以上 〜 1m未満"},"geometry":{"type":"Polygon","coordinates":[[[131.18904,33.61862],[131.18882,33.6188],[131.18904,33.6188],[131.18904,33.61862]]]}},{"type":"Feature","properties":{"A40_001":"大分県","A40_002":"44","A40_003":"2m以上 〜 3m未満"},"geometry":{"type":"Polygon","coordinates":[[[131.19281,33.6187],[131.19292,33.61879],[131.19292,33.6187],[131.19281,33.6187]]]}},{"type":"Feature","properties":{"A40_001":"大分県","A40_002":"44","A40_003":"2m以上 〜 3m未満"},"geometry":{"type":"Polygon","coordinates":[[[131.18871,33.61871],[131.18882,33.6188],[131.18882,33.61871],[131.18871,33.61871]]]}},{"type":"Feature","properties":{"A40_001":"大分県","A40_002":"44","A40_003":"2m以上 〜 3m未満"},"geometry":{"type":"Polygon","coordinates":[[[131.19259,33.61879],[131.1927,33.61888],[131.1927,33.61879],[131.19259,33.61879]]]}},{"type":"Feature","properties":{"A40_001":"大分県","A40_002":"44","A40_003":"0.3m以上 〜 1m未満"},"geometry":{"type":"Polygon","coordinates":[[[131.18871,33.6188],[131.18882,33.61889],[131.18882,33.6188],[131.18871,33.6188]]]}},{"type":"Feature","properties":{"A40_001":"大分県","A40_002":"44","A40_003":"1m以上 〜 2m未満"},"geometry":{"type":"Polygon","coordinates":[[[131.18861,33.6188],[131.18871,33.61889],[131.18871,33.6188],[131.18861,33.6188]]]}},{"type":"Feature","properties":{"A40_001":"大分県","A40_002":"44","A40_003":"2m以上 〜 3m未満"},"geometry":{"type":"Polygon","coordinates":[[[131.1885,33.6188],[131.18861,33.61889],[131.18861,33.6188],[131.1885,33.6188]]]}},{"type":"Feature","properties":{"A40_001":"大分県","A40_002":"44","A40_003":"2m以上 〜 3m未満"},"geometry":{"type":"Polygon","coordinates":[[[131.19249,33.61888],[131.19259,33.61897],[131.19259,33.61888],[131.19249,33.61888]]]}},{"type":"Feature","properties":{"A40_001":"大分県","A40_002":"44","A40_003":"0.3m以上 〜 1m未満"},"geometry":{"type":"Polygon","coordinates":[[[131.1885,33.61889],[131.18861,33.61898],[131.18861,33.61889],[131.1885,33.61889]]]}},{"type":"Feature","properties":{"A40_001":"大分県","A40_002":"44","A40_003":"2m以上 〜 3m未満"},"geometry":{"type":"Polygon","coordinates":[[[131.19227,33.61897],[131.19238,33.61906],[131.19238,33.61897],[131.19227,33.61897]]]}},{"type":"Feature","properties":{"A40_001":"大分県","A40_002":"44","A40_003":"2m以上 〜 3m未満"},"geometry":{"type":"Polygon","coordinates":[[[131.19206,33.61906],[131.19216,33.61915],[131.19216,33.61906],[131.19206,33.61906]]]}},{"type":"Feature","properties":{"A40_001":"大分県","A40_002":"44","A40_003":"2m以上 〜 3m未満"},"geometry":{"type":"Polygon","coordinates":[[[131.1885,33.61898],[131.18839,33.61925],[131.1885,33.61925],[131.1885,33.61898]]]}},{"type":"Feature","properties":{"A40_001":"大分県","A40_002":"44","A40_003":"2m以上 〜 3m未満"},"geometry":{"type":"Polygon","coordinates":[[[131.19195,33.61915],[131.19206,33.61924],[131.19206,33.61915],[131.19195,33.61915]]]}},{"type":"Feature","properties":{"A40_001":"大分県","A40_002":"44","A40_003":"2m以上 〜 3m未満"},"geometry":{"type":"Polygon","coordinates":[[[131.19173,33.61924],[131.19184,33.61933],[131.19184,33.61924],[131.19173,33.61924]]]}},{"type":"Feature","properties":{"A40_001":"大分県","A40_002":"44","A40_003":"2m以上 〜 3m未満"},"geometry":{"type":"Polygon","coordinates":[[[131.19162,33.61933],[131.19173,33.61942],[131.19173,33.61933],[131.19162,33.61933]]]}},{"type":"Feature","properties":{"A40_001":"大分県","A40_002":"44","A40_003":"2m以上 〜 3m未満"},"geometry":{"type":"Polygon","coordinates":[[[131.1885,33.61934],[131.18871,33.61943],[131.18871,33.61934],[131.1885,33.61934]]]}},{"type":"Feature","properties":{"A40_001":"大分県","A40_002":"44","A40_003":"2m以上 〜 3m未満"},"geometry":{"type":"Polygon","coordinates":[[[131.19141,33.61943],[131.19152,33.61952],[131.19152,33.61943],[131.19141,33.61943]]]}},{"type":"Feature","properties":{"A40_001":"大分県","A40_002":"44","A40_003":"2m以上 〜 3m未満"},"geometry":{"type":"Polygon","coordinates":[[[131.19109,33.61961],[131.19119,33.6197],[131.19119,33.61961],[131.19109,33.61961]]]}},{"type":"Feature","properties":{"A40_001":"大分県","A40_002":"44","A40_003":"3m以上 〜 4m未満"},"geometry":{"type":"Polygon","coordinates":[[[131.18915,33.6197],[131.18947,33.61961],[131.18915,33.61961],[131.18915,33.6197]]]}},{"type":"Feature","properties":{"A40_001":"大分県","A40_002":"44","A40_003":"2m以上 〜 3m未満"},"geometry":{"type":"Polygon","coordinates":[[[131.19087,33.6197],[131.19098,33.61979],[131.19098,33.6197],[131.19087,33.6197]]]}},{"type":"Feature","properties":{"A40_001":"大分県","A40_002":"44","A40_003":"3m以上 〜 4m未満"},"geometry":{"type":"Polygon","coordinates":[[[131.19001,33.6197],[131.19022,33.61979],[131.19022,33.6197],[131.19001,33.6197]]]}},{"type":"Feature","properties":{"A40_001":"大分県","A40_002":"44","A40_003":"2m以上 〜 3m未満"},"geometry":{"type":"Polygon","coordinates":[[[131.19076,33.61979],[131.19087,33.61988],[131.19087,33.61979],[131.19076,33.61979]]]}}]}